/Users/rajkumarmeena/matka-site/server/actions/run-results.sh:5: command not found: node
[live] wrote "live_results.json" (29/29 markets, 215872 bytes)
failed to get: -128
fatal: could not read Username for 'https://github.com': Device not configured
[live] wrote "live_results.json" (29/29 markets, 215872 bytes)
[live] wrote "live_results.json" (29/29 markets, 215991 bytes)
failed to get: -60008
fatal: could not read Username for 'https://github.com': Device not configured
[live] wrote "live_results.json" (29/29 markets, 216348 bytes)
failed to get: -60008
fatal: could not read Username for 'https://github.com': Device not configured
[live] wrote "live_results.json" (29/29 markets, 217062 bytes)
failed to get: -128
fatal: could not read Username for 'https://github.com': Device not configured
[live] wrote "live_results.json" (29/29 markets, 217300 bytes)
failed to get: -128
fatal: could not read Username for 'https://github.com': Device not configured
[live] wrote "live_results.json" (29/29 markets, 217419 bytes)
[live] wrote "live_results.json" (29/29 markets, 217538 bytes)
18:42:07 tunnel: restarted
18:42:54 tunnel: new url https://facial-stakeholders-objectives-roulette.trycloudflare.com (published)
publish-url: published https://facial-stakeholders-objectives-roulette.trycloudflare.com
publish-url: unchanged https://facial-stakeholders-objectives-roulette.trycloudflare.com
18:52:09 tunnel: new url https://responsible-displayed-her-network.trycloudflare.com (published)
auto-push failed: remote: Invalid username or token. Password authentication is not supported for Git operations.
[live] wrote "live_results.json" (29/29 markets, 217657 bytes)
/Users/rajkumarmeena/matka-site/server/actions/publish-url.sh: line 17: node: command not found
publish-url: published https://responsible-displayed-her-network.trycloudflare.com
auto-push failed: remote: Invalid username or token. Password authentication is not supported for Git operations.
publish-url: published https://responsible-displayed-her-network.trycloudflare.com
auto-push ok 18:56
publish-url: unchanged https://responsible-displayed-her-network.trycloudflare.com
auto-push ok 19:13
[live] wrote "live_results.json" (29/29 markets, 217657 bytes)
publish-url: unchanged https://responsible-displayed-her-network.trycloudflare.com
auto-push ok 19:14
auto-push ok 19:21
[live] wrote "live_results.json" (29/29 markets, 217657 bytes)
publish-url: unchanged https://responsible-displayed-her-network.trycloudflare.com
auto-push ok 19:21
[live] wrote "live_results.json" (29/29 markets, 217657 bytes)
publish-url: unchanged https://responsible-displayed-her-network.trycloudflare.com
auto-push ok 19:23
[live] wrote "live_results.json" (29/29 markets, 217657 bytes)
publish-url: unchanged https://responsible-displayed-her-network.trycloudflare.com
auto-push ok 19:25
auto-push ok 19:26
[live] wrote "live_results.json" (29/29 markets, 217657 bytes)
publish-url: unchanged https://responsible-displayed-her-network.trycloudflare.com
auto-push ok 19:27
[live] wrote "live_results.json" (29/29 markets, 217657 bytes)
publish-url: unchanged https://responsible-displayed-her-network.trycloudflare.com
auto-push ok 19:29
[live] wrote "live_results.json" (29/29 markets, 217657 bytes)
publish-url: unchanged https://responsible-displayed-her-network.trycloudflare.com
auto-push ok 19:31
[live] wrote "live_results.json" (29/29 markets, 217657 bytes)
publish-url: unchanged https://responsible-displayed-her-network.trycloudflare.com
auto-push ok 19:33
[live] wrote "live_results.json" (29/29 markets, 217657 bytes)
publish-url: unchanged https://responsible-displayed-her-network.trycloudflare.com
auto-push ok 19:35
[live] wrote "live_results.json" (29/29 markets, 217657 bytes)
publish-url: unchanged https://responsible-displayed-her-network.trycloudflare.com
auto-push ok 19:37
[live] wrote "live_results.json" (29/29 markets, 217657 bytes)
publish-url: unchanged https://responsible-displayed-her-network.trycloudflare.com
auto-push ok 19:40
[live] wrote "live_results.json" (29/29 markets, 217657 bytes)
publish-url: unchanged https://responsible-displayed-her-network.trycloudflare.com
auto-push ok 19:42
[live] wrote "live_results.json" (29/29 markets, 217657 bytes)
publish-url: unchanged https://responsible-displayed-her-network.trycloudflare.com
auto-push ok 19:44
[live] wrote "live_results.json" (29/29 markets, 217657 bytes)
publish-url: unchanged https://responsible-displayed-her-network.trycloudflare.com
auto-push ok 19:46
[live] wrote "live_results.json" (29/29 markets, 217657 bytes)
publish-url: unchanged https://responsible-displayed-her-network.trycloudflare.com
auto-push ok 19:48
[live] wrote "live_results.json" (29/29 markets, 217657 bytes)
publish-url: unchanged https://responsible-displayed-her-network.trycloudflare.com
auto-push ok 19:50
[live] kamal-day failed: The operation was aborted due to timeout
[live] kamal-night failed: The operation was aborted due to timeout
[live] madhur-morning failed: The operation was aborted due to timeout
[live] madhur-day failed: fetch failed
[live] wrote "live_results.json" (25/29 markets, 217776 bytes)
publish-url: unchanged https://responsible-displayed-her-network.trycloudflare.com
auto-push ok 20:16
[live] milan-day failed: The operation was aborted due to timeout
[live] kalyan-main failed: The operation was aborted due to timeout
[live] sita-night failed: fetch failed
[live] wrote "live_results.json" (26/29 markets, 218014 bytes)
publish-url: unchanged https://responsible-displayed-her-network.trycloudflare.com
auto-push ok 20:39
[live] wrote "live_results.json" (29/29 markets, 218014 bytes)
publish-url: unchanged https://responsible-displayed-her-network.trycloudflare.com
auto-push ok 20:41
[live] star-tara-night failed: The operation was aborted due to timeout
[live] milan-night failed: The operation was aborted due to timeout
[live] kalyan-night failed: fetch failed
[live] wrote "live_results.json" (26/29 markets, 218014 bytes)
publish-url: unchanged https://responsible-displayed-her-network.trycloudflare.com
auto-push ok 20:54
[live] wrote "live_results.json" (29/29 markets, 218014 bytes)
publish-url: unchanged https://responsible-displayed-her-network.trycloudflare.com
auto-push ok 20:56
[live] wrote "live_results.json" (29/29 markets, 218014 bytes)
publish-url: unchanged https://responsible-displayed-her-network.trycloudflare.com
auto-push ok 20:58
[live] wrote "live_results.json" (29/29 markets, 218014 bytes)
publish-url: unchanged https://responsible-displayed-her-network.trycloudflare.com
auto-push ok 21:00
[live] wrote "live_results.json" (29/29 markets, 218014 bytes)
publish-url: unchanged https://responsible-displayed-her-network.trycloudflare.com
auto-push ok 21:02
[live] wrote "live_results.json" (29/29 markets, 218014 bytes)
publish-url: unchanged https://responsible-displayed-her-network.trycloudflare.com
auto-push ok 21:04
[live] star-tara-day failed: The operation was aborted due to timeout
[live] milan-day failed: The operation was aborted due to timeout
[live] kalyan-main failed: The operation was aborted due to timeout
[live] sita-night failed: fetch failed
[live] time-bazar failed: The operation was aborted due to timeout
[live] wrote "live_results.json" (24/29 markets, 218014 bytes)
publish-url: unchanged https://responsible-displayed-her-network.trycloudflare.com
auto-push ok 21:46
[live] kalyan-morning failed: The operation was aborted due to timeout
[live] sita-day failed: The operation was aborted due to timeout
[live] star-tara-day failed: fetch failed
[live] time-bazar failed: The operation was aborted due to timeout
[live] wrote "live_results.json" (25/29 markets, 218014 bytes)
publish-url: unchanged https://responsible-displayed-her-network.trycloudflare.com
auto-push ok 22:36
[live] kalyan-morning failed: The operation was aborted due to timeout
[live] sita-day failed: The operation was aborted due to timeout
[live] star-tara-day failed: fetch failed
[live] mahadevi failed: The operation was aborted due to timeout
[live] time-bazar failed: The operation was aborted due to timeout
[live] wrote "live_results.json" (24/29 markets, 218252 bytes)
publish-url: unchanged https://responsible-displayed-her-network.trycloudflare.com
auto-push ok 23:16
[live] sita-day failed: The operation was aborted due to timeout
[live] star-tara-day failed: The operation was aborted due to timeout
[live] milan-day failed: fetch failed
[live] andhra-day failed: The operation was aborted due to timeout
[live] andhra-night failed: The operation was aborted due to timeout
[live] kamal-morning failed: fetch failed
[live] rajdhani-day failed: The operation was aborted due to timeout
[live] rajdhani-night failed: The operation was aborted due to timeout
[live] supreme-day failed: fetch failed
[live] wrote "live_results.json" (20/29 markets, 218609 bytes)
publish-url: unchanged https://responsible-displayed-her-network.trycloudflare.com
auto-push ok 00:42
[live] andhra-morning failed: The operation was aborted due to timeout
[live] andhra-day failed: fetch failed
[live] supreme-day failed: The operation was aborted due to timeout
[live] supreme-night failed: The operation was aborted due to timeout
[live] mahadevi failed: fetch failed
[live] wrote "live_results.json" (24/29 markets, 218728 bytes)
publish-url: unchanged https://responsible-displayed-her-network.trycloudflare.com
auto-push ok 01:51
[live] kamal-day failed: The operation was aborted due to timeout
[live] kamal-night failed: The operation was aborted due to timeout
[live] madhur-morning failed: fetch failed
[live] madhur-day failed: fetch failed
[live] rajdhani-day failed: fetch failed
[live] rajdhani-night failed: fetch failed
[live] supreme-day failed: fetch failed
[live] supreme-night failed: fetch failed
[live] mahadevi failed: fetch failed
[live] time-bazar failed: fetch failed
[live] wrote "live_results.json" (19/29 markets, 218728 bytes)
publish-url: unchanged https://responsible-displayed-her-network.trycloudflare.com
auto-push failed: fatal: unable to access 'https://github.com/rm3013760-bit/matka-site.git/': Resolving timed out after 2316033 milliseconds
[live] kalyan-night failed: The operation was aborted due to timeout
[live] main-bazar failed: The operation was aborted due to timeout
[live] andhra-morning failed: fetch failed
[live] wrote "live_results.json" (26/29 markets, 218728 bytes)
publish-url: unchanged https://responsible-displayed-her-network.trycloudflare.com
auto-push ok 08:05
[live] wrote "live_results.json" (29/29 markets, 218728 bytes)
publish-url: unchanged https://responsible-displayed-her-network.trycloudflare.com
auto-push ok 08:06
[live] wrote "live_results.json" (29/29 markets, 218728 bytes)
publish-url: unchanged https://responsible-displayed-her-network.trycloudflare.com
auto-push ok 08:07
[live] wrote "live_results.json" (29/29 markets, 218728 bytes)
publish-url: unchanged https://responsible-displayed-her-network.trycloudflare.com
auto-push ok 08:08
[live] wrote "live_results.json" (29/29 markets, 218728 bytes)
publish-url: unchanged https://responsible-displayed-her-network.trycloudflare.com
auto-push ok 08:09
[live] wrote "live_results.json" (29/29 markets, 218728 bytes)
publish-url: unchanged https://responsible-displayed-her-network.trycloudflare.com
auto-push ok 08:10
[live] wrote "live_results.json" (29/29 markets, 218728 bytes)
publish-url: unchanged https://responsible-displayed-her-network.trycloudflare.com
auto-push ok 08:11
[live] wrote "live_results.json" (29/29 markets, 218728 bytes)
publish-url: unchanged https://responsible-displayed-her-network.trycloudflare.com
auto-push ok 08:14
auto-push ok 08:14
[live] wrote "live_results.json" (29/29 markets, 218728 bytes)
publish-url: unchanged https://responsible-displayed-her-network.trycloudflare.com
auto-push ok 08:22
[live] wrote "live_results.json" (29/29 markets, 218728 bytes)
publish-url: unchanged https://responsible-displayed-her-network.trycloudflare.com
auto-push ok 08:25
[live] wrote "live_results.json" (29/29 markets, 218728 bytes)
publish-url: unchanged https://responsible-displayed-her-network.trycloudflare.com
auto-push ok 08:29
[live] wrote "live_results.json" (29/29 markets, 218728 bytes)
publish-url: unchanged https://responsible-displayed-her-network.trycloudflare.com
auto-push ok 08:32
[live] wrote "live_results.json" (29/29 markets, 218728 bytes)
publish-url: unchanged https://responsible-displayed-her-network.trycloudflare.com
auto-push ok 08:35
[live] wrote "live_results.json" (29/29 markets, 218728 bytes)
publish-url: unchanged https://responsible-displayed-her-network.trycloudflare.com
auto-push ok 08:38
[live] wrote "live_results.json" (29/29 markets, 218728 bytes)
publish-url: unchanged https://responsible-displayed-her-network.trycloudflare.com
auto-push ok 08:41
[live] wrote "live_results.json" (29/29 markets, 218728 bytes)
publish-url: unchanged https://responsible-displayed-her-network.trycloudflare.com
auto-push ok 08:44
[live] wrote "live_results.json" (29/29 markets, 218728 bytes)
publish-url: unchanged https://responsible-displayed-her-network.trycloudflare.com
auto-push ok 08:47
[live] wrote "live_results.json" (29/29 markets, 218728 bytes)
publish-url: unchanged https://responsible-displayed-her-network.trycloudflare.com
auto-push ok 08:50
[live] wrote "live_results.json" (29/29 markets, 218728 bytes)
publish-url: unchanged https://responsible-displayed-her-network.trycloudflare.com
auto-push ok 08:53
[live] wrote "live_results.json" (29/29 markets, 218728 bytes)
publish-url: unchanged https://responsible-displayed-her-network.trycloudflare.com
auto-push ok 08:56
[live] wrote "live_results.json" (29/29 markets, 218728 bytes)
publish-url: unchanged https://responsible-displayed-her-network.trycloudflare.com
auto-push ok 09:00
[live] wrote "live_results.json" (29/29 markets, 218728 bytes)
publish-url: unchanged https://responsible-displayed-her-network.trycloudflare.com
auto-push ok 09:03
[live] wrote "live_results.json" (29/29 markets, 218728 bytes)
publish-url: unchanged https://responsible-displayed-her-network.trycloudflare.com
auto-push ok 09:06
[live] wrote "live_results.json" (29/29 markets, 218728 bytes)
publish-url: unchanged https://responsible-displayed-her-network.trycloudflare.com
auto-push ok 09:09
[live] wrote "live_results.json" (29/29 markets, 218728 bytes)
publish-url: unchanged https://responsible-displayed-her-network.trycloudflare.com
auto-push ok 09:12
[live] wrote "live_results.json" (29/29 markets, 218728 bytes)
publish-url: unchanged https://responsible-displayed-her-network.trycloudflare.com
auto-push ok 09:15
[live] wrote "live_results.json" (29/29 markets, 218728 bytes)
publish-url: unchanged https://responsible-displayed-her-network.trycloudflare.com
auto-push ok 09:18
[live] wrote "live_results.json" (29/29 markets, 218728 bytes)
publish-url: unchanged https://responsible-displayed-her-network.trycloudflare.com
auto-push ok 09:21
[live] wrote "live_results.json" (29/29 markets, 218728 bytes)
publish-url: unchanged https://responsible-displayed-her-network.trycloudflare.com
auto-push ok 09:24
[live] wrote "live_results.json" (29/29 markets, 218728 bytes)
publish-url: unchanged https://responsible-displayed-her-network.trycloudflare.com
auto-push ok 09:27
[live] wrote "live_results.json" (29/29 markets, 218728 bytes)
publish-url: unchanged https://responsible-displayed-her-network.trycloudflare.com
auto-push ok 09:31
[live] wrote "live_results.json" (29/29 markets, 218728 bytes)
publish-url: unchanged https://responsible-displayed-her-network.trycloudflare.com
auto-push ok 09:34
[live] wrote "live_results.json" (29/29 markets, 218728 bytes)
publish-url: unchanged https://responsible-displayed-her-network.trycloudflare.com
auto-push ok 09:37
[live] wrote "live_results.json" (29/29 markets, 218728 bytes)
publish-url: unchanged https://responsible-displayed-her-network.trycloudflare.com
auto-push ok 09:40
[live] wrote "live_results.json" (29/29 markets, 218728 bytes)
publish-url: unchanged https://responsible-displayed-her-network.trycloudflare.com
auto-push ok 09:43
[live] wrote "live_results.json" (29/29 markets, 218728 bytes)
publish-url: unchanged https://responsible-displayed-her-network.trycloudflare.com
auto-push ok 09:46
[live] wrote "live_results.json" (29/29 markets, 218728 bytes)
publish-url: unchanged https://responsible-displayed-her-network.trycloudflare.com
auto-push ok 09:49
[live] wrote "live_results.json" (29/29 markets, 218728 bytes)
publish-url: unchanged https://responsible-displayed-her-network.trycloudflare.com
auto-push ok 09:52
[live] wrote "live_results.json" (29/29 markets, 218728 bytes)
publish-url: unchanged https://responsible-displayed-her-network.trycloudflare.com
auto-push ok 09:55
[live] wrote "live_results.json" (29/29 markets, 218728 bytes)
publish-url: unchanged https://responsible-displayed-her-network.trycloudflare.com
auto-push ok 09:58
[live] wrote "live_results.json" (29/29 markets, 221584 bytes)
publish-url: unchanged https://responsible-displayed-her-network.trycloudflare.com
auto-push ok 23:03
[live] wrote "live_results.json" (29/29 markets, 221584 bytes)
publish-url: unchanged https://responsible-displayed-her-network.trycloudflare.com
auto-push ok 23:06
23:06:51 tunnel: restarted (public check failed)
23:07:19 tunnel: restarted (public check failed)
23:07:19 tunnel: new url https://hopefully-position-infants-eds.trycloudflare.com (published)
23:07:47 tunnel: restarted (public check failed)
23:07:47 tunnel: new url https://brave-sublime-generated-incorporated.trycloudflare.com (published)
23:07:55 tunnel: restarted (public check failed)
23:08:03 tunnel: restarted (public check failed)
23:08:12 tunnel: restarted (public check failed)
23:08:20 tunnel: restarted (public check failed)
23:08:28 tunnel: restarted (public check failed)
23:08:36 tunnel: restarted (public check failed)
23:08:45 tunnel: restarted (public check failed)
23:08:53 tunnel: restarted (public check failed)
23:08:53 tunnel: new url https://collar-catalog-include-restaurant.trycloudflare.com (published)
23:09:01 tunnel: restarted (public check failed)
23:09:09 tunnel: restarted (public check failed)
[live] wrote "live_results.json" (29/29 markets, 221703 bytes)
publish-url: published https://collar-catalog-include-restaurant.trycloudflare.com
auto-push ok 23:09
23:09:18 tunnel: restarted (public check failed)
23:09:26 tunnel: restarted (public check failed)
23:09:34 tunnel: restarted (public check failed)
23:09:34 tunnel: new url https://vii-frame-singh-adapted.trycloudflare.com (published)
23:09:42 tunnel: restarted (public check failed)
23:09:51 tunnel: restarted (public check failed)
23:09:59 tunnel: restarted (public check failed)
23:10:07 tunnel: restarted (public check failed)
23:10:15 tunnel: restarted (public check failed)
23:10:24 tunnel: restarted (public check failed)
23:10:32 tunnel: restarted (public check failed)
23:10:40 tunnel: restarted (public check failed)
23:10:48 tunnel: restarted (public check failed)
23:10:57 tunnel: restarted (public check failed)
[live] wrote "live_results.json" (29/29 markets, 221703 bytes)
publish-url: published https://vii-frame-singh-adapted.trycloudflare.com
auto-push ok 23:12
[live] wrote "live_results.json" (29/29 markets, 221703 bytes)
publish-url: unchanged https://vii-frame-singh-adapted.trycloudflare.com
auto-push ok 23:15
auto-push ok 23:16
23:17:58 tunnel: public check failed, backing off 10min
[live] wrote "live_results.json" (29/29 markets, 221703 bytes)
publish-url: no server-url.txt
auto-push ok 23:18
[live] wrote "live_results.json" (29/29 markets, 223369 bytes)
publish-url: no server-url.txt
auto-push ok 16:59
[live] wrote "live_results.json" (29/29 markets, 223369 bytes)
publish-url: no server-url.txt
auto-push ok 17:02
[live] wrote "live_results.json" (29/29 markets, 223369 bytes)
publish-url: no server-url.txt
auto-push ok 17:05
17:05:47 tunnel: new url https://ppm-artistic-identified-aim.trycloudflare.com (published)
17:05:48 tunnel: public check failed, backing off 10min
[live] wrote "live_results.json" (29/29 markets, 223369 bytes)
publish-url: unchanged https://ppm-artistic-identified-aim.trycloudflare.com
auto-push ok 17:08
[live] sita-morning failed: fetch failed
[live] star-tara-morning failed: fetch failed
[live] milan-morning failed: fetch failed
[live] sridevi failed: fetch failed
[live] kalyan-morning failed: fetch failed
[live] sita-day failed: fetch failed
[live] star-tara-day failed: fetch failed
[live] milan-day failed: fetch failed
[live] kalyan-main failed: fetch failed
[live] sita-night failed: fetch failed
[live] sridevi-night failed: fetch failed
[live] star-tara-night failed: fetch failed
[live] milan-night failed: fetch failed
[live] kalyan-night failed: fetch failed
[live] main-bazar failed: fetch failed
[live] andhra-morning failed: fetch failed
[live] andhra-day failed: fetch failed
[live] andhra-night failed: fetch failed
[live] kamal-morning failed: fetch failed
[live] kamal-day failed: fetch failed
[live] kamal-night failed: fetch failed
[live] madhur-morning failed: fetch failed
[live] madhur-day failed: fetch failed
[live] rajdhani-day failed: fetch failed
[live] rajdhani-night failed: fetch failed
[live] supreme-day failed: fetch failed
[live] supreme-night failed: fetch failed
[live] mahadevi failed: fetch failed
[live] time-bazar failed: fetch failed
[live] wrote "live_results.json" (0/29 markets, 218728 bytes)
publish-url: unchanged https://ppm-artistic-identified-aim.trycloudflare.com
auto-push failed: fatal: unable to access 'https://github.com/rm3013760-bit/matka-site.git/': Could not resolve host: github.com
17:16:07 tunnel: new url https://api.trycloudflare.com (published)
17:16:17 tunnel: public check failed, backing off 10min
[live] sita-morning failed: fetch failed
[live] star-tara-morning failed: fetch failed
[live] milan-morning failed: fetch failed
[live] sridevi failed: fetch failed
[live] kalyan-morning failed: fetch failed
[live] sita-day failed: fetch failed
[live] star-tara-day failed: fetch failed
[live] milan-day failed: fetch failed
[live] kalyan-main failed: fetch failed
[live] sita-night failed: fetch failed
[live] sridevi-night failed: fetch failed
[live] star-tara-night failed: fetch failed
[live] milan-night failed: fetch failed
[live] kalyan-night failed: fetch failed
[live] main-bazar failed: fetch failed
[live] andhra-morning failed: fetch failed
[live] andhra-day failed: fetch failed
[live] andhra-night failed: fetch failed
[live] kamal-morning failed: fetch failed
[live] kamal-day failed: fetch failed
[live] kamal-night failed: fetch failed
[live] madhur-morning failed: fetch failed
[live] madhur-day failed: fetch failed
[live] rajdhani-day failed: fetch failed
[live] rajdhani-night failed: fetch failed
[live] supreme-day failed: fetch failed
[live] supreme-night failed: fetch failed
[live] mahadevi failed: fetch failed
[live] time-bazar failed: fetch failed
[live] wrote "live_results.json" (0/29 markets, 218728 bytes)
publish-url: unchanged https://api.trycloudflare.com
auto-push failed: fatal: unable to access 'https://github.com/rm3013760-bit/matka-site.git/': Could not resolve host: github.com
[live] sita-morning failed: fetch failed
[live] star-tara-morning failed: fetch failed
[live] milan-morning failed: fetch failed
[live] sridevi failed: fetch failed
[live] kalyan-morning failed: fetch failed
[live] sita-day failed: fetch failed
[live] star-tara-day failed: fetch failed
[live] milan-day failed: fetch failed
[live] kalyan-main failed: fetch failed
[live] sita-night failed: fetch failed
[live] sridevi-night failed: fetch failed
[live] star-tara-night failed: fetch failed
[live] milan-night failed: fetch failed
[live] kalyan-night failed: fetch failed
[live] main-bazar failed: fetch failed
[live] andhra-morning failed: fetch failed
[live] andhra-day failed: fetch failed
[live] andhra-night failed: fetch failed
[live] kamal-morning failed: fetch failed
[live] kamal-day failed: fetch failed
[live] kamal-night failed: fetch failed
[live] madhur-morning failed: fetch failed
[live] madhur-day failed: fetch failed
[live] rajdhani-day failed: fetch failed
[live] rajdhani-night failed: fetch failed
[live] supreme-day failed: fetch failed
[live] supreme-night failed: fetch failed
[live] mahadevi failed: fetch failed
[live] time-bazar failed: fetch failed
[live] wrote "live_results.json" (0/29 markets, 218728 bytes)
publish-url: unchanged https://api.trycloudflare.com
auto-push failed: fatal: unable to access 'https://github.com/rm3013760-bit/matka-site.git/': Could not resolve host: github.com
18:40:00 tunnel: new url https://api.trycloudflare.com (published)
18:40:10 tunnel: public check failed, backing off 10min
[live] sita-morning failed: fetch failed
[live] star-tara-morning failed: fetch failed
[live] milan-morning failed: fetch failed
[live] sridevi failed: fetch failed
[live] kalyan-morning failed: fetch failed
[live] sita-day failed: fetch failed
[live] star-tara-day failed: fetch failed
[live] milan-day failed: fetch failed
[live] kalyan-main failed: fetch failed
[live] sita-night failed: fetch failed
[live] sridevi-night failed: fetch failed
[live] star-tara-night failed: fetch failed
[live] milan-night failed: fetch failed
[live] kalyan-night failed: fetch failed
[live] main-bazar failed: fetch failed
[live] andhra-morning failed: fetch failed
[live] andhra-day failed: fetch failed
[live] andhra-night failed: fetch failed
[live] kamal-morning failed: fetch failed
[live] kamal-day failed: fetch failed
[live] kamal-night failed: fetch failed
[live] madhur-morning failed: fetch failed
[live] madhur-day failed: fetch failed
[live] rajdhani-day failed: fetch failed
[live] rajdhani-night failed: fetch failed
[live] supreme-day failed: fetch failed
[live] supreme-night failed: fetch failed
[live] mahadevi failed: fetch failed
[live] time-bazar failed: fetch failed
[live] wrote "live_results.json" (0/29 markets, 218728 bytes)
publish-url: unchanged https://api.trycloudflare.com
auto-push failed: fatal: unable to access 'https://github.com/rm3013760-bit/matka-site.git/': Could not resolve host: github.com
[live] kalyan-morning failed: fetch failed
[live] sita-morning failed: fetch failed
[live] star-tara-morning failed: fetch failed
[live] milan-morning failed: fetch failed
[live] sridevi failed: fetch failed
[live] sita-day failed: fetch failed
[live] star-tara-day failed: fetch failed
[live] milan-day failed: fetch failed
[live] kalyan-main failed: fetch failed
[live] sita-night failed: fetch failed
[live] sridevi-night failed: fetch failed
[live] star-tara-night failed: fetch failed
[live] milan-night failed: fetch failed
[live] kalyan-night failed: fetch failed
[live] main-bazar failed: fetch failed
[live] andhra-morning failed: fetch failed
[live] andhra-day failed: fetch failed
[live] andhra-night failed: fetch failed
[live] kamal-morning failed: fetch failed
[live] kamal-day failed: fetch failed
19:04:03 tunnel: new url https://api.trycloudflare.com (published)
19:04:13 tunnel: public check failed, backing off 10min
[live] kamal-night failed: fetch failed
[live] madhur-morning failed: fetch failed
[live] madhur-day failed: fetch failed
[live] rajdhani-day failed: fetch failed
[live] rajdhani-night failed: fetch failed
[live] supreme-day failed: fetch failed
[live] supreme-night failed: fetch failed
[live] mahadevi failed: fetch failed
[live] time-bazar failed: fetch failed
[live] wrote "live_results.json" (0/29 markets, 218728 bytes)
publish-url: unchanged https://api.trycloudflare.com
auto-push failed: fatal: unable to access 'https://github.com/rm3013760-bit/matka-site.git/': Could not resolve host: github.com
[live] sita-morning failed: fetch failed
[live] star-tara-morning failed: fetch failed
[live] milan-morning failed: fetch failed
[live] sridevi failed: fetch failed
[live] kalyan-morning failed: fetch failed
[live] sita-day failed: fetch failed
[live] star-tara-day failed: fetch failed
[live] milan-day failed: fetch failed
[live] kalyan-main failed: fetch failed
[live] sita-night failed: fetch failed
[live] sridevi-night failed: fetch failed
[live] star-tara-night failed: fetch failed
[live] milan-night failed: fetch failed
[live] kalyan-night failed: fetch failed
[live] main-bazar failed: fetch failed
[live] andhra-morning failed: fetch failed
[live] andhra-day failed: fetch failed
[live] andhra-night failed: fetch failed
[live] kamal-morning failed: fetch failed
[live] kamal-day failed: fetch failed
[live] kamal-night failed: fetch failed
[live] madhur-morning failed: fetch failed
[live] madhur-day failed: fetch failed
[live] rajdhani-day failed: fetch failed
[live] rajdhani-night failed: fetch failed
[live] supreme-day failed: fetch failed
[live] supreme-night failed: fetch failed
[live] mahadevi failed: fetch failed
[live] time-bazar failed: fetch failed
[live] wrote "live_results.json" (0/29 markets, 218728 bytes)
publish-url: unchanged https://api.trycloudflare.com
auto-push failed: fatal: unable to access 'https://github.com/rm3013760-bit/matka-site.git/': Could not resolve host: github.com
19:24:26 tunnel: new url https://except-analyze-either-rent.trycloudflare.com (published)
19:24:26 tunnel: public check failed, backing off 10min
[live] wrote "live_results.json" (29/29 markets, 224202 bytes)
publish-url: unchanged https://except-analyze-either-rent.trycloudflare.com
auto-push ok 19:24
[live] wrote "live_results.json" (29/29 markets, 224202 bytes)
publish-url: unchanged https://except-analyze-either-rent.trycloudflare.com
auto-push ok 19:27
[live] wrote "live_results.json" (29/29 markets, 224202 bytes)
publish-url: unchanged https://except-analyze-either-rent.trycloudflare.com
auto-push ok 19:30
[live] wrote "live_results.json" (29/29 markets, 224202 bytes)
publish-url: unchanged https://except-analyze-either-rent.trycloudflare.com
auto-push ok 19:33
19:34:37 tunnel: new url https://luther-breathing-convenient-compression.trycloudflare.com (published)
[live] wrote "live_results.json" (29/29 markets, 224202 bytes)
publish-url: unchanged https://luther-breathing-convenient-compression.trycloudflare.com
auto-push ok 19:37
[live] wrote "live_results.json" (29/29 markets, 224321 bytes)
publish-url: unchanged https://luther-breathing-convenient-compression.trycloudflare.com
auto-push ok 19:51
[live] wrote "live_results.json" (29/29 markets, 224321 bytes)
publish-url: unchanged https://luther-breathing-convenient-compression.trycloudflare.com
auto-push ok 19:54
[live] wrote "live_results.json" (29/29 markets, 224321 bytes)
publish-url: unchanged https://luther-breathing-convenient-compression.trycloudflare.com
auto-push ok 19:57
[live] wrote "live_results.json" (29/29 markets, 224321 bytes)
publish-url: unchanged https://luther-breathing-convenient-compression.trycloudflare.com
auto-push ok 20:00
[live] wrote "live_results.json" (29/29 markets, 224321 bytes)
publish-url: unchanged https://luther-breathing-convenient-compression.trycloudflare.com
auto-push ok 20:03
[live] wrote "live_results.json" (29/29 markets, 224321 bytes)
publish-url: unchanged https://luther-breathing-convenient-compression.trycloudflare.com
auto-push ok 20:06
[live] wrote "live_results.json" (29/29 markets, 224321 bytes)
publish-url: unchanged https://luther-breathing-convenient-compression.trycloudflare.com
auto-push ok 20:10
[live] wrote "live_results.json" (29/29 markets, 224321 bytes)
publish-url: unchanged https://luther-breathing-convenient-compression.trycloudflare.com
auto-push ok 20:13
[live] wrote "live_results.json" (29/29 markets, 224321 bytes)
publish-url: unchanged https://luther-breathing-convenient-compression.trycloudflare.com
auto-push ok 20:16
[live] wrote "live_results.json" (29/29 markets, 224321 bytes)
publish-url: unchanged https://luther-breathing-convenient-compression.trycloudflare.com
auto-push ok 20:19
[live] wrote "live_results.json" (29/29 markets, 224321 bytes)
publish-url: unchanged https://luther-breathing-convenient-compression.trycloudflare.com
auto-push ok 20:22
[live] wrote "live_results.json" (29/29 markets, 224321 bytes)
publish-url: unchanged https://luther-breathing-convenient-compression.trycloudflare.com
auto-push ok 20:25
[live] wrote "live_results.json" (29/29 markets, 224440 bytes)
publish-url: unchanged https://luther-breathing-convenient-compression.trycloudflare.com
auto-push ok 20:28
[live] wrote "live_results.json" (29/29 markets, 224440 bytes)
publish-url: unchanged https://luther-breathing-convenient-compression.trycloudflare.com
auto-push ok 20:31
[live] wrote "live_results.json" (29/29 markets, 224559 bytes)
publish-url: unchanged https://luther-breathing-convenient-compression.trycloudflare.com
auto-push ok 20:34
[live] wrote "live_results.json" (29/29 markets, 224559 bytes)
publish-url: unchanged https://luther-breathing-convenient-compression.trycloudflare.com
auto-push ok 20:37
[live] wrote "live_results.json" (29/29 markets, 224559 bytes)
publish-url: unchanged https://luther-breathing-convenient-compression.trycloudflare.com
auto-push ok 20:41
[live] wrote "live_results.json" (29/29 markets, 224559 bytes)
publish-url: unchanged https://luther-breathing-convenient-compression.trycloudflare.com
auto-push ok 20:44
[live] wrote "live_results.json" (29/29 markets, 224559 bytes)
publish-url: unchanged https://luther-breathing-convenient-compression.trycloudflare.com
auto-push ok 20:47
[live] wrote "live_results.json" (29/29 markets, 224559 bytes)
publish-url: unchanged https://luther-breathing-convenient-compression.trycloudflare.com
auto-push ok 20:50
[live] wrote "live_results.json" (29/29 markets, 224559 bytes)
publish-url: unchanged https://luther-breathing-convenient-compression.trycloudflare.com
auto-push ok 20:53
[live] wrote "live_results.json" (29/29 markets, 230628 bytes)
publish-url: unchanged https://luther-breathing-convenient-compression.trycloudflare.com
auto-push ok 23:58
23:58:53 tunnel: new url https://susan-specific-housing-sons.trycloudflare.com (published)
[live] wrote "live_results.json" (29/29 markets, 230628 bytes)
publish-url: unchanged https://susan-specific-housing-sons.trycloudflare.com
auto-push ok 00:01
[live] wrote "live_results.json" (29/29 markets, 230628 bytes)
publish-url: unchanged https://susan-specific-housing-sons.trycloudflare.com
auto-push ok 00:04
[live] wrote "live_results.json" (29/29 markets, 230628 bytes)
publish-url: unchanged https://susan-specific-housing-sons.trycloudflare.com
auto-push ok 00:07
[live] wrote "live_results.json" (29/29 markets, 230628 bytes)
publish-url: unchanged https://susan-specific-housing-sons.trycloudflare.com
auto-push ok 00:10
[live] wrote "live_results.json" (29/29 markets, 230628 bytes)
publish-url: unchanged https://susan-specific-housing-sons.trycloudflare.com
auto-push ok 00:13
[live] wrote "live_results.json" (29/29 markets, 230628 bytes)
publish-url: unchanged https://susan-specific-housing-sons.trycloudflare.com
auto-push ok 00:17
[live] wrote "live_results.json" (29/29 markets, 230628 bytes)
publish-url: unchanged https://susan-specific-housing-sons.trycloudflare.com
auto-push ok 00:20
[live] wrote "live_results.json" (29/29 markets, 230628 bytes)
publish-url: unchanged https://susan-specific-housing-sons.trycloudflare.com
auto-push ok 00:23
[live] wrote "live_results.json" (29/29 markets, 230628 bytes)
publish-url: unchanged https://susan-specific-housing-sons.trycloudflare.com
auto-push ok 00:26
[live] wrote "live_results.json" (29/29 markets, 230628 bytes)
publish-url: unchanged https://susan-specific-housing-sons.trycloudflare.com
auto-push ok 00:29
[live] wrote "live_results.json" (29/29 markets, 230628 bytes)
publish-url: unchanged https://susan-specific-housing-sons.trycloudflare.com
auto-push ok 00:32
[live] wrote "live_results.json" (29/29 markets, 230628 bytes)
publish-url: unchanged https://susan-specific-housing-sons.trycloudflare.com
auto-push ok 00:48
01:09:52 tunnel: public check failed, backing off 10min
[live] wrote "live_results.json" (29/29 markets, 230628 bytes)
publish-url: unchanged https://susan-specific-housing-sons.trycloudflare.com
auto-push ok 01:32
[live] wrote "live_results.json" (29/29 markets, 230628 bytes)
publish-url: unchanged https://susan-specific-housing-sons.trycloudflare.com
auto-push ok 02:25
[live] wrote "live_results.json" (29/29 markets, 230628 bytes)
publish-url: unchanged https://susan-specific-housing-sons.trycloudflare.com
auto-push ok 06:31
08:18:52 tunnel: new url https://episode-researcher-reflect-share.trycloudflare.com (published)
08:18:52 tunnel: public check failed, backing off 10min
[live] wrote "live_results.json" (29/29 markets, 230628 bytes)
publish-url: unchanged https://episode-researcher-reflect-share.trycloudflare.com
auto-push ok 08:20
[live] wrote "live_results.json" (29/29 markets, 230628 bytes)
publish-url: unchanged https://episode-researcher-reflect-share.trycloudflare.com
auto-push ok 08:23
[live] wrote "live_results.json" (29/29 markets, 230628 bytes)
publish-url: unchanged https://episode-researcher-reflect-share.trycloudflare.com
auto-push failed: To https://github.com/rm3013760-bit/matka-site.git
08:29:03 tunnel: new url https://penny-maryland-symbols-transparent.trycloudflare.com (published)
[live] wrote "live_results.json" (29/29 markets, 230628 bytes)
publish-url: unchanged https://penny-maryland-symbols-transparent.trycloudflare.com
auto-push failed: To https://github.com/rm3013760-bit/matka-site.git
[live] wrote "live_results.json" (29/29 markets, 230628 bytes)
publish-url: unchanged https://penny-maryland-symbols-transparent.trycloudflare.com
auto-push failed: To https://github.com/rm3013760-bit/matka-site.git
[live] wrote "live_results.json" (29/29 markets, 230628 bytes)
publish-url: unchanged https://penny-maryland-symbols-transparent.trycloudflare.com
auto-push ok 08:35
[live] wrote "live_results.json" (29/29 markets, 230628 bytes)
publish-url: unchanged https://penny-maryland-symbols-transparent.trycloudflare.com
12:39:07 tunnel: new url https://playlist-recommendation-divide-requesting.trycloudflare.com (published)
12:39:07 tunnel: public check failed, backing off 10min
12:49:17 tunnel: new url https://dating-collins-inform-protection.trycloudflare.com (published)
12:49:17 tunnel: public check failed, backing off 10min
12:59:26 tunnel: new url https://famous-mainly-sullivan-cookies.trycloudflare.com (published)
12:59:26 tunnel: public check failed, backing off 10min
15:18:11 tunnel: new url https://outstanding-illustrations-assessing-charms.trycloudflare.com (published)
15:18:11 tunnel: public check failed, backing off 10min
15:28:21 tunnel: new url https://nuclear-endorsed-oriented-buried.trycloudflare.com (published)
15:28:22 tunnel: public check failed, backing off 10min
15:38:33 tunnel: new url https://southampton-paintings-contribution-hamburg.trycloudflare.com (published)
15:38:37 tunnel: public check failed, backing off 10min
15:48:48 tunnel: new url https://enlargement-bracelets-survival-receive.trycloudflare.com (published)
15:48:49 tunnel: public check failed, backing off 10min
15:58:57 tunnel: new url https://belkin-cholesterol-public-created.trycloudflare.com (published)
15:58:57 tunnel: public check failed, backing off 10min
16:09:06 tunnel: new url https://processed-counting-copied-idaho.trycloudflare.com (published)
16:09:06 tunnel: public check failed, backing off 10min
14:41:32 tunnel: new url https://api.trycloudflare.com (published)
14:41:32 tunnel: public check failed, backing off 10min
14:51:44 tunnel: new url https://outlined-developers-car-stuff.trycloudflare.com (published)
14:51:46 tunnel: public check failed, backing off 10min
15:01:58 tunnel: new url https://following-plant-genetic-forever.trycloudflare.com (published)
15:01:58 tunnel: public check failed, backing off 10min
15:12:09 tunnel: new url https://ebony-testament-souls-announcements.trycloudflare.com (published)
15:12:09 tunnel: public check failed, backing off 10min
15:22:20 tunnel: new url https://syracuse-preventing-yards-counts.trycloudflare.com (published)
15:22:20 tunnel: public check failed, backing off 10min
15:32:29 tunnel: new url https://posing-cute-closer-strain.trycloudflare.com (published)
15:32:29 tunnel: public check failed, backing off 10min
15:42:42 tunnel: new url https://miller-atom-mails-selections.trycloudflare.com (published)
15:42:42 tunnel: public check failed, backing off 10min
15:52:55 tunnel: new url https://sri-far-construction-goes.trycloudflare.com (published)
15:52:55 tunnel: public check failed, backing off 10min
16:03:06 tunnel: new url https://heroes-shown-kitchen-bidding.trycloudflare.com (published)
16:03:06 tunnel: public check failed, backing off 10min
16:13:17 tunnel: new url https://derek-rock-latin-arms.trycloudflare.com (published)
16:18:24 tunnel: public check failed, backing off 10min
[live] api board: 19/29 markets from sattamatkaapi.live
[live] sara567 fallback: 0/0 markets
[live] wrote "live_results.json" (19/29 markets, 233240 bytes)
publish-url: unchanged https://derek-rock-latin-arms.trycloudflare.com
auto-push failed: To https://github.com/rm3013760-bit/matka-site.git
17:15:39 tunnel: new url https://christina-photo-are-olive.trycloudflare.com (published)
17:15:39 tunnel: public check failed, backing off 10min
[live] api board: 19/29 markets from sattamatkaapi.live
[live] sara567 fallback: 0/0 markets
[live] wrote "live_results.json" (19/29 markets, 233240 bytes)
publish-url: unchanged https://christina-photo-are-olive.trycloudflare.com
auto-push failed: To https://github.com/rm3013760-bit/matka-site.git
[live] api board: 19/29 markets from sattamatkaapi.live
[live] sara567 fallback: 0/0 markets
[live] wrote "live_results.json" (19/29 markets, 233255 bytes)
publish-url: unchanged https://christina-photo-are-olive.trycloudflare.com
auto-push failed: To https://github.com/rm3013760-bit/matka-site.git
[live] api board: 19/29 markets from sattamatkaapi.live
[live] sara567 fallback: 0/0 markets
[live] wrote "live_results.json" (19/29 markets, 233255 bytes)
publish-url: unchanged https://christina-photo-are-olive.trycloudflare.com
auto-push failed: To https://github.com/rm3013760-bit/matka-site.git
17:25:48 tunnel: new url https://prior-wisconsin-tribunal-mechanics.trycloudflare.com (published)
17:25:48 tunnel: public check failed, backing off 10min
[live] api board: 19/29 markets from sattamatkaapi.live
[live] sara567 fallback: 0/0 markets
[live] wrote "live_results.json" (19/29 markets, 233270 bytes)
publish-url: unchanged https://prior-wisconsin-tribunal-mechanics.trycloudflare.com
auto-push failed: To https://github.com/rm3013760-bit/matka-site.git
[live] api board: 19/29 markets from sattamatkaapi.live
[live] sara567 fallback: 0/0 markets
[live] wrote "live_results.json" (19/29 markets, 233270 bytes)
publish-url: unchanged https://prior-wisconsin-tribunal-mechanics.trycloudflare.com
auto-push failed: To https://github.com/rm3013760-bit/matka-site.git
[live] api board: 19/29 markets from sattamatkaapi.live
[live] sara567 fallback: 0/0 markets
[live] wrote "live_results.json" (19/29 markets, 233270 bytes)
publish-url: unchanged https://prior-wisconsin-tribunal-mechanics.trycloudflare.com
auto-push failed: To https://github.com/rm3013760-bit/matka-site.git
17:36:01 tunnel: new url https://stretch-delhi-reforms-entering.trycloudflare.com (published)
17:36:01 tunnel: public check failed, backing off 10min
[live] api board: 19/29 markets from sattamatkaapi.live
[live] sara567 fallback: 0/0 markets
[live] wrote "live_results.json" (19/29 markets, 233270 bytes)
publish-url: unchanged https://stretch-delhi-reforms-entering.trycloudflare.com
auto-push failed: To https://github.com/rm3013760-bit/matka-site.git
[live] api board: 19/29 markets from sattamatkaapi.live
[live] sara567 fallback: 0/0 markets
[live] wrote "live_results.json" (19/29 markets, 233285 bytes)
publish-url: unchanged https://stretch-delhi-reforms-entering.trycloudflare.com
auto-push failed: To https://github.com/rm3013760-bit/matka-site.git
[live] api board: 19/29 markets from sattamatkaapi.live
[live] sara567 fallback: 0/0 markets
[live] wrote "live_results.json" (19/29 markets, 233285 bytes)
publish-url: unchanged https://stretch-delhi-reforms-entering.trycloudflare.com
auto-push failed: To https://github.com/rm3013760-bit/matka-site.git
[live] api board: 19/29 markets from sattamatkaapi.live
[live] sara567 fallback: 0/0 markets
[live] wrote "live_results.json" (19/29 markets, 233300 bytes)
publish-url: unchanged https://stretch-delhi-reforms-entering.trycloudflare.com
auto-push failed: To https://github.com/rm3013760-bit/matka-site.git
17:46:13 tunnel: new url https://publishing-villages-concerns-were.trycloudflare.com (published)
17:46:13 tunnel: public check failed, backing off 10min
[live] api board: 19/29 markets from sattamatkaapi.live
[live] sara567 fallback: 0/0 markets
[live] wrote "live_results.json" (19/29 markets, 233300 bytes)
publish-url: unchanged https://publishing-villages-concerns-were.trycloudflare.com
auto-push failed: To https://github.com/rm3013760-bit/matka-site.git
[live] api board: 19/29 markets from sattamatkaapi.live
[live] sara567 fallback: 0/0 markets
[live] wrote "live_results.json" (19/29 markets, 233300 bytes)
publish-url: unchanged https://publishing-villages-concerns-were.trycloudflare.com
auto-push failed: To https://github.com/rm3013760-bit/matka-site.git
[live] api board: 19/29 markets from sattamatkaapi.live
[live] sara567 fallback: 0/0 markets
[live] wrote "live_results.json" (19/29 markets, 233300 bytes)
publish-url: unchanged https://publishing-villages-concerns-were.trycloudflare.com
auto-push failed: To https://github.com/rm3013760-bit/matka-site.git
17:56:22 tunnel: new url https://against-johnson-dui-mtv.trycloudflare.com (published)
17:56:22 tunnel: public check failed, backing off 10min
[live] api board: 19/29 markets from sattamatkaapi.live
[live] sara567 fallback: 0/0 markets
[live] wrote "live_results.json" (19/29 markets, 233315 bytes)
publish-url: unchanged https://against-johnson-dui-mtv.trycloudflare.com
auto-push failed: To https://github.com/rm3013760-bit/matka-site.git
[live] api board: 19/29 markets from sattamatkaapi.live
[live] sara567 fallback: 0/0 markets
[live] wrote "live_results.json" (19/29 markets, 233315 bytes)
publish-url: unchanged https://against-johnson-dui-mtv.trycloudflare.com
auto-push failed: To https://github.com/rm3013760-bit/matka-site.git
[live] api board: 19/29 markets from sattamatkaapi.live
[live] sara567 fallback: 0/0 markets
[live] wrote "live_results.json" (19/29 markets, 233315 bytes)
publish-url: unchanged https://against-johnson-dui-mtv.trycloudflare.com
auto-push failed: To https://github.com/rm3013760-bit/matka-site.git
18:06:32 tunnel: new url https://allen-puzzles-entrance-electricity.trycloudflare.com (published)
[live] api board: 19/29 markets from sattamatkaapi.live
[live] sara567 fallback: 0/0 markets
[live] wrote "live_results.json" (19/29 markets, 233315 bytes)
publish-url: unchanged https://allen-puzzles-entrance-electricity.trycloudflare.com
auto-push failed: To https://github.com/rm3013760-bit/matka-site.git
[live] api board: 19/29 markets from sattamatkaapi.live
[live] sara567 fallback: 0/0 markets
[live] wrote "live_results.json" (19/29 markets, 233315 bytes)
publish-url: unchanged https://allen-puzzles-entrance-electricity.trycloudflare.com
auto-push failed: To https://github.com/rm3013760-bit/matka-site.git
[live] api board: 19/29 markets from sattamatkaapi.live
[live] sara567 fallback: 0/0 markets
[live] wrote "live_results.json" (19/29 markets, 233315 bytes)
publish-url: unchanged https://allen-puzzles-entrance-electricity.trycloudflare.com
auto-push failed: To https://github.com/rm3013760-bit/matka-site.git
[live] api board: 19/29 markets from sattamatkaapi.live
[live] sara567 fallback: 0/0 markets
[live] wrote "live_results.json" (19/29 markets, 233315 bytes)
publish-url: unchanged https://allen-puzzles-entrance-electricity.trycloudflare.com
auto-push failed: To https://github.com/rm3013760-bit/matka-site.git
[live] api board: 19/29 markets from sattamatkaapi.live
[live] sara567 fallback: 0/0 markets
[live] wrote "live_results.json" (19/29 markets, 233315 bytes)
publish-url: unchanged https://allen-puzzles-entrance-electricity.trycloudflare.com
auto-push failed: To https://github.com/rm3013760-bit/matka-site.git
[live] api board: 19/29 markets from sattamatkaapi.live
[live] sara567 fallback: 0/0 markets
[live] wrote "live_results.json" (19/29 markets, 233315 bytes)
publish-url: unchanged https://allen-puzzles-entrance-electricity.trycloudflare.com
auto-push failed: To https://github.com/rm3013760-bit/matka-site.git
[live] api board: 19/29 markets from sattamatkaapi.live
[live] sara567 fallback: 0/0 markets
[live] wrote "live_results.json" (19/29 markets, 233315 bytes)
publish-url: unchanged https://allen-puzzles-entrance-electricity.trycloudflare.com
auto-push failed: To https://github.com/rm3013760-bit/matka-site.git
[live] api board: 19/29 markets from sattamatkaapi.live
[live] sara567 fallback: 0/0 markets
[live] wrote "live_results.json" (19/29 markets, 233315 bytes)
publish-url: unchanged https://allen-puzzles-entrance-electricity.trycloudflare.com
auto-push failed: To https://github.com/rm3013760-bit/matka-site.git
[live] api board: 19/29 markets from sattamatkaapi.live
[live] sara567 fallback: 0/0 markets
[live] wrote "live_results.json" (19/29 markets, 233330 bytes)
publish-url: unchanged https://allen-puzzles-entrance-electricity.trycloudflare.com
auto-push failed: To https://github.com/rm3013760-bit/matka-site.git
[live] api board: 19/29 markets from sattamatkaapi.live
[live] sara567 fallback: 0/0 markets
[live] wrote "live_results.json" (19/29 markets, 233330 bytes)
publish-url: unchanged https://allen-puzzles-entrance-electricity.trycloudflare.com
auto-push failed: To https://github.com/rm3013760-bit/matka-site.git
[live] api board: 19/29 markets from sattamatkaapi.live
[live] sara567 fallback: 0/0 markets
[live] wrote "live_results.json" (19/29 markets, 233330 bytes)
publish-url: unchanged https://allen-puzzles-entrance-electricity.trycloudflare.com
auto-push failed: To https://github.com/rm3013760-bit/matka-site.git
[live] api board: 19/29 markets from sattamatkaapi.live
[live] sara567 fallback: 0/0 markets
[live] wrote "live_results.json" (19/29 markets, 233345 bytes)
publish-url: unchanged https://allen-puzzles-entrance-electricity.trycloudflare.com
auto-push failed: To https://github.com/rm3013760-bit/matka-site.git
[live] api board: 19/29 markets from sattamatkaapi.live
[live] sara567 fallback: 0/0 markets
[live] wrote "live_results.json" (19/29 markets, 233345 bytes)
publish-url: unchanged https://allen-puzzles-entrance-electricity.trycloudflare.com
auto-push failed: To https://github.com/rm3013760-bit/matka-site.git
[live] api board: 20/29 markets from sattamatkaapi.live
[live] sara567 fallback: 0/0 markets
[live] wrote "live_results.json" (20/29 markets, 233473 bytes)
publish-url: unchanged https://allen-puzzles-entrance-electricity.trycloudflare.com
auto-push failed: To https://github.com/rm3013760-bit/matka-site.git
[live] api board: 20/29 markets from sattamatkaapi.live
[live] sara567 fallback: 0/0 markets
[live] wrote "live_results.json" (20/29 markets, 233473 bytes)
publish-url: unchanged https://allen-puzzles-entrance-electricity.trycloudflare.com
auto-push failed: To https://github.com/rm3013760-bit/matka-site.git
[live] api board failed: fetch failed (falling back to sara567 scrape)
[live] sita-morning failed: fetch failed
[live] star-tara-morning failed: fetch failed
[live] milan-morning failed: fetch failed
[live] kalyan-morning failed: fetch failed
[live] sridevi failed: fetch failed
[live] sita-day failed: fetch failed
[live] star-tara-day failed: fetch failed
[live] milan-day failed: fetch failed
[live] sita-night failed: fetch failed
[live] kalyan-main failed: fetch failed
[live] sridevi-night failed: fetch failed
[live] star-tara-night failed: fetch failed
[live] milan-night failed: fetch failed
[live] kalyan-night failed: fetch failed
[live] main-bazar failed: fetch failed
[live] andhra-morning failed: fetch failed
[live] andhra-day failed: fetch failed
[live] andhra-night failed: fetch failed
[live] kamal-morning failed: fetch failed
[live] kamal-day failed: fetch failed
[live] kamal-night failed: fetch failed
[live] madhur-morning failed: fetch failed
[live] madhur-day failed: fetch failed
[live] rajdhani-day failed: fetch failed
[live] rajdhani-night failed: fetch failed
[live] supreme-day failed: fetch failed
[live] supreme-night failed: fetch failed
[live] mahadevi failed: fetch failed
[live] time-bazar failed: fetch failed
[live] sara567 fallback: 0/29 markets
[live] wrote "live_results.json" (0/29 markets, 233240 bytes)
publish-url: unchanged https://allen-puzzles-entrance-electricity.trycloudflare.com
auto-push failed: fatal: unable to access 'https://github.com/rm3013760-bit/matka-site.git/': Could not resolve host: github.com
19:08:41 tunnel: public check failed, backing off 10min
[live] api board: 28/29 markets from sattamatkaapi.live
[live] sara567 fallback: 0/0 markets
[live] wrote "live_results.json" (28/29 markets, 234542 bytes)
publish-url: unchanged https://allen-puzzles-entrance-electricity.trycloudflare.com
auto-push failed: To https://github.com/rm3013760-bit/matka-site.git
[live] api board: 29/29 markets from sattamatkaapi.live
[live] sara567 fallback: 0/0 markets
[live] wrote "live_results.json" (29/29 markets, 234670 bytes)
publish-url: unchanged https://allen-puzzles-entrance-electricity.trycloudflare.com
auto-push failed: To https://github.com/rm3013760-bit/matka-site.git
[live] api board: 29/29 markets from sattamatkaapi.live
[live] sara567 fallback: 0/0 markets
[live] wrote "live_results.json" (29/29 markets, 234670 bytes)
publish-url: unchanged https://allen-puzzles-entrance-electricity.trycloudflare.com
auto-push failed: To https://github.com/rm3013760-bit/matka-site.git
22:08:19 tunnel: new url https://unless-suburban-sara-smith.trycloudflare.com (published)
[live] api board: 29/29 markets from sattamatkaapi.live
[live] sara567 fallback: 0/0 markets
[live] wrote "live_results.json" (29/29 markets, 234670 bytes)
publish-url: unchanged https://unless-suburban-sara-smith.trycloudflare.com
auto-push failed: To https://github.com/rm3013760-bit/matka-site.git
[live] api board: 29/29 markets from sattamatkaapi.live
[live] sara567 fallback: 0/0 markets
[live] wrote "live_results.json" (29/29 markets, 234670 bytes)
publish-url: unchanged https://unless-suburban-sara-smith.trycloudflare.com
auto-push failed: To https://github.com/rm3013760-bit/matka-site.git
[live] api board: 29/29 markets from sattamatkaapi.live
[live] sara567 fallback: 0/0 markets
[live] wrote "live_results.json" (29/29 markets, 234670 bytes)
publish-url: unchanged https://unless-suburban-sara-smith.trycloudflare.com
auto-push failed: To https://github.com/rm3013760-bit/matka-site.git
[live] api board: 29/29 markets from sattamatkaapi.live
[live] sara567 fallback: 0/0 markets
[live] wrote "live_results.json" (29/29 markets, 234670 bytes)
publish-url: unchanged https://unless-suburban-sara-smith.trycloudflare.com
auto-push failed: To https://github.com/rm3013760-bit/matka-site.git
[live] api board: 29/29 markets from sattamatkaapi.live
[live] sara567 fallback: 0/0 markets
[live] wrote "live_results.json" (29/29 markets, 234670 bytes)
publish-url: unchanged https://unless-suburban-sara-smith.trycloudflare.com
auto-push failed: To https://github.com/rm3013760-bit/matka-site.git
22:31:30 tunnel: public check failed, backing off 10min
[live] api board failed: The operation was aborted due to timeout (falling back to sara567 scrape)
[live] sita-morning failed: fetch failed
[live] star-tara-morning failed: fetch failed
[live] milan-morning failed: fetch failed
[live] sridevi failed: fetch failed
[live] kalyan-morning failed: fetch failed
[live] sita-day failed: fetch failed
[live] star-tara-day failed: fetch failed
[live] milan-day failed: fetch failed
[live] kalyan-main failed: fetch failed
[live] sita-night failed: fetch failed
[live] sridevi-night failed: fetch failed
[live] star-tara-night failed: fetch failed
[live] milan-night failed: fetch failed
[live] kalyan-night failed: fetch failed
[live] main-bazar failed: fetch failed
[live] sara567 fallback: 291/29 markets
[live] wrote "live_results.json" (291/29 markets, 246165 bytes)
publish-url: unchanged https://unless-suburban-sara-smith.trycloudflare.com
auto-push failed: To https://github.com/rm3013760-bit/matka-site.git
[live] api board: 29/29 markets from sattamatkaapi.live
[live] sara567 fallback: 0/0 markets
[live] wrote "live_results.json" (29/29 markets, 234670 bytes)
publish-url: unchanged https://unless-suburban-sara-smith.trycloudflare.com
auto-push failed: To https://github.com/rm3013760-bit/matka-site.git
[live] api board failed: fetch failed (falling back to sara567 scrape)
[live] sita-morning failed: fetch failed
[live] star-tara-morning failed: fetch failed
[live] milan-morning failed: fetch failed
[live] sridevi failed: fetch failed
[live] kalyan-morning failed: fetch failed
[live] sita-day failed: fetch failed
[live] star-tara-day failed: fetch failed
[live] milan-day failed: fetch failed
[live] kalyan-main failed: fetch failed
[live] sita-night failed: fetch failed
[live] sridevi-night failed: fetch failed
[live] star-tara-night failed: fetch failed
[live] milan-night failed: fetch failed
[live] kalyan-night failed: fetch failed
[live] main-bazar failed: fetch failed
[live] andhra-morning failed: fetch failed
[live] andhra-day failed: fetch failed
[live] andhra-night failed: fetch failed
[live] kamal-morning failed: fetch failed
[live] kamal-day failed: fetch failed
[live] kamal-night failed: fetch failed
[live] madhur-morning failed: fetch failed
[live] madhur-day failed: fetch failed
[live] rajdhani-day failed: fetch failed
[live] rajdhani-night failed: fetch failed
[live] supreme-day failed: fetch failed
[live] supreme-night failed: fetch failed
[live] mahadevi failed: fetch failed
[live] time-bazar failed: fetch failed
[live] sara567 fallback: 0/29 markets
[live] wrote "live_results.json" (0/29 markets, 233240 bytes)
publish-url: unchanged https://unless-suburban-sara-smith.trycloudflare.com
auto-push failed: fatal: unable to access 'https://github.com/rm3013760-bit/matka-site.git/': Could not resolve host: github.com
00:21:25 tunnel: new url https://api.trycloudflare.com (published)
00:21:25 tunnel: public check failed, backing off 10min
[live] api board: 0/29 markets from sattamatkaapi.live
[live] sara567 fallback: 0/0 markets
[live] wrote "live_results.json" (0/29 markets, 233240 bytes)
publish-url: unchanged https://api.trycloudflare.com
auto-push failed: To https://github.com/rm3013760-bit/matka-site.git
[live] api board: 0/29 markets from sattamatkaapi.live
[live] sara567 fallback: 0/0 markets
[live] wrote "live_results.json" (0/29 markets, 233240 bytes)
publish-url: unchanged https://api.trycloudflare.com
auto-push failed: To https://github.com/rm3013760-bit/matka-site.git
[live] api board: 0/29 markets from sattamatkaapi.live
[live] sara567 fallback: 0/0 markets
[live] wrote "live_results.json" (0/29 markets, 233240 bytes)
publish-url: unchanged https://api.trycloudflare.com
auto-push failed: To https://github.com/rm3013760-bit/matka-site.git
04:16:24 tunnel: new url https://retrieve-persian-cir-maine.trycloudflare.com (published)
[live] api board: 0/29 markets from sattamatkaapi.live
[live] sara567 fallback: 0/0 markets
[live] wrote "live_results.json" (0/29 markets, 233240 bytes)
publish-url: unchanged https://retrieve-persian-cir-maine.trycloudflare.com
auto-push failed: To https://github.com/rm3013760-bit/matka-site.git
[live] api board: 0/29 markets from sattamatkaapi.live
[live] sara567 fallback: 0/0 markets
[live] wrote "live_results.json" (0/29 markets, 233240 bytes)
publish-url: unchanged https://retrieve-persian-cir-maine.trycloudflare.com
[live] api board: 0/29 markets from sattamatkaapi.live
[live] sara567 fallback: 0/0 markets
[live] wrote "live_results.json" (0/29 markets, 233240 bytes)
publish-url: unchanged https://retrieve-persian-cir-maine.trycloudflare.com
auto-push ok 04:24
[live] api board: 0/29 markets from sattamatkaapi.live
[live] sara567 fallback: 0/0 markets
[live] wrote "live_results.json" (0/29 markets, 233240 bytes)
publish-url: unchanged https://retrieve-persian-cir-maine.trycloudflare.com
auto-push ok 04:27
04:27:44 tunnel: public check failed, backing off 10min
[live] api board: 0/29 markets from sattamatkaapi.live
[live] sara567 fallback: 0/0 markets
[live] wrote "live_results.json" (0/29 markets, 233240 bytes)
publish-url: unchanged https://retrieve-persian-cir-maine.trycloudflare.com
auto-push ok 04:30
[live] api board: 0/29 markets from sattamatkaapi.live
[live] sara567 fallback: 0/0 markets
[live] wrote "live_results.json" (0/29 markets, 233240 bytes)
publish-url: unchanged https://retrieve-persian-cir-maine.trycloudflare.com
[live] api board: 0/29 markets from sattamatkaapi.live
[live] sara567 fallback: 0/0 markets
[live] wrote "live_results.json" (0/29 markets, 233240 bytes)
publish-url: unchanged https://retrieve-persian-cir-maine.trycloudflare.com
[live] api board: 0/29 markets from sattamatkaapi.live
[live] sara567 fallback: 0/0 markets
[live] wrote "live_results.json" (0/29 markets, 233240 bytes)
publish-url: unchanged https://authorities-some-foto-porter.trycloudflare.com
[live] api board: 0/29 markets from sattamatkaapi.live
[live] sara567 fallback: 0/0 markets
[live] wrote "live_results.json" (0/29 markets, 233240 bytes)
publish-url: unchanged https://authorities-some-foto-porter.trycloudflare.com
[live] api board: 0/29 markets from sattamatkaapi.live
[live] sara567 fallback: 0/0 markets
[live] wrote "live_results.json" (0/29 markets, 233240 bytes)
publish-url: unchanged https://authorities-some-foto-porter.trycloudflare.com
auto-push ok 04:45
04:48:06 tunnel: new url https://automation-analog-methods-surprising.trycloudflare.com (published)
[live] api board: 0/29 markets from sattamatkaapi.live
[live] sara567 fallback: 0/0 markets
[live] wrote "live_results.json" (0/29 markets, 233240 bytes)
publish-url: unchanged https://automation-analog-methods-surprising.trycloudflare.com
auto-push ok 04:48
[live] api board: 0/29 markets from sattamatkaapi.live
[live] sara567 fallback: 0/0 markets
[live] wrote "live_results.json" (0/29 markets, 233240 bytes)
publish-url: unchanged https://automation-analog-methods-surprising.trycloudflare.com
auto-push ok 04:51
[live] api board: 0/29 markets from sattamatkaapi.live
[live] sara567 fallback: 0/0 markets
[live] wrote "live_results.json" (0/29 markets, 233240 bytes)
publish-url: unchanged https://automation-analog-methods-surprising.trycloudflare.com
auto-push ok 04:54
[live] api board: 0/29 markets from sattamatkaapi.live
[live] sara567 fallback: 0/0 markets
[live] wrote "live_results.json" (0/29 markets, 233240 bytes)
publish-url: unchanged https://automation-analog-methods-surprising.trycloudflare.com
[live] api board: 0/29 markets from sattamatkaapi.live
[live] sara567 fallback: 0/0 markets
[live] wrote "live_results.json" (0/29 markets, 233240 bytes)
publish-url: unchanged https://automation-analog-methods-surprising.trycloudflare.com
auto-push ok 05:01
[live] api board: 0/29 markets from sattamatkaapi.live
[live] sara567 fallback: 0/0 markets
[live] wrote "live_results.json" (0/29 markets, 233240 bytes)
publish-url: unchanged https://automation-analog-methods-surprising.trycloudflare.com
[live] api board: 0/29 markets from sattamatkaapi.live
[live] sara567 fallback: 0/0 markets
[live] wrote "live_results.json" (0/29 markets, 233240 bytes)
publish-url: unchanged https://automation-analog-methods-surprising.trycloudflare.com
auto-push ok 05:07
[live] api board: 0/29 markets from sattamatkaapi.live
[live] sara567 fallback: 0/0 markets
[live] wrote "live_results.json" (0/29 markets, 233240 bytes)
publish-url: unchanged https://automation-analog-methods-surprising.trycloudflare.com
auto-push ok 05:10
[live] api board: 0/29 markets from sattamatkaapi.live
[live] sara567 fallback: 0/0 markets
[live] wrote "live_results.json" (0/29 markets, 233240 bytes)
publish-url: unchanged https://automation-analog-methods-surprising.trycloudflare.com
[live] api board: 0/29 markets from sattamatkaapi.live
[live] sara567 fallback: 0/0 markets
[live] wrote "live_results.json" (0/29 markets, 233240 bytes)
publish-url: unchanged https://automation-analog-methods-surprising.trycloudflare.com
auto-push ok 05:16
[live] api board: 0/29 markets from sattamatkaapi.live
[live] sara567 fallback: 0/0 markets
[live] wrote "live_results.json" (0/29 markets, 233240 bytes)
publish-url: unchanged https://automation-analog-methods-surprising.trycloudflare.com
auto-push ok 05:19
[live] api board: 0/29 markets from sattamatkaapi.live
[live] sara567 fallback: 0/0 markets
[live] wrote "live_results.json" (0/29 markets, 233240 bytes)
publish-url: unchanged https://automation-analog-methods-surprising.trycloudflare.com
auto-push ok 05:22
[live] api board: 0/29 markets from sattamatkaapi.live
[live] sara567 fallback: 0/0 markets
[live] wrote "live_results.json" (0/29 markets, 233240 bytes)
publish-url: unchanged https://automation-analog-methods-surprising.trycloudflare.com
auto-push ok 05:25
[live] api board: 0/29 markets from sattamatkaapi.live
[live] sara567 fallback: 0/0 markets
[live] wrote "live_results.json" (0/29 markets, 233240 bytes)
publish-url: unchanged https://automation-analog-methods-surprising.trycloudflare.com
[live] api board: 0/29 markets from sattamatkaapi.live
[live] sara567 fallback: 0/0 markets
[live] wrote "live_results.json" (0/29 markets, 233240 bytes)
publish-url: unchanged https://automation-analog-methods-surprising.trycloudflare.com
[live] api board: 0/29 markets from sattamatkaapi.live
[live] sara567 fallback: 0/0 markets
[live] wrote "live_results.json" (0/29 markets, 233240 bytes)
publish-url: unchanged https://automation-analog-methods-surprising.trycloudflare.com
[live] api board: 0/29 markets from sattamatkaapi.live
[live] sara567 fallback: 0/0 markets
[live] wrote "live_results.json" (0/29 markets, 233240 bytes)
publish-url: unchanged https://automation-analog-methods-surprising.trycloudflare.com
[live] api board: 0/29 markets from sattamatkaapi.live
[live] sara567 fallback: 0/0 markets
[live] wrote "live_results.json" (0/29 markets, 233240 bytes)
publish-url: unchanged https://automation-analog-methods-surprising.trycloudflare.com
auto-push ok 05:41
[live] api board: 0/29 markets from sattamatkaapi.live
[live] sara567 fallback: 0/0 markets
[live] wrote "live_results.json" (0/29 markets, 233240 bytes)
publish-url: unchanged https://automation-analog-methods-surprising.trycloudflare.com
auto-push ok 05:44
[live] api board: 0/29 markets from sattamatkaapi.live
[live] sara567 fallback: 0/0 markets
[live] wrote "live_results.json" (0/29 markets, 233240 bytes)
publish-url: unchanged https://automation-analog-methods-surprising.trycloudflare.com
[live] api board: 0/29 markets from sattamatkaapi.live
[live] sara567 fallback: 0/0 markets
[live] wrote "live_results.json" (0/29 markets, 233240 bytes)
publish-url: unchanged https://automation-analog-methods-surprising.trycloudflare.com
auto-push ok 05:50
[live] api board: 0/29 markets from sattamatkaapi.live
[live] sara567 fallback: 0/0 markets
[live] wrote "live_results.json" (0/29 markets, 233240 bytes)
publish-url: unchanged https://automation-analog-methods-surprising.trycloudflare.com
auto-push ok 05:53
[live] api board: 0/29 markets from sattamatkaapi.live
[live] sara567 fallback: 0/0 markets
[live] wrote "live_results.json" (0/29 markets, 233240 bytes)
publish-url: unchanged https://automation-analog-methods-surprising.trycloudflare.com
auto-push ok 05:56
[live] api board: 0/29 markets from sattamatkaapi.live
[live] sara567 fallback: 0/0 markets
[live] wrote "live_results.json" (0/29 markets, 233240 bytes)
publish-url: unchanged https://automation-analog-methods-surprising.trycloudflare.com
auto-push ok 05:59
23:27:00 tunnel: public check failed, backing off 10min
[live] api board: 29/29 markets from sattamatkaapi.live
[live] sara567 fallback: 0/0 markets
[live] wrote "live_results.json" (29/29 markets, 237342 bytes)
publish-url: unchanged https://automation-analog-methods-surprising.trycloudflare.com
auto-push failed: To https://github.com/rm3013760-bit/matka-site.git
[live] api board: 29/29 markets from sattamatkaapi.live
[live] sara567 fallback: 0/0 markets
[live] wrote "live_results.json" (29/29 markets, 237342 bytes)
publish-url: unchanged https://automation-analog-methods-surprising.trycloudflare.com
auto-push failed: To https://github.com/rm3013760-bit/matka-site.git
[live] api board: 29/29 markets from sattamatkaapi.live
[live] sara567 fallback: 0/0 markets
[live] wrote "live_results.json" (29/29 markets, 237342 bytes)
publish-url: unchanged https://automation-analog-methods-surprising.trycloudflare.com
auto-push failed: To https://github.com/rm3013760-bit/matka-site.git
[live] api board: 29/29 markets from sattamatkaapi.live
[live] sara567 fallback: 0/0 markets
[live] wrote "live_results.json" (29/29 markets, 237342 bytes)
publish-url: unchanged https://automation-analog-methods-surprising.trycloudflare.com
auto-push failed: To https://github.com/rm3013760-bit/matka-site.git
23:37:11 tunnel: new url https://monthly-suggested-investigated-wrapping.trycloudflare.com (published)
23:37:12 tunnel: public check failed, backing off 10min
[live] api board: 29/29 markets from sattamatkaapi.live
[live] sara567 fallback: 0/0 markets
[live] wrote "live_results.json" (29/29 markets, 237342 bytes)
publish-url: unchanged https://monthly-suggested-investigated-wrapping.trycloudflare.com
auto-push failed: To https://github.com/rm3013760-bit/matka-site.git
[live] api board: 29/29 markets from sattamatkaapi.live
[live] sara567 fallback: 0/0 markets
[live] wrote "live_results.json" (29/29 markets, 237342 bytes)
publish-url: unchanged https://monthly-suggested-investigated-wrapping.trycloudflare.com
auto-push failed: To https://github.com/rm3013760-bit/matka-site.git
[live] api board: 29/29 markets from sattamatkaapi.live
[live] sara567 fallback: 0/0 markets
[live] wrote "live_results.json" (29/29 markets, 237342 bytes)
publish-url: unchanged https://monthly-suggested-investigated-wrapping.trycloudflare.com
auto-push failed: To https://github.com/rm3013760-bit/matka-site.git
23:47:20 tunnel: new url https://momentum-events-simpson-protecting.trycloudflare.com (published)
23:47:20 tunnel: public check failed, backing off 10min
[live] api board: 29/29 markets from sattamatkaapi.live
[live] sara567 fallback: 0/0 markets
[live] wrote "live_results.json" (29/29 markets, 237357 bytes)
publish-url: unchanged https://momentum-events-simpson-protecting.trycloudflare.com
auto-push failed: To https://github.com/rm3013760-bit/matka-site.git
[live] api board: 29/29 markets from sattamatkaapi.live
[live] sara567 fallback: 0/0 markets
[live] wrote "live_results.json" (29/29 markets, 237357 bytes)
publish-url: unchanged https://momentum-events-simpson-protecting.trycloudflare.com
auto-push failed: To https://github.com/rm3013760-bit/matka-site.git
[live] api board: 29/29 markets from sattamatkaapi.live
[live] sara567 fallback: 0/0 markets
[live] wrote "live_results.json" (29/29 markets, 237357 bytes)
publish-url: unchanged https://momentum-events-simpson-protecting.trycloudflare.com
auto-push failed: To https://github.com/rm3013760-bit/matka-site.git
23:57:32 tunnel: new url https://nav-angeles-mountain-chairman.trycloudflare.com (published)
[live] api board: 29/29 markets from sattamatkaapi.live
[live] sara567 fallback: 0/0 markets
[live] wrote "live_results.json" (29/29 markets, 237372 bytes)
publish-url: unchanged https://nav-angeles-mountain-chairman.trycloudflare.com
auto-push failed: To https://github.com/rm3013760-bit/matka-site.git
[live] api board: 1/29 markets from sattamatkaapi.live
[live] sara567 fallback: 0/0 markets
[live] wrote "live_results.json" (1/29 markets, 233368 bytes)
publish-url: unchanged https://nav-angeles-mountain-chairman.trycloudflare.com
auto-push failed: To https://github.com/rm3013760-bit/matka-site.git
[live] api board: 1/29 markets from sattamatkaapi.live
[live] sara567 fallback: 0/0 markets
[live] wrote "live_results.json" (1/29 markets, 233368 bytes)
publish-url: unchanged https://nav-angeles-mountain-chairman.trycloudflare.com
auto-push failed: To https://github.com/rm3013760-bit/matka-site.git
[live] api board: 1/29 markets from sattamatkaapi.live
[live] sara567 fallback: 0/0 markets
[live] wrote "live_results.json" (1/29 markets, 233368 bytes)
publish-url: unchanged https://nav-angeles-mountain-chairman.trycloudflare.com
auto-push failed: To https://github.com/rm3013760-bit/matka-site.git
[live] api board: 1/29 markets from sattamatkaapi.live
[live] sara567 fallback: 0/0 markets
[live] wrote "live_results.json" (1/29 markets, 233368 bytes)
publish-url: unchanged https://nav-angeles-mountain-chairman.trycloudflare.com
auto-push failed: To https://github.com/rm3013760-bit/matka-site.git
[live] api board: 1/29 markets from sattamatkaapi.live
[live] sara567 fallback: 0/0 markets
[live] wrote "live_results.json" (1/29 markets, 233383 bytes)
publish-url: unchanged https://nav-angeles-mountain-chairman.trycloudflare.com
auto-push failed: To https://github.com/rm3013760-bit/matka-site.git
[live] api board: 1/29 markets from sattamatkaapi.live
[live] sara567 fallback: 0/0 markets
[live] wrote "live_results.json" (1/29 markets, 233383 bytes)
publish-url: unchanged https://nav-angeles-mountain-chairman.trycloudflare.com
auto-push failed: To https://github.com/rm3013760-bit/matka-site.git
[live] api board: 1/29 markets from sattamatkaapi.live
[live] sara567 fallback: 0/0 markets
[live] wrote "live_results.json" (1/29 markets, 233383 bytes)
publish-url: unchanged https://nav-angeles-mountain-chairman.trycloudflare.com
auto-push failed: To https://github.com/rm3013760-bit/matka-site.git
[live] api board: 1/29 markets from sattamatkaapi.live
[live] sara567 fallback: 0/0 markets
[live] wrote "live_results.json" (1/29 markets, 233383 bytes)
publish-url: unchanged https://nav-angeles-mountain-chairman.trycloudflare.com
auto-push failed: To https://github.com/rm3013760-bit/matka-site.git
[live] api board: 1/29 markets from sattamatkaapi.live
[live] sara567 fallback: 0/0 markets
[live] wrote "live_results.json" (1/29 markets, 233383 bytes)
publish-url: unchanged https://nav-angeles-mountain-chairman.trycloudflare.com
auto-push failed: To https://github.com/rm3013760-bit/matka-site.git
[live] api board: 1/29 markets from sattamatkaapi.live
[live] sara567 fallback: 0/0 markets
[live] wrote "live_results.json" (1/29 markets, 233383 bytes)
publish-url: unchanged https://nav-angeles-mountain-chairman.trycloudflare.com
auto-push failed: To https://github.com/rm3013760-bit/matka-site.git
[live] api board: 0/29 markets from sattamatkaapi.live
[live] sara567 fallback: 0/0 markets
[live] wrote "live_results.json" (0/29 markets, 233240 bytes)
publish-url: unchanged https://nav-angeles-mountain-chairman.trycloudflare.com
auto-push failed: To https://github.com/rm3013760-bit/matka-site.git
[live] api board: 0/29 markets from sattamatkaapi.live
[live] sara567 fallback: 0/0 markets
[live] wrote "live_results.json" (0/29 markets, 233240 bytes)
publish-url: unchanged https://nav-angeles-mountain-chairman.trycloudflare.com
auto-push failed: To https://github.com/rm3013760-bit/matka-site.git
[live] api board: 0/29 markets from sattamatkaapi.live
[live] sara567 fallback: 0/0 markets
[live] wrote "live_results.json" (0/29 markets, 233240 bytes)
publish-url: unchanged https://nav-angeles-mountain-chairman.trycloudflare.com
auto-push failed: To https://github.com/rm3013760-bit/matka-site.git
[live] api board: 0/29 markets from sattamatkaapi.live
[live] sara567 fallback: 0/0 markets
[live] wrote "live_results.json" (0/29 markets, 233240 bytes)
publish-url: unchanged https://nav-angeles-mountain-chairman.trycloudflare.com
auto-push failed: To https://github.com/rm3013760-bit/matka-site.git
[live] api board: 0/29 markets from sattamatkaapi.live
[live] sara567 fallback: 0/0 markets
[live] wrote "live_results.json" (0/29 markets, 233240 bytes)
publish-url: unchanged https://nav-angeles-mountain-chairman.trycloudflare.com
auto-push failed: To https://github.com/rm3013760-bit/matka-site.git
[live] api board: 0/29 markets from sattamatkaapi.live
[live] sara567 fallback: 0/0 markets
[live] wrote "live_results.json" (0/29 markets, 233240 bytes)
publish-url: unchanged https://nav-angeles-mountain-chairman.trycloudflare.com
auto-push failed: To https://github.com/rm3013760-bit/matka-site.git
[live] api board: 0/29 markets from sattamatkaapi.live
[live] sara567 fallback: 0/0 markets
[live] wrote "live_results.json" (0/29 markets, 233240 bytes)
publish-url: unchanged https://nav-angeles-mountain-chairman.trycloudflare.com
auto-push failed: To https://github.com/rm3013760-bit/matka-site.git
[live] api board: 0/29 markets from sattamatkaapi.live
[live] sara567 fallback: 0/0 markets
[live] wrote "live_results.json" (0/29 markets, 233240 bytes)
publish-url: unchanged https://nav-angeles-mountain-chairman.trycloudflare.com
auto-push failed: To https://github.com/rm3013760-bit/matka-site.git
[live] api board: 0/29 markets from sattamatkaapi.live
[live] sara567 fallback: 0/0 markets
[live] wrote "live_results.json" (0/29 markets, 233240 bytes)
publish-url: unchanged https://nav-angeles-mountain-chairman.trycloudflare.com
auto-push failed: To https://github.com/rm3013760-bit/matka-site.git
[live] api board: 0/29 markets from sattamatkaapi.live
[live] sara567 fallback: 0/0 markets
[live] wrote "live_results.json" (0/29 markets, 233240 bytes)
publish-url: unchanged https://nav-angeles-mountain-chairman.trycloudflare.com
auto-push failed: To https://github.com/rm3013760-bit/matka-site.git
[live] api board: 0/29 markets from sattamatkaapi.live
[live] sara567 fallback: 0/0 markets
[live] wrote "live_results.json" (0/29 markets, 233240 bytes)
publish-url: unchanged https://nav-angeles-mountain-chairman.trycloudflare.com
auto-push failed: To https://github.com/rm3013760-bit/matka-site.git
[live] api board: 0/29 markets from sattamatkaapi.live
[live] sara567 fallback: 0/0 markets
[live] wrote "live_results.json" (0/29 markets, 233240 bytes)
publish-url: unchanged https://nav-angeles-mountain-chairman.trycloudflare.com
auto-push failed: To https://github.com/rm3013760-bit/matka-site.git
[live] api board: 0/29 markets from sattamatkaapi.live
[live] sara567 fallback: 0/0 markets
[live] wrote "live_results.json" (0/29 markets, 233240 bytes)
publish-url: unchanged https://nav-angeles-mountain-chairman.trycloudflare.com
auto-push failed: To https://github.com/rm3013760-bit/matka-site.git
[live] api board: 0/29 markets from sattamatkaapi.live
[live] sara567 fallback: 0/0 markets
[live] wrote "live_results.json" (0/29 markets, 233240 bytes)
publish-url: unchanged https://nav-angeles-mountain-chairman.trycloudflare.com
auto-push failed: To https://github.com/rm3013760-bit/matka-site.git
[live] api board: 0/29 markets from sattamatkaapi.live
[live] sara567 fallback: 0/0 markets
[live] wrote "live_results.json" (0/29 markets, 233240 bytes)
publish-url: unchanged https://nav-angeles-mountain-chairman.trycloudflare.com
auto-push failed: To https://github.com/rm3013760-bit/matka-site.git
[live] api board: 0/29 markets from sattamatkaapi.live
[live] sara567 fallback: 0/0 markets
[live] wrote "live_results.json" (0/29 markets, 233240 bytes)
publish-url: unchanged https://nav-angeles-mountain-chairman.trycloudflare.com
auto-push failed: To https://github.com/rm3013760-bit/matka-site.git
[live] api board: 0/29 markets from sattamatkaapi.live
[live] sara567 fallback: 0/0 markets
[live] wrote "live_results.json" (0/29 markets, 233240 bytes)
publish-url: unchanged https://nav-angeles-mountain-chairman.trycloudflare.com
auto-push failed: To https://github.com/rm3013760-bit/matka-site.git
[live] api board: 0/29 markets from sattamatkaapi.live
[live] sara567 fallback: 0/0 markets
[live] wrote "live_results.json" (0/29 markets, 233240 bytes)
publish-url: unchanged https://nav-angeles-mountain-chairman.trycloudflare.com
auto-push failed: To https://github.com/rm3013760-bit/matka-site.git
[live] api board: 0/29 markets from sattamatkaapi.live
[live] sara567 fallback: 0/0 markets
[live] wrote "live_results.json" (0/29 markets, 233240 bytes)
publish-url: unchanged https://nav-angeles-mountain-chairman.trycloudflare.com
auto-push failed: To https://github.com/rm3013760-bit/matka-site.git
[live] api board: 0/29 markets from sattamatkaapi.live
[live] sara567 fallback: 0/0 markets
[live] wrote "live_results.json" (0/29 markets, 233240 bytes)
publish-url: unchanged https://nav-angeles-mountain-chairman.trycloudflare.com
auto-push failed: To https://github.com/rm3013760-bit/matka-site.git
[live] api board: 0/29 markets from sattamatkaapi.live
[live] sara567 fallback: 0/0 markets
[live] wrote "live_results.json" (0/29 markets, 233240 bytes)
publish-url: unchanged https://nav-angeles-mountain-chairman.trycloudflare.com
auto-push failed: To https://github.com/rm3013760-bit/matka-site.git
[live] api board: 0/29 markets from sattamatkaapi.live
[live] sara567 fallback: 0/0 markets
[live] wrote "live_results.json" (0/29 markets, 233240 bytes)
publish-url: unchanged https://nav-angeles-mountain-chairman.trycloudflare.com
auto-push failed: To https://github.com/rm3013760-bit/matka-site.git
[live] api board: 0/29 markets from sattamatkaapi.live
[live] sara567 fallback: 0/0 markets
[live] wrote "live_results.json" (0/29 markets, 233240 bytes)
publish-url: unchanged https://nav-angeles-mountain-chairman.trycloudflare.com
auto-push failed: To https://github.com/rm3013760-bit/matka-site.git
[live] api board: 0/29 markets from sattamatkaapi.live
[live] sara567 fallback: 0/0 markets
[live] wrote "live_results.json" (0/29 markets, 233240 bytes)
publish-url: unchanged https://nav-angeles-mountain-chairman.trycloudflare.com
auto-push failed: To https://github.com/rm3013760-bit/matka-site.git
[live] api board: 0/29 markets from sattamatkaapi.live
[live] sara567 fallback: 0/0 markets
[live] wrote "live_results.json" (0/29 markets, 233240 bytes)
publish-url: unchanged https://nav-angeles-mountain-chairman.trycloudflare.com
auto-push failed: To https://github.com/rm3013760-bit/matka-site.git
[live] api board: 0/29 markets from sattamatkaapi.live
[live] sara567 fallback: 0/0 markets
[live] wrote "live_results.json" (0/29 markets, 233240 bytes)
publish-url: unchanged https://nav-angeles-mountain-chairman.trycloudflare.com
auto-push failed: To https://github.com/rm3013760-bit/matka-site.git
[live] api board: 0/29 markets from sattamatkaapi.live
[live] sara567 fallback: 0/0 markets
[live] wrote "live_results.json" (0/29 markets, 233240 bytes)
publish-url: unchanged https://nav-angeles-mountain-chairman.trycloudflare.com
auto-push failed: To https://github.com/rm3013760-bit/matka-site.git
[live] api board: 0/29 markets from sattamatkaapi.live
[live] sara567 fallback: 0/0 markets
[live] wrote "live_results.json" (0/29 markets, 233240 bytes)
publish-url: unchanged https://nav-angeles-mountain-chairman.trycloudflare.com
auto-push failed: To https://github.com/rm3013760-bit/matka-site.git
[live] api board: 0/29 markets from sattamatkaapi.live
[live] sara567 fallback: 0/0 markets
[live] wrote "live_results.json" (0/29 markets, 233240 bytes)
publish-url: unchanged https://nav-angeles-mountain-chairman.trycloudflare.com
auto-push failed: To https://github.com/rm3013760-bit/matka-site.git
[live] api board: 0/29 markets from sattamatkaapi.live
[live] sara567 fallback: 0/0 markets
[live] wrote "live_results.json" (0/29 markets, 233240 bytes)
publish-url: unchanged https://nav-angeles-mountain-chairman.trycloudflare.com
auto-push failed: To https://github.com/rm3013760-bit/matka-site.git
[live] api board: 0/29 markets from sattamatkaapi.live
[live] sara567 fallback: 0/0 markets
[live] wrote "live_results.json" (0/29 markets, 233240 bytes)
publish-url: unchanged https://nav-angeles-mountain-chairman.trycloudflare.com
auto-push failed: To https://github.com/rm3013760-bit/matka-site.git
[live] api board: 0/29 markets from sattamatkaapi.live
[live] sara567 fallback: 0/0 markets
[live] wrote "live_results.json" (0/29 markets, 233240 bytes)
publish-url: unchanged https://nav-angeles-mountain-chairman.trycloudflare.com
auto-push failed: To https://github.com/rm3013760-bit/matka-site.git
[live] api board: 0/29 markets from sattamatkaapi.live
[live] sara567 fallback: 0/0 markets
[live] wrote "live_results.json" (0/29 markets, 233240 bytes)
publish-url: unchanged https://nav-angeles-mountain-chairman.trycloudflare.com
auto-push failed: To https://github.com/rm3013760-bit/matka-site.git
[live] api board: 0/29 markets from sattamatkaapi.live
[live] sara567 fallback: 0/0 markets
[live] wrote "live_results.json" (0/29 markets, 233240 bytes)
publish-url: unchanged https://nav-angeles-mountain-chairman.trycloudflare.com
auto-push failed: To https://github.com/rm3013760-bit/matka-site.git
[live] api board: 0/29 markets from sattamatkaapi.live
[live] sara567 fallback: 0/0 markets
[live] wrote "live_results.json" (0/29 markets, 233240 bytes)
publish-url: unchanged https://nav-angeles-mountain-chairman.trycloudflare.com
auto-push failed: To https://github.com/rm3013760-bit/matka-site.git
[live] api board: 0/29 markets from sattamatkaapi.live
[live] sara567 fallback: 0/0 markets
[live] wrote "live_results.json" (0/29 markets, 233240 bytes)
publish-url: unchanged https://nav-angeles-mountain-chairman.trycloudflare.com
auto-push failed: To https://github.com/rm3013760-bit/matka-site.git
[live] api board: 0/29 markets from sattamatkaapi.live
[live] sara567 fallback: 0/0 markets
[live] wrote "live_results.json" (0/29 markets, 233240 bytes)
publish-url: unchanged https://nav-angeles-mountain-chairman.trycloudflare.com
auto-push failed: To https://github.com/rm3013760-bit/matka-site.git
[live] api board: 0/29 markets from sattamatkaapi.live
[live] sara567 fallback: 0/0 markets
[live] wrote "live_results.json" (0/29 markets, 233240 bytes)
publish-url: unchanged https://nav-angeles-mountain-chairman.trycloudflare.com
auto-push failed: To https://github.com/rm3013760-bit/matka-site.git
[live] api board: 0/29 markets from sattamatkaapi.live
[live] sara567 fallback: 0/0 markets
[live] wrote "live_results.json" (0/29 markets, 233240 bytes)
publish-url: unchanged https://nav-angeles-mountain-chairman.trycloudflare.com
auto-push failed: To https://github.com/rm3013760-bit/matka-site.git
[live] api board: 0/29 markets from sattamatkaapi.live
[live] sara567 fallback: 0/0 markets
[live] wrote "live_results.json" (0/29 markets, 233240 bytes)
publish-url: unchanged https://nav-angeles-mountain-chairman.trycloudflare.com
auto-push failed: To https://github.com/rm3013760-bit/matka-site.git
[live] api board: 0/29 markets from sattamatkaapi.live
[live] sara567 fallback: 0/0 markets
[live] wrote "live_results.json" (0/29 markets, 233240 bytes)
publish-url: unchanged https://nav-angeles-mountain-chairman.trycloudflare.com
auto-push failed: To https://github.com/rm3013760-bit/matka-site.git
[live] api board: 0/29 markets from sattamatkaapi.live
[live] sara567 fallback: 0/0 markets
[live] wrote "live_results.json" (0/29 markets, 233240 bytes)
publish-url: unchanged https://nav-angeles-mountain-chairman.trycloudflare.com
auto-push failed: To https://github.com/rm3013760-bit/matka-site.git
[live] api board: 0/29 markets from sattamatkaapi.live
[live] sara567 fallback: 0/0 markets
[live] wrote "live_results.json" (0/29 markets, 233240 bytes)
publish-url: unchanged https://nav-angeles-mountain-chairman.trycloudflare.com
auto-push failed: To https://github.com/rm3013760-bit/matka-site.git
[live] api board: 0/29 markets from sattamatkaapi.live
[live] sara567 fallback: 0/0 markets
[live] wrote "live_results.json" (0/29 markets, 233240 bytes)
publish-url: unchanged https://nav-angeles-mountain-chairman.trycloudflare.com
auto-push failed: To https://github.com/rm3013760-bit/matka-site.git
[live] api board: 0/29 markets from sattamatkaapi.live
[live] sara567 fallback: 0/0 markets
[live] wrote "live_results.json" (0/29 markets, 233240 bytes)
publish-url: unchanged https://nav-angeles-mountain-chairman.trycloudflare.com
auto-push failed: To https://github.com/rm3013760-bit/matka-site.git
[live] api board: 0/29 markets from sattamatkaapi.live
[live] sara567 fallback: 0/0 markets
[live] wrote "live_results.json" (0/29 markets, 233240 bytes)
publish-url: unchanged https://nav-angeles-mountain-chairman.trycloudflare.com
auto-push failed: To https://github.com/rm3013760-bit/matka-site.git
[live] api board: 0/29 markets from sattamatkaapi.live
[live] sara567 fallback: 0/0 markets
[live] wrote "live_results.json" (0/29 markets, 233240 bytes)
publish-url: unchanged https://nav-angeles-mountain-chairman.trycloudflare.com
auto-push failed: To https://github.com/rm3013760-bit/matka-site.git
[live] api board: 0/29 markets from sattamatkaapi.live
[live] sara567 fallback: 0/0 markets
[live] wrote "live_results.json" (0/29 markets, 233240 bytes)
publish-url: unchanged https://nav-angeles-mountain-chairman.trycloudflare.com
auto-push failed: To https://github.com/rm3013760-bit/matka-site.git
[live] api board: 0/29 markets from sattamatkaapi.live
[live] sara567 fallback: 0/0 markets
[live] wrote "live_results.json" (0/29 markets, 233240 bytes)
publish-url: unchanged https://nav-angeles-mountain-chairman.trycloudflare.com
auto-push failed: To https://github.com/rm3013760-bit/matka-site.git
[live] api board: 0/29 markets from sattamatkaapi.live
[live] sara567 fallback: 0/0 markets
[live] wrote "live_results.json" (0/29 markets, 233240 bytes)
publish-url: unchanged https://nav-angeles-mountain-chairman.trycloudflare.com
auto-push failed: To https://github.com/rm3013760-bit/matka-site.git
[live] api board: 0/29 markets from sattamatkaapi.live
[live] sara567 fallback: 0/0 markets
[live] wrote "live_results.json" (0/29 markets, 233240 bytes)
publish-url: unchanged https://nav-angeles-mountain-chairman.trycloudflare.com
auto-push failed: To https://github.com/rm3013760-bit/matka-site.git
[live] api board failed: fetch failed (falling back to sara567 scrape)
[live] sita-morning failed: fetch failed
[live] star-tara-morning failed: fetch failed
[live] sridevi failed: fetch failed
[live] milan-morning failed: fetch failed
[live] kalyan-morning failed: fetch failed
[live] sita-day failed: fetch failed
[live] star-tara-day failed: fetch failed
[live] milan-day failed: fetch failed
[live] kalyan-main failed: fetch failed
[live] sita-night failed: fetch failed
[live] sridevi-night failed: fetch failed
[live] star-tara-night failed: fetch failed
[live] milan-night failed: fetch failed
[live] kalyan-night failed: fetch failed
[live] main-bazar failed: fetch failed
[live] andhra-morning failed: fetch failed
[live] andhra-day failed: fetch failed
[live] andhra-night failed: fetch failed
[live] kamal-morning failed: fetch failed
[live] kamal-day failed: fetch failed
[live] kamal-night failed: fetch failed
[live] madhur-morning failed: fetch failed
[live] madhur-day failed: fetch failed
[live] rajdhani-day failed: fetch failed
[live] rajdhani-night failed: fetch failed
[live] supreme-day failed: fetch failed
[live] supreme-night failed: fetch failed
[live] mahadevi failed: fetch failed
[live] time-bazar failed: fetch failed
[live] sara567 fallback: 0/29 markets
[live] wrote "live_results.json" (0/29 markets, 233240 bytes)
publish-url: unchanged https://nav-angeles-mountain-chairman.trycloudflare.com
auto-push failed: fatal: unable to access 'https://github.com/rm3013760-bit/matka-site.git/': Could not resolve host: github.com
03:08:36 tunnel: public check failed, backing off 10min
[live] api board: 0/29 markets from sattamatkaapi.live
[live] sara567 fallback: 0/0 markets
[live] wrote "live_results.json" (0/29 markets, 233240 bytes)
publish-url: unchanged https://nav-angeles-mountain-chairman.trycloudflare.com
auto-push failed: To https://github.com/rm3013760-bit/matka-site.git
[live] api board: 0/29 markets from sattamatkaapi.live
[live] sara567 fallback: 0/0 markets
[live] wrote "live_results.json" (0/29 markets, 233240 bytes)
publish-url: unchanged https://nav-angeles-mountain-chairman.trycloudflare.com
auto-push failed: To https://github.com/rm3013760-bit/matka-site.git
[live] api board: 0/29 markets from sattamatkaapi.live
[live] sara567 fallback: 0/0 markets
[live] wrote "live_results.json" (0/29 markets, 233240 bytes)
publish-url: unchanged https://nav-angeles-mountain-chairman.trycloudflare.com
auto-push failed: To https://github.com/rm3013760-bit/matka-site.git
05:23:10 tunnel: new url https://api.trycloudflare.com (published)
05:25:32 tunnel: public check failed, backing off 10min
[live] api board failed: The operation was aborted due to timeout (falling back to sara567 scrape)
[live] sita-morning failed: The operation was aborted due to timeout
[live] star-tara-morning failed: The operation was aborted due to timeout
[live] milan-morning failed: The operation was aborted due to timeout
[live] sridevi failed: The operation was aborted due to timeout
[live] kalyan-morning failed: The operation was aborted due to timeout
[live] sita-day failed: The operation was aborted due to timeout
[live] star-tara-day failed: The operation was aborted due to timeout
[live] milan-day failed: The operation was aborted due to timeout
[live] kalyan-main failed: The operation was aborted due to timeout
[live] sita-night failed: The operation was aborted due to timeout
[live] sridevi-night failed: The operation was aborted due to timeout
[live] star-tara-night failed: The operation was aborted due to timeout
[live] milan-night failed: The operation was aborted due to timeout
[live] kalyan-night failed: The operation was aborted due to timeout
[live] main-bazar failed: The operation was aborted due to timeout
[live] andhra-morning failed: The operation was aborted due to timeout
[live] andhra-day failed: The operation was aborted due to timeout
[live] andhra-night failed: The operation was aborted due to timeout
[live] kamal-morning failed: The operation was aborted due to timeout
[live] kamal-day failed: The operation was aborted due to timeout
[live] kamal-night failed: The operation was aborted due to timeout
[live] madhur-morning failed: The operation was aborted due to timeout
[live] madhur-day failed: The operation was aborted due to timeout
[live] rajdhani-day failed: The operation was aborted due to timeout
[live] rajdhani-night failed: The operation was aborted due to timeout
[live] time-bazar failed: fetch failed
[live] supreme-day failed: fetch failed
[live] supreme-night failed: fetch failed
[live] mahadevi failed: fetch failed
[live] sara567 fallback: 0/29 markets
[live] wrote "live_results.json" (0/29 markets, 233240 bytes)
publish-url: unchanged https://api.trycloudflare.com
auto-push failed: fatal: unable to access 'https://github.com/rm3013760-bit/matka-site.git/': Resolving timed out after 2401637 milliseconds
[live] api board failed: fetch failed (falling back to sara567 scrape)
[live] sita-morning failed: fetch failed
[live] star-tara-morning failed: fetch failed
[live] milan-morning failed: fetch failed
[live] sridevi failed: fetch failed
[live] kalyan-morning failed: fetch failed
[live] sita-day failed: fetch failed
[live] star-tara-day failed: fetch failed
[live] milan-day failed: fetch failed
[live] kalyan-main failed: fetch failed
[live] sita-night failed: fetch failed
[live] sridevi-night failed: fetch failed
[live] star-tara-night failed: fetch failed
[live] milan-night failed: fetch failed
[live] kalyan-night failed: fetch failed
[live] main-bazar failed: fetch failed
[live] andhra-morning failed: fetch failed
[live] andhra-day failed: fetch failed
[live] andhra-night failed: fetch failed
[live] kamal-morning failed: fetch failed
[live] kamal-day failed: fetch failed
[live] kamal-night failed: fetch failed
[live] madhur-morning failed: fetch failed
[live] madhur-day failed: fetch failed
[live] rajdhani-day failed: fetch failed
[live] rajdhani-night failed: fetch failed
[live] supreme-day failed: fetch failed
[live] supreme-night failed: fetch failed
[live] mahadevi failed: fetch failed
[live] time-bazar failed: fetch failed
[live] sara567 fallback: 0/29 markets
[live] wrote "live_results.json" (0/29 markets, 233240 bytes)
publish-url: unchanged https://api.trycloudflare.com
auto-push failed: To https://github.com/rm3013760-bit/matka-site.git
11:23:18 tunnel: new url https://accessories-thursday-entries-association.trycloudflare.com (published)
11:23:19 tunnel: public check failed, backing off 10min
[live] api board: 4/29 markets from sattamatkaapi.live
[live] sara567 fallback: 0/0 markets
[live] wrote "live_results.json" (4/29 markets, 233782 bytes)
publish-url: unchanged https://accessories-thursday-entries-association.trycloudflare.com
auto-push failed: To https://github.com/rm3013760-bit/matka-site.git
[live] api board: 4/29 markets from sattamatkaapi.live
[live] sara567 fallback: 0/0 markets
[live] wrote "live_results.json" (4/29 markets, 233782 bytes)
publish-url: unchanged https://accessories-thursday-entries-association.trycloudflare.com
auto-push failed: To https://github.com/rm3013760-bit/matka-site.git
[live] api board: 4/29 markets from sattamatkaapi.live
[live] sara567 fallback: 0/0 markets
[live] wrote "live_results.json" (4/29 markets, 233782 bytes)
publish-url: unchanged https://accessories-thursday-entries-association.trycloudflare.com
auto-push failed: To https://github.com/rm3013760-bit/matka-site.git
11:33:30 tunnel: new url https://bool-arrow-local-look.trycloudflare.com (published)
11:33:30 tunnel: public check failed, backing off 10min
[live] api board failed: The operation was aborted due to timeout (falling back to sara567 scrape)
[live] sita-morning failed: fetch failed
[live] star-tara-morning failed: fetch failed
[live] milan-morning failed: fetch failed
[live] sridevi failed: fetch failed
[live] kalyan-morning failed: fetch failed
[live] sita-day failed: fetch failed
[live] sita-night failed: fetch failed
[live] kalyan-main failed: fetch failed
[live] milan-day failed: fetch failed
[live] star-tara-day failed: fetch failed
[live] sridevi-night failed: fetch failed
[live] star-tara-night failed: fetch failed
[live] milan-night failed: fetch failed
[live] kalyan-night failed: fetch failed
[live] main-bazar failed: fetch failed
[live] andhra-morning failed: fetch failed
[live] andhra-day failed: fetch failed
[live] andhra-night failed: fetch failed
[live] kamal-morning failed: fetch failed
[live] kamal-day failed: fetch failed
[live] kamal-night failed: fetch failed
[live] madhur-morning failed: fetch failed
[live] madhur-day failed: fetch failed
[live] rajdhani-day failed: fetch failed
[live] rajdhani-night failed: fetch failed
[live] supreme-day failed: fetch failed
[live] supreme-night failed: fetch failed
[live] mahadevi failed: fetch failed
[live] time-bazar failed: fetch failed
[live] sara567 fallback: 0/29 markets
[live] wrote "live_results.json" (0/29 markets, 233240 bytes)
publish-url: unchanged https://bool-arrow-local-look.trycloudflare.com
auto-push failed: fatal: unable to access 'https://github.com/rm3013760-bit/matka-site.git/': Could not resolve host: github.com
[live] api board: 4/29 markets from sattamatkaapi.live
[live] sara567 fallback: 0/0 markets
[live] wrote "live_results.json" (4/29 markets, 233782 bytes)
publish-url: unchanged https://bool-arrow-local-look.trycloudflare.com
auto-push failed: To https://github.com/rm3013760-bit/matka-site.git
[live] api board: 4/29 markets from sattamatkaapi.live
[live] sara567 fallback: 0/0 markets
[live] wrote "live_results.json" (4/29 markets, 233797 bytes)
publish-url: unchanged https://bool-arrow-local-look.trycloudflare.com
11:43:41 tunnel: new url https://boxed-hamburg-freelance-least.trycloudflare.com (published)
11:43:42 tunnel: public check failed, backing off 10min
[live] api board: 4/29 markets from sattamatkaapi.live
[live] sara567 fallback: 0/0 markets
[live] wrote "live_results.json" (4/29 markets, 233797 bytes)
publish-url: unchanged https://boxed-hamburg-freelance-least.trycloudflare.com
publish-url: unchanged https://boxed-hamburg-freelance-least.trycloudflare.com
auto-push ok 11:47
[live] api board: 5/29 markets from sattamatkaapi.live
[live] sara567 fallback: 0/0 markets
[live] wrote "live_results.json" (5/29 markets, 233940 bytes)
publish-url: unchanged https://boxed-hamburg-freelance-least.trycloudflare.com
[live] api board: 6/29 markets from sattamatkaapi.live
[live] sara567 fallback: 0/0 markets
[live] wrote "live_results.json" (6/29 markets, 234068 bytes)
publish-url: unchanged https://boxed-hamburg-freelance-least.trycloudflare.com
auto-push ok 11:53
11:53:52 tunnel: new url https://dressing-bell-rim-differ.trycloudflare.com (published)
[live] api board: 6/29 markets from sattamatkaapi.live
[live] sara567 fallback: 0/0 markets
[live] wrote "live_results.json" (6/29 markets, 234068 bytes)
publish-url: unchanged https://dressing-bell-rim-differ.trycloudflare.com
auto-push ok 11:56
[live] api board: 6/29 markets from sattamatkaapi.live
[live] sara567 fallback: 0/0 markets
[live] wrote "live_results.json" (6/29 markets, 234068 bytes)
publish-url: unchanged https://dressing-bell-rim-differ.trycloudflare.com
auto-push ok 11:59
[live] api board: 6/29 markets from sattamatkaapi.live
[live] sara567 fallback: 0/0 markets
[live] wrote "live_results.json" (6/29 markets, 234068 bytes)
publish-url: unchanged https://dressing-bell-rim-differ.trycloudflare.com
auto-push ok 12:02
[live] api board: 6/29 markets from sattamatkaapi.live
[live] sara567 fallback: 0/0 markets
[live] wrote "live_results.json" (6/29 markets, 234068 bytes)
publish-url: unchanged https://dressing-bell-rim-differ.trycloudflare.com
auto-push ok 12:05
[live] api board: 6/29 markets from sattamatkaapi.live
[live] sara567 fallback: 0/0 markets
[live] wrote "live_results.json" (6/29 markets, 234068 bytes)
publish-url: unchanged https://dressing-bell-rim-differ.trycloudflare.com
auto-push ok 12:08
[live] api board: 8/29 markets from sattamatkaapi.live
[live] sara567 fallback: 0/0 markets
[live] wrote "live_results.json" (8/29 markets, 234324 bytes)
publish-url: unchanged https://dressing-bell-rim-differ.trycloudflare.com
auto-push ok 12:11
[live] api board: 8/29 markets from sattamatkaapi.live
[live] sara567 fallback: 0/0 markets
[live] wrote "live_results.json" (8/29 markets, 234324 bytes)
publish-url: unchanged https://dressing-bell-rim-differ.trycloudflare.com
auto-push ok 12:14
[live] api board: 8/29 markets from sattamatkaapi.live
[live] sara567 fallback: 0/0 markets
[live] wrote "live_results.json" (8/29 markets, 234324 bytes)
publish-url: unchanged https://dressing-bell-rim-differ.trycloudflare.com
auto-push ok 12:18
[live] api board: 8/29 markets from sattamatkaapi.live
[live] sara567 fallback: 0/0 markets
[live] wrote "live_results.json" (8/29 markets, 234324 bytes)
publish-url: unchanged https://dressing-bell-rim-differ.trycloudflare.com
auto-push ok 12:21
[live] api board: 8/29 markets from sattamatkaapi.live
[live] sara567 fallback: 0/0 markets
[live] wrote "live_results.json" (8/29 markets, 234324 bytes)
publish-url: unchanged https://dressing-bell-rim-differ.trycloudflare.com
auto-push ok 12:24
[live] api board: 8/29 markets from sattamatkaapi.live
[live] sara567 fallback: 0/0 markets
[live] wrote "live_results.json" (8/29 markets, 234324 bytes)
publish-url: unchanged https://dressing-bell-rim-differ.trycloudflare.com
auto-push ok 12:27
[live] api board: 8/29 markets from sattamatkaapi.live
[live] sara567 fallback: 0/0 markets
[live] wrote "live_results.json" (8/29 markets, 234324 bytes)
publish-url: unchanged https://dressing-bell-rim-differ.trycloudflare.com
auto-push ok 12:30
[live] api board: 8/29 markets from sattamatkaapi.live
[live] sara567 fallback: 0/0 markets
[live] wrote "live_results.json" (8/29 markets, 234324 bytes)
publish-url: unchanged https://dressing-bell-rim-differ.trycloudflare.com
publish-url: unchanged https://dressing-bell-rim-differ.trycloudflare.com
[live] api board: 8/29 markets from sattamatkaapi.live
[live] sara567 fallback: 0/0 markets
[live] wrote "live_results.json" (8/29 markets, 234324 bytes)
publish-url: unchanged https://dressing-bell-rim-differ.trycloudflare.com
auto-push ok 12:39
[live] api board: 8/29 markets from sattamatkaapi.live
[live] sara567 fallback: 0/0 markets
[live] wrote "live_results.json" (8/29 markets, 234324 bytes)
publish-url: unchanged https://dressing-bell-rim-differ.trycloudflare.com
auto-push ok 12:42
[live] api board: 8/29 markets from sattamatkaapi.live
[live] sara567 fallback: 0/0 markets
[live] wrote "live_results.json" (8/29 markets, 234339 bytes)
publish-url: unchanged https://dressing-bell-rim-differ.trycloudflare.com
auto-push ok 12:45
[live] api board: 8/29 markets from sattamatkaapi.live
[live] sara567 fallback: 0/0 markets
[live] wrote "live_results.json" (8/29 markets, 234339 bytes)
publish-url: unchanged https://dressing-bell-rim-differ.trycloudflare.com
auto-push ok 12:48
[live] api board: 8/29 markets from sattamatkaapi.live
[live] sara567 fallback: 0/0 markets
[live] wrote "live_results.json" (8/29 markets, 234339 bytes)
publish-url: unchanged https://dressing-bell-rim-differ.trycloudflare.com
[live] api board: 8/29 markets from sattamatkaapi.live
[live] sara567 fallback: 0/0 markets
[live] wrote "live_results.json" (8/29 markets, 234354 bytes)
publish-url: unchanged https://dressing-bell-rim-differ.trycloudflare.com
auto-push ok 12:54
[live] api board: 8/29 markets from sattamatkaapi.live
[live] sara567 fallback: 0/0 markets
[live] wrote "live_results.json" (8/29 markets, 234354 bytes)
publish-url: unchanged https://dressing-bell-rim-differ.trycloudflare.com
[live] api board: 8/29 markets from sattamatkaapi.live
[live] sara567 fallback: 0/0 markets
[live] wrote "live_results.json" (8/29 markets, 234354 bytes)
publish-url: unchanged https://dressing-bell-rim-differ.trycloudflare.com
auto-push ok 13:01
[live] api board: 8/29 markets from sattamatkaapi.live
[live] sara567 fallback: 0/0 markets
[live] wrote "live_results.json" (8/29 markets, 234354 bytes)
publish-url: unchanged https://dressing-bell-rim-differ.trycloudflare.com
[live] api board: 8/29 markets from sattamatkaapi.live
[live] sara567 fallback: 0/0 markets
[live] wrote "live_results.json" (8/29 markets, 234354 bytes)
publish-url: unchanged https://dressing-bell-rim-differ.trycloudflare.com
[live] api board: 8/29 markets from sattamatkaapi.live
[live] sara567 fallback: 0/0 markets
[live] wrote "live_results.json" (8/29 markets, 234369 bytes)
publish-url: unchanged https://dressing-bell-rim-differ.trycloudflare.com
[live] api board: 8/29 markets from sattamatkaapi.live
[live] sara567 fallback: 0/0 markets
[live] wrote "live_results.json" (8/29 markets, 234384 bytes)
publish-url: unchanged https://dressing-bell-rim-differ.trycloudflare.com
auto-push ok 13:13
[live] api board: 8/29 markets from sattamatkaapi.live
[live] sara567 fallback: 0/0 markets
[live] wrote "live_results.json" (8/29 markets, 234384 bytes)
publish-url: unchanged https://dressing-bell-rim-differ.trycloudflare.com
[live] api board: 8/29 markets from sattamatkaapi.live
[live] sara567 fallback: 0/0 markets
[live] wrote "live_results.json" (8/29 markets, 234384 bytes)
publish-url: unchanged https://dressing-bell-rim-differ.trycloudflare.com
auto-push ok 13:19
[live] api board: 9/29 markets from sattamatkaapi.live
[live] sara567 fallback: 0/0 markets
[live] wrote "live_results.json" (9/29 markets, 234512 bytes)
publish-url: unchanged https://dressing-bell-rim-differ.trycloudflare.com
auto-push ok 13:22
[live] api board: 9/29 markets from sattamatkaapi.live
[live] sara567 fallback: 0/0 markets
[live] wrote "live_results.json" (9/29 markets, 234512 bytes)
publish-url: unchanged https://dressing-bell-rim-differ.trycloudflare.com
[live] api board: 9/29 markets from sattamatkaapi.live
[live] sara567 fallback: 0/0 markets
[live] wrote "live_results.json" (9/29 markets, 234512 bytes)
publish-url: unchanged https://dressing-bell-rim-differ.trycloudflare.com
auto-push ok 13:28
[live] api board: 9/29 markets from sattamatkaapi.live
[live] sara567 fallback: 0/0 markets
[live] wrote "live_results.json" (9/29 markets, 234512 bytes)
publish-url: unchanged https://dressing-bell-rim-differ.trycloudflare.com
auto-push ok 13:31
[live] api board: 9/29 markets from sattamatkaapi.live
[live] sara567 fallback: 0/0 markets
[live] wrote "live_results.json" (9/29 markets, 234512 bytes)
publish-url: unchanged https://dressing-bell-rim-differ.trycloudflare.com
auto-push ok 13:35
[live] api board: 9/29 markets from sattamatkaapi.live
[live] sara567 fallback: 0/0 markets
[live] wrote "live_results.json" (9/29 markets, 235208 bytes)
[updater] today=2026-09-04 added starline=0 jackpot=0 liveMarkets=37
publish-url: unchanged https://dressing-bell-rim-differ.trycloudflare.com
auto-push ok 13:38
[live] api board: 9/29 markets from sattamatkaapi.live
[live] sara567 fallback: 0/0 markets
[live] wrote "live_results.json" (9/29 markets, 235208 bytes)
[updater] today=2026-09-04 added starline=0 jackpot=0 liveMarkets=37
publish-url: unchanged https://dressing-bell-rim-differ.trycloudflare.com
auto-push ok 13:41
[live] api board: 10/29 markets from sattamatkaapi.live
[live] sara567 fallback: 0/0 markets
[live] wrote "live_results.json" (10/29 markets, 235336 bytes)
[updater] today=2026-09-04 added starline=0 jackpot=0 liveMarkets=37
publish-url: unchanged https://dressing-bell-rim-differ.trycloudflare.com
auto-push ok 13:44
[live] api board: 10/29 markets from sattamatkaapi.live
[live] sara567 fallback: 0/0 markets
[live] wrote "live_results.json" (10/29 markets, 235336 bytes)
[updater] today=2026-09-04 added starline=0 jackpot=0 liveMarkets=37
publish-url: unchanged https://dressing-bell-rim-differ.trycloudflare.com
auto-push ok 13:47
[live] api board: 11/29 markets from sattamatkaapi.live
[live] sara567 fallback: 0/0 markets
[live] wrote "live_results.json" (11/29 markets, 235464 bytes)
[updater] today=2026-09-04 added starline=0 jackpot=0 liveMarkets=37
publish-url: unchanged https://dressing-bell-rim-differ.trycloudflare.com
auto-push ok 13:50
[live] api board: 11/29 markets from sattamatkaapi.live
[live] sara567 fallback: 0/0 markets
[live] wrote "live_results.json" (11/29 markets, 235464 bytes)
[updater] today=2026-09-04 added starline=0 jackpot=0 liveMarkets=37
publish-url: unchanged https://dressing-bell-rim-differ.trycloudflare.com
auto-push ok 13:53
[live] api board: 11/29 markets from sattamatkaapi.live
[live] sara567 fallback: 0/0 markets
[live] wrote "live_results.json" (11/29 markets, 235464 bytes)
[updater] today=2026-09-04 added starline=0 jackpot=0 liveMarkets=37
publish-url: unchanged https://dressing-bell-rim-differ.trycloudflare.com
auto-push ok 13:56
[live] api board: 11/29 markets from sattamatkaapi.live
[live] sara567 fallback: 0/0 markets
[live] wrote "live_results.json" (11/29 markets, 235464 bytes)
[updater] today=2026-09-04 added starline=0 jackpot=0 liveMarkets=37
publish-url: unchanged https://dressing-bell-rim-differ.trycloudflare.com
auto-push ok 13:59
[live] api board: 11/29 markets from sattamatkaapi.live
[live] sara567 fallback: 0/0 markets
[live] wrote "live_results.json" (11/29 markets, 235464 bytes)
[updater] today=2026-09-04 added starline=1 jackpot=0 liveMarkets=38
publish-url: unchanged https://dressing-bell-rim-differ.trycloudflare.com
auto-push ok 14:02
[live] api board: 11/29 markets from sattamatkaapi.live
[live] sara567 fallback: 0/0 markets
[live] wrote "live_results.json" (11/29 markets, 235558 bytes)
[updater] today=2026-09-04 added starline=0 jackpot=0 liveMarkets=38
publish-url: unchanged https://dressing-bell-rim-differ.trycloudflare.com
auto-push ok 14:05
[live] api board: 11/29 markets from sattamatkaapi.live
[live] sara567 fallback: 0/0 markets
[live] wrote "live_results.json" (11/29 markets, 235558 bytes)
[updater] today=2026-09-04 added starline=0 jackpot=0 liveMarkets=38
publish-url: unchanged https://dressing-bell-rim-differ.trycloudflare.com
auto-push ok 14:09
[live] api board: 11/29 markets from sattamatkaapi.live
[live] sara567 fallback: 0/0 markets
[live] wrote "live_results.json" (11/29 markets, 235558 bytes)
[updater] today=2026-09-04 added starline=0 jackpot=0 liveMarkets=38
publish-url: unchanged https://dressing-bell-rim-differ.trycloudflare.com
[live] api board: 11/29 markets from sattamatkaapi.live
[live] sara567 fallback: 0/0 markets
[live] wrote "live_results.json" (11/29 markets, 235558 bytes)
[updater] today=2026-09-04 added starline=0 jackpot=0 liveMarkets=38
publish-url: unchanged https://dressing-bell-rim-differ.trycloudflare.com
auto-push ok 14:15
[live] api board: 11/29 markets from sattamatkaapi.live
[live] sara567 fallback: 0/0 markets
[live] wrote "live_results.json" (11/29 markets, 235558 bytes)
[updater] today=2026-09-04 added starline=0 jackpot=0 liveMarkets=38
publish-url: unchanged https://dressing-bell-rim-differ.trycloudflare.com
auto-push ok 14:18
[live] api board: 11/29 markets from sattamatkaapi.live
[live] sara567 fallback: 0/0 markets
[live] wrote "live_results.json" (11/29 markets, 235558 bytes)
[updater] today=2026-09-04 added starline=0 jackpot=0 liveMarkets=38
publish-url: unchanged https://dressing-bell-rim-differ.trycloudflare.com
auto-push ok 14:21
[live] api board: 12/29 markets from sattamatkaapi.live
[live] sara567 fallback: 0/0 markets
[live] wrote "live_results.json" (12/29 markets, 235701 bytes)
[updater] today=2026-09-04 added starline=0 jackpot=0 liveMarkets=38
publish-url: unchanged https://dressing-bell-rim-differ.trycloudflare.com
auto-push ok 14:24
14:43:13 tunnel: public check failed, backing off 10min
[live] api board: 12/29 markets from sattamatkaapi.live
[live] sara567 fallback: 0/0 markets
[live] wrote "live_results.json" (12/29 markets, 235731 bytes)
[updater] today=2026-09-04 added starline=0 jackpot=1 liveMarkets=39
publish-url: unchanged https://dressing-bell-rim-differ.trycloudflare.com
auto-push ok 14:58
[live] api board: 12/29 markets from sattamatkaapi.live
[live] sara567 fallback: 0/0 markets
[live] wrote "live_results.json" (12/29 markets, 235811 bytes)
[updater] today=2026-09-04 added starline=1 jackpot=0 liveMarkets=40
publish-url: unchanged https://dressing-bell-rim-differ.trycloudflare.com
auto-push ok 15:01
[live] api board: 12/29 markets from sattamatkaapi.live
[live] sara567 fallback: 0/0 markets
[live] wrote "live_results.json" (12/29 markets, 235905 bytes)
[updater] today=2026-09-04 added starline=0 jackpot=0 liveMarkets=40
publish-url: unchanged https://dressing-bell-rim-differ.trycloudflare.com
auto-push ok 15:04
15:06:48 tunnel: new url https://mass-kevin-walt-heart.trycloudflare.com (published)
15:06:49 tunnel: public check failed, backing off 10min
[live] api board: 12/29 markets from sattamatkaapi.live
[live] sara567 fallback: 0/0 markets
[live] wrote "live_results.json" (12/29 markets, 235905 bytes)
[updater] today=2026-09-04 added starline=0 jackpot=0 liveMarkets=40
publish-url: unchanged https://mass-kevin-walt-heart.trycloudflare.com
auto-push ok 15:07
[live] api board: 12/29 markets from sattamatkaapi.live
[live] sara567 fallback: 0/0 markets
[live] wrote "live_results.json" (12/29 markets, 235905 bytes)
[updater] today=2026-09-04 added starline=0 jackpot=0 liveMarkets=40
publish-url: unchanged https://mass-kevin-walt-heart.trycloudflare.com
auto-push ok 15:10
[live] api board: 12/29 markets from sattamatkaapi.live
[live] sara567 fallback: 0/0 markets
[live] wrote "live_results.json" (12/29 markets, 235905 bytes)
[updater] today=2026-09-04 added starline=0 jackpot=0 liveMarkets=40
publish-url: no server-url.txt
auto-push ok 15:13
15:14:15 tunnel: new url https://tube-george-pda-sure.trycloudflare.com (published)
15:14:15 tunnel: public check failed, backing off 10min
15:14:15 tunnel: new url https://tube-george-pda-sure.trycloudflare.com (published)
15:14:15 tunnel: public check failed, backing off 10min
[live] api board: 12/29 markets from sattamatkaapi.live
[live] sara567 fallback: 0/0 markets
[live] wrote "live_results.json" (12/29 markets, 235905 bytes)
[updater] today=2026-09-04 added starline=0 jackpot=0 liveMarkets=40
publish-url: unchanged https://tube-george-pda-sure.trycloudflare.com
auto-push ok 15:17
[live] api board: 13/29 markets from sattamatkaapi.live
[live] sara567 fallback: 0/0 markets
[live] wrote "live_results.json" (13/29 markets, 236033 bytes)
[updater] today=2026-09-04 added starline=0 jackpot=0 liveMarkets=40
publish-url: unchanged https://tube-george-pda-sure.trycloudflare.com
auto-push ok 15:20
[live] api board: 18/29 markets from sattamatkaapi.live
[live] sara567 fallback: 0/0 markets
[live] wrote "live_results.json" (18/29 markets, 236688 bytes)
[updater] today=2026-09-04 added starline=1 jackpot=2 liveMarkets=43
publish-url: unchanged https://tube-george-pda-sure.trycloudflare.com
auto-push failed: To https://github.com/rm3013760-bit/matka-site.git
server/actions/tunnel.sh: line 59: 49907 Terminated: 15          "$cloudflared" tunnel --no-autoupdate --url http://localhost:8777 > /tmp/cloudflared.log 2>&1
16:41:21 tunnel: new url https://incentive-trim-depends-deserve.trycloudflare.com (published)
16:41:21 tunnel: new url https://incentive-trim-depends-deserve.trycloudflare.com (published)
16:41:22 tunnel: public check failed, backing off 10min
16:41:22 tunnel: public check failed, backing off 10min
[live] api board: 19/29 markets from sattamatkaapi.live
[live] sara567 fallback: 0/0 markets
[live] wrote "live_results.json" (19/29 markets, 237070 bytes)
[updater] today=2026-09-04 added starline=0 jackpot=0 liveMarkets=43
publish-url: unchanged https://incentive-trim-depends-deserve.trycloudflare.com
auto-push failed: To https://github.com/rm3013760-bit/matka-site.git
[live] api board: 19/29 markets from sattamatkaapi.live
[live] sara567 fallback: 0/0 markets
[live] wrote "live_results.json" (19/29 markets, 237070 bytes)
[updater] today=2026-09-04 added starline=0 jackpot=0 liveMarkets=43
publish-url: unchanged https://incentive-trim-depends-deserve.trycloudflare.com
[live] api board: 19/29 markets from sattamatkaapi.live
[live] sara567 fallback: 0/0 markets
[live] wrote "live_results.json" (19/29 markets, 237070 bytes)
[updater] today=2026-09-04 added starline=0 jackpot=0 liveMarkets=43
publish-url: unchanged https://incentive-trim-depends-deserve.trycloudflare.com
auto-push ok 16:49
16:51:27 tunnel: new url https://kinase-recorders-happy-fire.trycloudflare.com (published)
16:51:28 tunnel: public check failed, backing off 10min
16:51:29 tunnel: new url https://black-ceo-voluntary-gospel.trycloudflare.com (published)
16:51:30 tunnel: public check failed, backing off 10min
[live] api board: 19/29 markets from sattamatkaapi.live
[live] sara567 fallback: 0/0 markets
[live] wrote "live_results.json" (19/29 markets, 237070 bytes)
[updater] today=2026-09-04 added starline=0 jackpot=0 liveMarkets=43
publish-url: unchanged https://black-ceo-voluntary-gospel.trycloudflare.com
auto-push ok 16:52
[live] api board: 19/29 markets from sattamatkaapi.live
[live] sara567 fallback: 0/0 markets
[live] wrote "live_results.json" (19/29 markets, 237070 bytes)
[updater] today=2026-09-04 added starline=0 jackpot=0 liveMarkets=43
publish-url: unchanged https://black-ceo-voluntary-gospel.trycloudflare.com
auto-push ok 16:55
[live] api board: 19/29 markets from sattamatkaapi.live
[live] sara567 fallback: 0/0 markets
[live] wrote "live_results.json" (19/29 markets, 237070 bytes)
[updater] today=2026-09-04 added starline=0 jackpot=0 liveMarkets=43
publish-url: unchanged https://black-ceo-voluntary-gospel.trycloudflare.com
auto-push ok 16:58
[live] api board: 19/29 markets from sattamatkaapi.live
[live] sara567 fallback: 0/0 markets
[live] wrote "live_results.json" (19/29 markets, 237070 bytes)
[updater] today=2026-09-04 added starline=1 jackpot=0 liveMarkets=44
17:01:38 tunnel: new url https://spears-preferences-sufficiently-female.trycloudflare.com (published)
publish-url: unchanged https://spears-preferences-sufficiently-female.trycloudflare.com
17:01:39 tunnel: new url https://spears-preferences-sufficiently-female.trycloudflare.com (published)
auto-push ok 17:01
[live] api board: 19/29 markets from sattamatkaapi.live
[live] sara567 fallback: 0/0 markets
[live] wrote "live_results.json" (19/29 markets, 237164 bytes)
[updater] today=2026-09-04 added starline=0 jackpot=0 liveMarkets=44
publish-url: unchanged https://spears-preferences-sufficiently-female.trycloudflare.com
auto-push ok 17:04
[live] api board: 19/29 markets from sattamatkaapi.live
[live] sara567 fallback: 0/0 markets
[live] wrote "live_results.json" (19/29 markets, 237164 bytes)
[updater] today=2026-09-04 added starline=0 jackpot=0 liveMarkets=44
publish-url: unchanged https://spears-preferences-sufficiently-female.trycloudflare.com
auto-push ok 17:07
[live] api board: 19/29 markets from sattamatkaapi.live
[live] sara567 fallback: 0/0 markets
[live] wrote "live_results.json" (19/29 markets, 237164 bytes)
[updater] today=2026-09-04 added starline=0 jackpot=0 liveMarkets=44
publish-url: unchanged https://spears-preferences-sufficiently-female.trycloudflare.com
auto-push ok 17:10
[live] api board: 19/29 markets from sattamatkaapi.live
[live] sara567 fallback: 0/0 markets
[live] wrote "live_results.json" (19/29 markets, 237164 bytes)
[updater] today=2026-09-04 added starline=0 jackpot=0 liveMarkets=44
publish-url: unchanged https://spears-preferences-sufficiently-female.trycloudflare.com
auto-push ok 17:14
[live] api board: 19/29 markets from sattamatkaapi.live
[live] sara567 fallback: 0/0 markets
[live] wrote "live_results.json" (19/29 markets, 237164 bytes)
[updater] today=2026-09-04 added starline=0 jackpot=0 liveMarkets=44
publish-url: unchanged https://spears-preferences-sufficiently-female.trycloudflare.com
auto-push ok 17:17
[live] api board: 19/29 markets from sattamatkaapi.live
[live] sara567 fallback: 0/0 markets
[live] wrote "live_results.json" (19/29 markets, 237179 bytes)
[updater] today=2026-09-04 added starline=0 jackpot=0 liveMarkets=44
publish-url: unchanged https://spears-preferences-sufficiently-female.trycloudflare.com
auto-push ok 17:20
[live] api board: 19/29 markets from sattamatkaapi.live
[live] sara567 fallback: 0/0 markets
[live] wrote "live_results.json" (19/29 markets, 237194 bytes)
[updater] today=2026-09-04 added starline=0 jackpot=0 liveMarkets=44
publish-url: unchanged https://spears-preferences-sufficiently-female.trycloudflare.com
auto-push ok 17:23
[live] api board: 19/29 markets from sattamatkaapi.live
[live] sara567 fallback: 0/0 markets
[live] wrote "live_results.json" (19/29 markets, 237194 bytes)
[updater] today=2026-09-04 added starline=0 jackpot=0 liveMarkets=44
publish-url: unchanged https://spears-preferences-sufficiently-female.trycloudflare.com
auto-push ok 17:26
[live] api board: 19/29 markets from sattamatkaapi.live
[live] sara567 fallback: 0/0 markets
[live] wrote "live_results.json" (19/29 markets, 237194 bytes)
[updater] today=2026-09-04 added starline=0 jackpot=0 liveMarkets=44
publish-url: unchanged https://spears-preferences-sufficiently-female.trycloudflare.com
auto-push ok 17:29
18:13:39 tunnel: public check failed, backing off 10min
18:13:39 tunnel: public check failed, backing off 10min
[live] api board: 19/29 markets from sattamatkaapi.live
[live] sara567 fallback: 0/0 markets
[live] wrote "live_results.json" (19/29 markets, 237239 bytes)
[updater] today=2026-09-04 added starline=1 jackpot=1 liveMarkets=46
publish-url: unchanged https://spears-preferences-sufficiently-female.trycloudflare.com
auto-push ok 18:13
[live] api board: 19/29 markets from sattamatkaapi.live
[live] sara567 fallback: 0/0 markets
[live] wrote "live_results.json" (19/29 markets, 237413 bytes)
[updater] today=2026-09-04 added starline=0 jackpot=0 liveMarkets=46
publish-url: unchanged https://spears-preferences-sufficiently-female.trycloudflare.com
auto-push ok 18:17
[live] api board: 19/29 markets from sattamatkaapi.live
[live] sara567 fallback: 0/0 markets
[live] wrote "live_results.json" (19/29 markets, 237413 bytes)
[updater] today=2026-09-04 added starline=0 jackpot=0 liveMarkets=46
publish-url: unchanged https://spears-preferences-sufficiently-female.trycloudflare.com
auto-push ok 18:20
[live] api board: 19/29 markets from sattamatkaapi.live
[live] sara567 fallback: 0/0 markets
[live] wrote "live_results.json" (19/29 markets, 237413 bytes)
[updater] today=2026-09-04 added starline=0 jackpot=0 liveMarkets=46
publish-url: unchanged https://spears-preferences-sufficiently-female.trycloudflare.com
auto-push ok 18:23
18:23:49 tunnel: new url https://timothy-recorded-cnet-kent.trycloudflare.com (published)
18:23:49 tunnel: public check failed, backing off 10min
18:23:49 tunnel: new url https://timothy-recorded-cnet-kent.trycloudflare.com (published)
18:23:49 tunnel: public check failed, backing off 10min
[live] api board: 19/29 markets from sattamatkaapi.live
[live] sara567 fallback: 0/0 markets
[live] wrote "live_results.json" (19/29 markets, 237413 bytes)
[updater] today=2026-09-04 added starline=0 jackpot=0 liveMarkets=46
publish-url: unchanged https://timothy-recorded-cnet-kent.trycloudflare.com
auto-push ok 18:26
[live] api board: 19/29 markets from sattamatkaapi.live
[live] sara567 fallback: 0/0 markets
[live] wrote "live_results.json" (19/29 markets, 237413 bytes)
[updater] today=2026-09-04 added starline=0 jackpot=0 liveMarkets=46
publish-url: unchanged https://timothy-recorded-cnet-kent.trycloudflare.com
auto-push ok 18:29
[live] api board: 19/29 markets from sattamatkaapi.live
[live] sara567 fallback: 0/0 markets
[live] wrote "live_results.json" (19/29 markets, 237413 bytes)
[updater] today=2026-09-04 added starline=0 jackpot=1 liveMarkets=47
publish-url: unchanged https://timothy-recorded-cnet-kent.trycloudflare.com
auto-push ok 18:32
18:34:01 tunnel: new url https://blonde-dans-words-therefore.trycloudflare.com (published)
18:34:02 tunnel: new url https://blonde-dans-words-therefore.trycloudflare.com (published)
18:34:02 tunnel: public check failed, backing off 10min
18:34:02 tunnel: public check failed, backing off 10min
[live] api board: 19/29 markets from sattamatkaapi.live
[live] sara567 fallback: 0/0 markets
[live] wrote "live_results.json" (19/29 markets, 237508 bytes)
[updater] today=2026-09-04 added starline=0 jackpot=0 liveMarkets=47
publish-url: unchanged https://blonde-dans-words-therefore.trycloudflare.com
auto-push ok 18:35
[live] api board: 19/29 markets from sattamatkaapi.live
[live] sara567 fallback: 0/0 markets
[live] wrote "live_results.json" (19/29 markets, 237523 bytes)
[updater] today=2026-09-04 added starline=0 jackpot=0 liveMarkets=47
publish-url: unchanged https://blonde-dans-words-therefore.trycloudflare.com
auto-push ok 18:38
[live] api board: 19/29 markets from sattamatkaapi.live
[live] sara567 fallback: 0/0 markets
[live] wrote "live_results.json" (19/29 markets, 237523 bytes)
[updater] today=2026-09-04 added starline=0 jackpot=0 liveMarkets=47
publish-url: unchanged https://blonde-dans-words-therefore.trycloudflare.com
auto-push ok 18:41
18:44:11 tunnel: new url https://carrying-ride-ordered-voip.trycloudflare.com (published)
18:44:11 tunnel: public check failed, backing off 10min
18:44:11 tunnel: new url https://carrying-ride-ordered-voip.trycloudflare.com (published)
18:44:11 tunnel: public check failed, backing off 10min
[live] api board: 19/29 markets from sattamatkaapi.live
[live] sara567 fallback: 0/0 markets
[live] wrote "live_results.json" (19/29 markets, 237523 bytes)
[updater] today=2026-09-04 added starline=0 jackpot=0 liveMarkets=47
publish-url: unchanged https://carrying-ride-ordered-voip.trycloudflare.com
auto-push ok 18:44
[live] api board: 19/29 markets from sattamatkaapi.live
[live] sara567 fallback: 0/0 markets
[live] wrote "live_results.json" (19/29 markets, 237523 bytes)
[updater] today=2026-09-04 added starline=0 jackpot=0 liveMarkets=47
publish-url: unchanged https://carrying-ride-ordered-voip.trycloudflare.com
auto-push ok 18:47
[live] api board: 20/29 markets from sattamatkaapi.live
[live] sara567 fallback: 0/0 markets
[live] wrote "live_results.json" (20/29 markets, 237651 bytes)
[updater] today=2026-09-04 added starline=0 jackpot=0 liveMarkets=47
publish-url: unchanged https://carrying-ride-ordered-voip.trycloudflare.com
auto-push ok 18:51
[live] api board: 20/29 markets from sattamatkaapi.live
[live] sara567 fallback: 0/0 markets
[live] wrote "live_results.json" (20/29 markets, 237651 bytes)
[updater] today=2026-09-04 added starline=0 jackpot=0 liveMarkets=47
publish-url: unchanged https://carrying-ride-ordered-voip.trycloudflare.com
auto-push ok 18:54
18:54:19 tunnel: new url https://dublin-track-accent-stroke.trycloudflare.com (published)
18:54:20 tunnel: new url https://dublin-track-accent-stroke.trycloudflare.com (published)
18:54:20 tunnel: public check failed, backing off 10min
18:54:20 tunnel: public check failed, backing off 10min
[live] api board: 20/29 markets from sattamatkaapi.live
[live] sara567 fallback: 0/0 markets
[live] wrote "live_results.json" (20/29 markets, 237651 bytes)
[updater] today=2026-09-04 added starline=0 jackpot=0 liveMarkets=47
publish-url: unchanged https://dublin-track-accent-stroke.trycloudflare.com
auto-push ok 18:57
[live] api board: 20/29 markets from sattamatkaapi.live
[live] sara567 fallback: 0/0 markets
[live] wrote "live_results.json" (20/29 markets, 237651 bytes)
[updater] today=2026-09-04 added starline=1 jackpot=0 liveMarkets=48
publish-url: unchanged https://dublin-track-accent-stroke.trycloudflare.com
auto-push ok 19:00
[live] api board: 20/29 markets from sattamatkaapi.live
[live] sara567 fallback: 0/0 markets
[live] wrote "live_results.json" (20/29 markets, 237745 bytes)
[updater] today=2026-09-04 added starline=0 jackpot=0 liveMarkets=48
publish-url: unchanged https://dublin-track-accent-stroke.trycloudflare.com
auto-push ok 19:03
19:04:28 tunnel: new url https://greatest-penetration-only-agreement.trycloudflare.com (published)
19:04:29 tunnel: public check failed, backing off 10min
19:04:29 tunnel: new url https://greatest-penetration-only-agreement.trycloudflare.com (published)
19:04:29 tunnel: public check failed, backing off 10min
[live] api board: 20/29 markets from sattamatkaapi.live
[live] sara567 fallback: 0/0 markets
[live] wrote "live_results.json" (20/29 markets, 237745 bytes)
[updater] today=2026-09-04 added starline=0 jackpot=0 liveMarkets=48
publish-url: unchanged https://greatest-penetration-only-agreement.trycloudflare.com
auto-push ok 19:06
[live] api board: 20/29 markets from sattamatkaapi.live
[live] sara567 fallback: 0/0 markets
[live] wrote "live_results.json" (20/29 markets, 237745 bytes)
[updater] today=2026-09-04 added starline=0 jackpot=0 liveMarkets=48
publish-url: unchanged https://greatest-penetration-only-agreement.trycloudflare.com
auto-push ok 19:09
[live] api board: 20/29 markets from sattamatkaapi.live
[live] sara567 fallback: 0/0 markets
[live] wrote "live_results.json" (20/29 markets, 237745 bytes)
[updater] today=2026-09-04 added starline=0 jackpot=0 liveMarkets=48
publish-url: unchanged https://greatest-penetration-only-agreement.trycloudflare.com
auto-push ok 19:12
19:14:38 tunnel: new url https://challenged-journalism-ticket-based.trycloudflare.com (published)
19:14:39 tunnel: new url https://experiments-girls-asian-mail.trycloudflare.com (published)
19:14:39 tunnel: public check failed, backing off 10min
19:14:39 tunnel: new url https://experiments-girls-asian-mail.trycloudflare.com (published)
19:14:39 tunnel: public check failed, backing off 10min
[live] api board: 20/29 markets from sattamatkaapi.live
[live] sara567 fallback: 0/0 markets
[live] wrote "live_results.json" (20/29 markets, 237745 bytes)
[updater] today=2026-09-04 added starline=0 jackpot=0 liveMarkets=48
publish-url: unchanged https://experiments-girls-asian-mail.trycloudflare.com
auto-push ok 19:15
[live] api board: 20/29 markets from sattamatkaapi.live
[live] sara567 fallback: 0/0 markets
[live] wrote "live_results.json" (20/29 markets, 237745 bytes)
[updater] today=2026-09-04 added starline=0 jackpot=0 liveMarkets=48
publish-url: unchanged https://experiments-girls-asian-mail.trycloudflare.com
auto-push ok 19:18
[live] api board failed: fetch failed (falling back to sara567 scrape)
[live] sita-morning failed: fetch failed
[live] star-tara-morning failed: fetch failed
[live] milan-morning failed: fetch failed
[live] sridevi failed: fetch failed
[live] kalyan-morning failed: fetch failed
[live] sita-day failed: fetch failed
[live] star-tara-day failed: fetch failed
[live] milan-day failed: fetch failed
[live] kalyan-main failed: fetch failed
[live] sita-night failed: fetch failed
[live] sridevi-night failed: fetch failed
[live] star-tara-night failed: fetch failed
[live] milan-night failed: fetch failed
[live] kalyan-night failed: fetch failed
[live] main-bazar failed: fetch failed
[live] andhra-morning failed: fetch failed
[live] andhra-day failed: fetch failed
[live] andhra-night failed: fetch failed
[live] kamal-morning failed: fetch failed
[live] kamal-day failed: fetch failed
[live] kamal-night failed: fetch failed
[live] madhur-morning failed: fetch failed
[live] madhur-day failed: fetch failed
[live] rajdhani-day failed: fetch failed
[live] rajdhani-night failed: fetch failed
[live] supreme-day failed: fetch failed
[live] supreme-night failed: fetch failed
[live] mahadevi failed: fetch failed
[live] time-bazar failed: fetch failed
[live] sara567 fallback: 0/29 markets
[live] wrote "live_results.json" (0/29 markets, 234900 bytes)
[updater] today=2026-09-04 added starline=0 jackpot=0 liveMarkets=48
publish-url: unchanged https://experiments-girls-asian-mail.trycloudflare.com
auto-push failed: fatal: unable to access 'https://github.com/rm3013760-bit/matka-site.git/': Could not resolve host: github.com
18:33:18 tunnel: new url https://api.trycloudflare.com (published)
18:33:18 tunnel: public check failed, backing off 10min
[live] api board: 12/29 markets from sattamatkaapi.live
[live] sara567 fallback: 0/0 markets
[live] wrote "live_results.json" (12/29 markets, 236601 bytes)
[updater] today=2026-09-05 added starline=6 jackpot=5 liveMarkets=48
publish-url: unchanged https://api.trycloudflare.com
auto-push failed: To https://github.com/rm3013760-bit/matka-site.git
[live] api board: 12/29 markets from sattamatkaapi.live
[live] sara567 fallback: 0/0 markets
[live] wrote "live_results.json" (12/29 markets, 237372 bytes)
[updater] today=2026-09-05 added starline=0 jackpot=0 liveMarkets=48
publish-url: unchanged https://api.trycloudflare.com
auto-push failed: To https://github.com/rm3013760-bit/matka-site.git
[live] api board: 12/29 markets from sattamatkaapi.live
[live] sara567 fallback: 0/0 markets
[live] wrote "live_results.json" (12/29 markets, 237372 bytes)
[updater] today=2026-09-05 added starline=0 jackpot=0 liveMarkets=48
publish-url: unchanged https://api.trycloudflare.com
auto-push failed: To https://github.com/rm3013760-bit/matka-site.git
15:09:06 tunnel: new url https://corpus-kings-euro-establish.trycloudflare.com (published)
15:09:06 tunnel: public check failed, backing off 10min
[live] api board: 12/29 markets from sattamatkaapi.live
[live] sara567 fallback: 0/0 markets
[live] wrote "live_results.json" (12/29 markets, 237372 bytes)
[updater] today=2026-09-05 added starline=0 jackpot=0 liveMarkets=48
publish-url: unchanged https://corpus-kings-euro-establish.trycloudflare.com
auto-push failed: To https://github.com/rm3013760-bit/matka-site.git
[live] api board: 12/29 markets from sattamatkaapi.live
[live] sara567 fallback: 0/0 markets
[live] wrote "live_results.json" (12/29 markets, 237372 bytes)
[updater] today=2026-09-05 added starline=0 jackpot=0 liveMarkets=48
publish-url: unchanged https://corpus-kings-euro-establish.trycloudflare.com
auto-push failed: To https://github.com/rm3013760-bit/matka-site.git
[live] api board: 12/29 markets from sattamatkaapi.live
[live] sara567 fallback: 0/0 markets
[live] wrote "live_results.json" (12/29 markets, 237372 bytes)
[updater] today=2026-09-05 added starline=0 jackpot=0 liveMarkets=48
publish-url: unchanged https://corpus-kings-euro-establish.trycloudflare.com
auto-push failed: To https://github.com/rm3013760-bit/matka-site.git
15:19:21 tunnel: new url https://barry-routes-commit-radios.trycloudflare.com (published)
15:19:22 tunnel: public check failed, backing off 10min
[live] api board: 12/29 markets from sattamatkaapi.live
[live] sara567 fallback: 0/0 markets
[live] wrote "live_results.json" (12/29 markets, 237372 bytes)
[updater] today=2026-09-05 added starline=0 jackpot=0 liveMarkets=48
publish-url: unchanged https://barry-routes-commit-radios.trycloudflare.com
auto-push failed: To https://github.com/rm3013760-bit/matka-site.git
[live] api board: 13/29 markets from sattamatkaapi.live
[live] sara567 fallback: 0/0 markets
[live] wrote "live_results.json" (13/29 markets, 237500 bytes)
[updater] today=2026-09-05 added starline=0 jackpot=0 liveMarkets=48
publish-url: unchanged https://barry-routes-commit-radios.trycloudflare.com
auto-push failed: To https://github.com/rm3013760-bit/matka-site.git
[live] api board: 14/29 markets from sattamatkaapi.live
[live] sara567 fallback: 0/0 markets
[live] wrote "live_results.json" (14/29 markets, 237628 bytes)
[updater] today=2026-09-05 added starline=0 jackpot=0 liveMarkets=48
publish-url: unchanged https://barry-routes-commit-radios.trycloudflare.com
auto-push failed: To https://github.com/rm3013760-bit/matka-site.git
[live] api board: 14/29 markets from sattamatkaapi.live
[live] sara567 fallback: 0/0 markets
[live] wrote "live_results.json" (14/29 markets, 237628 bytes)
[updater] today=2026-09-05 added starline=0 jackpot=0 liveMarkets=48
publish-url: unchanged https://barry-routes-commit-radios.trycloudflare.com
auto-push failed: To https://github.com/rm3013760-bit/matka-site.git
15:29:32 tunnel: new url https://villa-questionnaire-hierarchy-foot.trycloudflare.com (published)
[live] api board: 14/29 markets from sattamatkaapi.live
[live] sara567 fallback: 0/0 markets
[live] wrote "live_results.json" (14/29 markets, 237628 bytes)
[updater] today=2026-09-05 added starline=0 jackpot=1 liveMarkets=48
publish-url: unchanged https://villa-questionnaire-hierarchy-foot.trycloudflare.com
auto-push failed: To https://github.com/rm3013760-bit/matka-site.git
[live] api board: 14/29 markets from sattamatkaapi.live
[live] sara567 fallback: 0/0 markets
[live] wrote "live_results.json" (14/29 markets, 237706 bytes)
[updater] today=2026-09-05 added starline=0 jackpot=0 liveMarkets=48
publish-url: unchanged https://villa-questionnaire-hierarchy-foot.trycloudflare.com
auto-push failed: To https://github.com/rm3013760-bit/matka-site.git
[live] api board: 14/29 markets from sattamatkaapi.live
[live] sara567 fallback: 0/0 markets
[live] wrote "live_results.json" (14/29 markets, 237706 bytes)
[updater] today=2026-09-05 added starline=0 jackpot=0 liveMarkets=48
publish-url: unchanged https://villa-questionnaire-hierarchy-foot.trycloudflare.com
auto-push failed: To https://github.com/rm3013760-bit/matka-site.git
[live] api board: 15/29 markets from sattamatkaapi.live
[live] sara567 fallback: 0/0 markets
[live] wrote "live_results.json" (15/29 markets, 237834 bytes)
[updater] today=2026-09-05 added starline=0 jackpot=0 liveMarkets=48
publish-url: unchanged https://villa-questionnaire-hierarchy-foot.trycloudflare.com
auto-push failed: To https://github.com/rm3013760-bit/matka-site.git
[live] api board: 16/29 markets from sattamatkaapi.live
[live] sara567 fallback: 0/0 markets
[live] wrote "live_results.json" (16/29 markets, 237962 bytes)
[updater] today=2026-09-05 added starline=0 jackpot=0 liveMarkets=48
publish-url: unchanged https://villa-questionnaire-hierarchy-foot.trycloudflare.com
auto-push failed: To https://github.com/rm3013760-bit/matka-site.git
[live] api board: 16/29 markets from sattamatkaapi.live
[live] sara567 fallback: 0/0 markets
[live] wrote "live_results.json" (16/29 markets, 237962 bytes)
[updater] today=2026-09-05 added starline=0 jackpot=0 liveMarkets=48
publish-url: unchanged https://villa-questionnaire-hierarchy-foot.trycloudflare.com
auto-push failed: To https://github.com/rm3013760-bit/matka-site.git
[live] api board: 16/29 markets from sattamatkaapi.live
[live] sara567 fallback: 0/0 markets
[live] wrote "live_results.json" (16/29 markets, 237962 bytes)
[updater] today=2026-09-05 added starline=0 jackpot=0 liveMarkets=48
publish-url: unchanged https://villa-questionnaire-hierarchy-foot.trycloudflare.com
auto-push failed: To https://github.com/rm3013760-bit/matka-site.git
[live] api board: 16/29 markets from sattamatkaapi.live
[live] sara567 fallback: 0/0 markets
[live] wrote "live_results.json" (16/29 markets, 237962 bytes)
[updater] today=2026-09-05 added starline=0 jackpot=0 liveMarkets=48
publish-url: unchanged https://villa-questionnaire-hierarchy-foot.trycloudflare.com
auto-push failed: To https://github.com/rm3013760-bit/matka-site.git
[live] api board: 17/29 markets from sattamatkaapi.live
[live] sara567 fallback: 0/0 markets
[live] wrote "live_results.json" (17/29 markets, 238090 bytes)
[updater] today=2026-09-05 added starline=0 jackpot=0 liveMarkets=48
publish-url: unchanged https://villa-questionnaire-hierarchy-foot.trycloudflare.com
auto-push failed: To https://github.com/rm3013760-bit/matka-site.git
[live] api board: 17/29 markets from sattamatkaapi.live
[live] sara567 fallback: 0/0 markets
[live] wrote "live_results.json" (17/29 markets, 238090 bytes)
[updater] today=2026-09-05 added starline=0 jackpot=0 liveMarkets=48
publish-url: unchanged https://villa-questionnaire-hierarchy-foot.trycloudflare.com
auto-push failed: To https://github.com/rm3013760-bit/matka-site.git
[live] api board: 17/29 markets from sattamatkaapi.live
[live] sara567 fallback: 0/0 markets
[live] wrote "live_results.json" (17/29 markets, 238090 bytes)
[updater] today=2026-09-05 added starline=1 jackpot=0 liveMarkets=48
publish-url: unchanged https://villa-questionnaire-hierarchy-foot.trycloudflare.com
auto-push failed: To https://github.com/rm3013760-bit/matka-site.git
[live] api board: 17/29 markets from sattamatkaapi.live
[live] sara567 fallback: 0/0 markets
[live] wrote "live_results.json" (17/29 markets, 238166 bytes)
[updater] today=2026-09-05 added starline=0 jackpot=0 liveMarkets=48
publish-url: unchanged https://villa-questionnaire-hierarchy-foot.trycloudflare.com
auto-push failed: To https://github.com/rm3013760-bit/matka-site.git
[live] api board: 17/29 markets from sattamatkaapi.live
[live] sara567 fallback: 0/0 markets
[live] wrote "live_results.json" (17/29 markets, 238166 bytes)
[updater] today=2026-09-05 added starline=0 jackpot=0 liveMarkets=48
publish-url: unchanged https://villa-questionnaire-hierarchy-foot.trycloudflare.com
auto-push failed: To https://github.com/rm3013760-bit/matka-site.git
[live] api board: 17/29 markets from sattamatkaapi.live
[live] sara567 fallback: 0/0 markets
[live] wrote "live_results.json" (17/29 markets, 238166 bytes)
[updater] today=2026-09-05 added starline=0 jackpot=0 liveMarkets=48
publish-url: unchanged https://villa-questionnaire-hierarchy-foot.trycloudflare.com
auto-push failed: To https://github.com/rm3013760-bit/matka-site.git
[live] api board: 17/29 markets from sattamatkaapi.live
[live] sara567 fallback: 0/0 markets
[live] wrote "live_results.json" (17/29 markets, 238166 bytes)
[updater] today=2026-09-05 added starline=0 jackpot=0 liveMarkets=48
publish-url: unchanged https://villa-questionnaire-hierarchy-foot.trycloudflare.com
auto-push failed: To https://github.com/rm3013760-bit/matka-site.git
[live] api board: 17/29 markets from sattamatkaapi.live
[live] sara567 fallback: 0/0 markets
[live] wrote "live_results.json" (17/29 markets, 238166 bytes)
[updater] today=2026-09-05 added starline=0 jackpot=0 liveMarkets=48
publish-url: unchanged https://villa-questionnaire-hierarchy-foot.trycloudflare.com
auto-push failed: To https://github.com/rm3013760-bit/matka-site.git
[live] api board: 17/29 markets from sattamatkaapi.live
[live] sara567 fallback: 0/0 markets
[live] wrote "live_results.json" (17/29 markets, 238166 bytes)
[updater] today=2026-09-05 added starline=0 jackpot=0 liveMarkets=48
publish-url: unchanged https://villa-questionnaire-hierarchy-foot.trycloudflare.com
auto-push failed: To https://github.com/rm3013760-bit/matka-site.git
[live] api board: 17/29 markets from sattamatkaapi.live
[live] sara567 fallback: 0/0 markets
[live] wrote "live_results.json" (17/29 markets, 238166 bytes)
[updater] today=2026-09-05 added starline=0 jackpot=0 liveMarkets=48
publish-url: unchanged https://villa-questionnaire-hierarchy-foot.trycloudflare.com
auto-push failed: To https://github.com/rm3013760-bit/matka-site.git
[live] api board: 17/29 markets from sattamatkaapi.live
[live] sara567 fallback: 0/0 markets
[live] wrote "live_results.json" (17/29 markets, 238166 bytes)
[updater] today=2026-09-05 added starline=0 jackpot=0 liveMarkets=48
publish-url: unchanged https://villa-questionnaire-hierarchy-foot.trycloudflare.com
auto-push failed: To https://github.com/rm3013760-bit/matka-site.git
[live] api board: 17/29 markets from sattamatkaapi.live
[live] sara567 fallback: 0/0 markets
[live] wrote "live_results.json" (17/29 markets, 238166 bytes)
[updater] today=2026-09-05 added starline=0 jackpot=1 liveMarkets=48
publish-url: unchanged https://villa-questionnaire-hierarchy-foot.trycloudflare.com
auto-push failed: To https://github.com/rm3013760-bit/matka-site.git
[live] api board: 17/29 markets from sattamatkaapi.live
[live] sara567 fallback: 0/0 markets
[live] wrote "live_results.json" (17/29 markets, 238229 bytes)
[updater] today=2026-09-05 added starline=0 jackpot=0 liveMarkets=48
publish-url: unchanged https://villa-questionnaire-hierarchy-foot.trycloudflare.com
auto-push failed: To https://github.com/rm3013760-bit/matka-site.git
[live] api board: 17/29 markets from sattamatkaapi.live
[live] sara567 fallback: 0/0 markets
[live] wrote "live_results.json" (17/29 markets, 238229 bytes)
[updater] today=2026-09-05 added starline=0 jackpot=0 liveMarkets=48
publish-url: unchanged https://villa-questionnaire-hierarchy-foot.trycloudflare.com
auto-push failed: To https://github.com/rm3013760-bit/matka-site.git
[live] api board: 17/29 markets from sattamatkaapi.live
[live] sara567 fallback: 0/0 markets
[live] wrote "live_results.json" (17/29 markets, 238229 bytes)
[updater] today=2026-09-05 added starline=0 jackpot=0 liveMarkets=48
publish-url: unchanged https://villa-questionnaire-hierarchy-foot.trycloudflare.com
auto-push failed: To https://github.com/rm3013760-bit/matka-site.git
[live] api board: 17/29 markets from sattamatkaapi.live
[live] sara567 fallback: 0/0 markets
[live] wrote "live_results.json" (17/29 markets, 238229 bytes)
[updater] today=2026-09-05 added starline=0 jackpot=0 liveMarkets=48
publish-url: unchanged https://villa-questionnaire-hierarchy-foot.trycloudflare.com
auto-push failed: To https://github.com/rm3013760-bit/matka-site.git
[live] api board: 19/29 markets from sattamatkaapi.live
[live] sara567 fallback: 0/0 markets
[live] wrote "live_results.json" (19/29 markets, 238485 bytes)
[updater] today=2026-09-05 added starline=0 jackpot=0 liveMarkets=48
publish-url: unchanged https://villa-questionnaire-hierarchy-foot.trycloudflare.com
auto-push failed: To https://github.com/rm3013760-bit/matka-site.git
[live] api board: 19/29 markets from sattamatkaapi.live
[live] sara567 fallback: 0/0 markets
[live] wrote "live_results.json" (19/29 markets, 238485 bytes)
[updater] today=2026-09-05 added starline=0 jackpot=0 liveMarkets=48
publish-url: unchanged https://villa-questionnaire-hierarchy-foot.trycloudflare.com
auto-push failed: To https://github.com/rm3013760-bit/matka-site.git
[live] api board: 19/29 markets from sattamatkaapi.live
[live] sara567 fallback: 0/0 markets
[live] wrote "live_results.json" (19/29 markets, 238485 bytes)
[updater] today=2026-09-05 added starline=0 jackpot=0 liveMarkets=48
publish-url: unchanged https://villa-questionnaire-hierarchy-foot.trycloudflare.com
auto-push failed: To https://github.com/rm3013760-bit/matka-site.git
[live] api board: 19/29 markets from sattamatkaapi.live
[live] sara567 fallback: 0/0 markets
[live] wrote "live_results.json" (19/29 markets, 238485 bytes)
[updater] today=2026-09-05 added starline=1 jackpot=0 liveMarkets=48
publish-url: unchanged https://villa-questionnaire-hierarchy-foot.trycloudflare.com
auto-push failed: To https://github.com/rm3013760-bit/matka-site.git
[live] api board: 19/29 markets from sattamatkaapi.live
[live] sara567 fallback: 0/0 markets
[live] wrote "live_results.json" (19/29 markets, 238561 bytes)
[updater] today=2026-09-05 added starline=0 jackpot=0 liveMarkets=48
publish-url: unchanged https://villa-questionnaire-hierarchy-foot.trycloudflare.com
auto-push failed: To https://github.com/rm3013760-bit/matka-site.git
[live] api board: 19/29 markets from sattamatkaapi.live
[live] sara567 fallback: 0/0 markets
[live] wrote "live_results.json" (19/29 markets, 238561 bytes)
[updater] today=2026-09-05 added starline=0 jackpot=0 liveMarkets=48
publish-url: unchanged https://villa-questionnaire-hierarchy-foot.trycloudflare.com
auto-push failed: To https://github.com/rm3013760-bit/matka-site.git
[live] api board: 19/29 markets from sattamatkaapi.live
[live] sara567 fallback: 0/0 markets
[live] wrote "live_results.json" (19/29 markets, 238561 bytes)
[updater] today=2026-09-05 added starline=0 jackpot=0 liveMarkets=48
publish-url: unchanged https://villa-questionnaire-hierarchy-foot.trycloudflare.com
auto-push failed: To https://github.com/rm3013760-bit/matka-site.git
[live] api board: 19/29 markets from sattamatkaapi.live
[live] sara567 fallback: 0/0 markets
[live] wrote "live_results.json" (19/29 markets, 238561 bytes)
[updater] today=2026-09-05 added starline=0 jackpot=0 liveMarkets=48
publish-url: unchanged https://villa-questionnaire-hierarchy-foot.trycloudflare.com
auto-push failed: To https://github.com/rm3013760-bit/matka-site.git
[live] api board: 19/29 markets from sattamatkaapi.live
[live] sara567 fallback: 0/0 markets
[live] wrote "live_results.json" (19/29 markets, 238561 bytes)
[updater] today=2026-09-05 added starline=0 jackpot=0 liveMarkets=48
publish-url: unchanged https://villa-questionnaire-hierarchy-foot.trycloudflare.com
auto-push failed: To https://github.com/rm3013760-bit/matka-site.git
[live] api board: 19/29 markets from sattamatkaapi.live
[live] sara567 fallback: 0/0 markets
[live] wrote "live_results.json" (19/29 markets, 238561 bytes)
[updater] today=2026-09-05 added starline=0 jackpot=0 liveMarkets=48
publish-url: unchanged https://villa-questionnaire-hierarchy-foot.trycloudflare.com
auto-push failed: To https://github.com/rm3013760-bit/matka-site.git
[live] api board: 19/29 markets from sattamatkaapi.live
[live] sara567 fallback: 0/0 markets
[live] wrote "live_results.json" (19/29 markets, 238561 bytes)
[updater] today=2026-09-05 added starline=0 jackpot=0 liveMarkets=48
publish-url: unchanged https://villa-questionnaire-hierarchy-foot.trycloudflare.com
auto-push failed: To https://github.com/rm3013760-bit/matka-site.git
[live] api board: 19/29 markets from sattamatkaapi.live
[live] sara567 fallback: 0/0 markets
[live] wrote "live_results.json" (19/29 markets, 238591 bytes)
[updater] today=2026-09-05 added starline=0 jackpot=0 liveMarkets=48
publish-url: unchanged https://villa-questionnaire-hierarchy-foot.trycloudflare.com
auto-push failed: To https://github.com/rm3013760-bit/matka-site.git
[live] api board: 19/29 markets from sattamatkaapi.live
[live] sara567 fallback: 0/0 markets
[live] wrote "live_results.json" (19/29 markets, 238591 bytes)
[updater] today=2026-09-05 added starline=0 jackpot=0 liveMarkets=48
publish-url: unchanged https://villa-questionnaire-hierarchy-foot.trycloudflare.com
auto-push failed: To https://github.com/rm3013760-bit/matka-site.git
[live] api board: 19/29 markets from sattamatkaapi.live
[live] sara567 fallback: 0/0 markets
[live] wrote "live_results.json" (19/29 markets, 238591 bytes)
[updater] today=2026-09-05 added starline=0 jackpot=1 liveMarkets=48
publish-url: unchanged https://villa-questionnaire-hierarchy-foot.trycloudflare.com
auto-push failed: To https://github.com/rm3013760-bit/matka-site.git
[live] api board: 19/29 markets from sattamatkaapi.live
[live] sara567 fallback: 0/0 markets
[live] wrote "live_results.json" (19/29 markets, 238654 bytes)
[updater] today=2026-09-05 added starline=0 jackpot=0 liveMarkets=48
publish-url: unchanged https://villa-questionnaire-hierarchy-foot.trycloudflare.com
auto-push failed: To https://github.com/rm3013760-bit/matka-site.git
[live] api board: 19/29 markets from sattamatkaapi.live
[live] sara567 fallback: 0/0 markets
[live] wrote "live_results.json" (19/29 markets, 238669 bytes)
[updater] today=2026-09-05 added starline=0 jackpot=0 liveMarkets=48
publish-url: unchanged https://villa-questionnaire-hierarchy-foot.trycloudflare.com
auto-push failed: To https://github.com/rm3013760-bit/matka-site.git
[live] api board: 19/29 markets from sattamatkaapi.live
[live] sara567 fallback: 0/0 markets
[live] wrote "live_results.json" (19/29 markets, 238669 bytes)
[updater] today=2026-09-05 added starline=0 jackpot=0 liveMarkets=48
publish-url: unchanged https://villa-questionnaire-hierarchy-foot.trycloudflare.com
auto-push failed: To https://github.com/rm3013760-bit/matka-site.git
[live] api board: 19/29 markets from sattamatkaapi.live
[live] sara567 fallback: 0/0 markets
[live] wrote "live_results.json" (19/29 markets, 238684 bytes)
[updater] today=2026-09-05 added starline=0 jackpot=0 liveMarkets=48
publish-url: unchanged https://villa-questionnaire-hierarchy-foot.trycloudflare.com
auto-push failed: To https://github.com/rm3013760-bit/matka-site.git
[live] api board: 19/29 markets from sattamatkaapi.live
[live] sara567 fallback: 0/0 markets
[live] wrote "live_results.json" (19/29 markets, 238684 bytes)
[updater] today=2026-09-05 added starline=0 jackpot=0 liveMarkets=48
publish-url: unchanged https://villa-questionnaire-hierarchy-foot.trycloudflare.com
auto-push failed: To https://github.com/rm3013760-bit/matka-site.git
[live] api board: 19/29 markets from sattamatkaapi.live
[live] sara567 fallback: 0/0 markets
[live] wrote "live_results.json" (19/29 markets, 238684 bytes)
[updater] today=2026-09-05 added starline=0 jackpot=0 liveMarkets=48
publish-url: unchanged https://villa-questionnaire-hierarchy-foot.trycloudflare.com
auto-push failed: To https://github.com/rm3013760-bit/matka-site.git
[live] api board: 19/29 markets from sattamatkaapi.live
[live] sara567 fallback: 0/0 markets
[live] wrote "live_results.json" (19/29 markets, 238684 bytes)
[updater] today=2026-09-05 added starline=0 jackpot=0 liveMarkets=48
publish-url: unchanged https://villa-questionnaire-hierarchy-foot.trycloudflare.com
auto-push failed: To https://github.com/rm3013760-bit/matka-site.git
17:54:24 tunnel: public check failed, backing off 10min
[live] api board failed: The operation was aborted due to timeout (falling back to sara567 scrape)
[live] sara567 fallback: 188/29 markets
[live] wrote "live_results.json" (188/29 markets, 270171 bytes)
[updater] today=2026-09-05 added starline=0 jackpot=0 liveMarkets=48
publish-url: unchanged https://villa-questionnaire-hierarchy-foot.trycloudflare.com
auto-push failed: To https://github.com/rm3013760-bit/matka-site.git
[live] api board: 19/29 markets from sattamatkaapi.live
[live] sara567 fallback: 0/0 markets
[live] wrote "live_results.json" (19/29 markets, 238699 bytes)
[updater] today=2026-09-05 added starline=1 jackpot=0 liveMarkets=48
publish-url: unchanged https://villa-questionnaire-hierarchy-foot.trycloudflare.com
auto-push failed: To https://github.com/rm3013760-bit/matka-site.git
[live] api board: 19/29 markets from sattamatkaapi.live
[live] sara567 fallback: 0/0 markets
[live] wrote "live_results.json" (19/29 markets, 238775 bytes)
[updater] today=2026-09-05 added starline=0 jackpot=0 liveMarkets=48
publish-url: unchanged https://villa-questionnaire-hierarchy-foot.trycloudflare.com
auto-push failed: To https://github.com/rm3013760-bit/matka-site.git
18:04:39 tunnel: new url https://struggle-cut-antique-adjacent.trycloudflare.com (published)
18:04:44 tunnel: public check failed, backing off 10min
[live] api board: 19/29 markets from sattamatkaapi.live
[live] sara567 fallback: 0/0 markets
[live] wrote "live_results.json" (19/29 markets, 238775 bytes)
[updater] today=2026-09-05 added starline=0 jackpot=0 liveMarkets=48
publish-url: unchanged https://struggle-cut-antique-adjacent.trycloudflare.com
auto-push failed: To https://github.com/rm3013760-bit/matka-site.git
[live] api board: 19/29 markets from sattamatkaapi.live
[live] sara567 fallback: 0/0 markets
[live] wrote "live_results.json" (19/29 markets, 238775 bytes)
[updater] today=2026-09-05 added starline=0 jackpot=0 liveMarkets=48
publish-url: unchanged https://struggle-cut-antique-adjacent.trycloudflare.com
auto-push failed: To https://github.com/rm3013760-bit/matka-site.git
[live] api board: 19/29 markets from sattamatkaapi.live
[live] sara567 fallback: 0/0 markets
[live] wrote "live_results.json" (19/29 markets, 238775 bytes)
[updater] today=2026-09-05 added starline=0 jackpot=0 liveMarkets=48
publish-url: unchanged https://struggle-cut-antique-adjacent.trycloudflare.com
auto-push failed: To https://github.com/rm3013760-bit/matka-site.git
18:14:57 tunnel: new url https://validation-boutique-powers-sponsors.trycloudflare.com (published)
18:14:58 tunnel: public check failed, backing off 10min
[live] api board: 19/29 markets from sattamatkaapi.live
[live] sara567 fallback: 0/0 markets
[live] wrote "live_results.json" (19/29 markets, 238775 bytes)
[updater] today=2026-09-05 added starline=0 jackpot=0 liveMarkets=48
publish-url: unchanged https://validation-boutique-powers-sponsors.trycloudflare.com
auto-push failed: To https://github.com/rm3013760-bit/matka-site.git
[live] api board: 19/29 markets from sattamatkaapi.live
[live] sara567 fallback: 0/0 markets
[live] wrote "live_results.json" (19/29 markets, 238775 bytes)
[updater] today=2026-09-05 added starline=0 jackpot=0 liveMarkets=48
publish-url: unchanged https://validation-boutique-powers-sponsors.trycloudflare.com
auto-push failed: To https://github.com/rm3013760-bit/matka-site.git
[live] api board: 19/29 markets from sattamatkaapi.live
[live] sara567 fallback: 0/0 markets
[live] wrote "live_results.json" (19/29 markets, 238775 bytes)
[updater] today=2026-09-05 added starline=0 jackpot=0 liveMarkets=48
publish-url: unchanged https://validation-boutique-powers-sponsors.trycloudflare.com
auto-push failed: To https://github.com/rm3013760-bit/matka-site.git
[live] api board: 19/29 markets from sattamatkaapi.live
[live] sara567 fallback: 0/0 markets
[live] wrote "live_results.json" (19/29 markets, 238775 bytes)
[updater] today=2026-09-05 added starline=0 jackpot=0 liveMarkets=48
18:25:11 tunnel: new url https://pencil-abu-roots-healing.trycloudflare.com (published)
publish-url: unchanged https://pencil-abu-roots-healing.trycloudflare.com
auto-push failed: To https://github.com/rm3013760-bit/matka-site.git
[live] api board: 19/29 markets from sattamatkaapi.live
[live] sara567 fallback: 0/0 markets
[live] wrote "live_results.json" (19/29 markets, 238775 bytes)
[updater] today=2026-09-05 added starline=0 jackpot=0 liveMarkets=48
publish-url: unchanged https://pencil-abu-roots-healing.trycloudflare.com
auto-push failed: To https://github.com/rm3013760-bit/matka-site.git
[live] api board: 19/29 markets from sattamatkaapi.live
[live] sara567 fallback: 0/0 markets
[live] wrote "live_results.json" (19/29 markets, 238790 bytes)
[updater] today=2026-09-05 added starline=0 jackpot=1 liveMarkets=48
publish-url: unchanged https://pencil-abu-roots-healing.trycloudflare.com
auto-push failed: To https://github.com/rm3013760-bit/matka-site.git
[live] api board: 19/29 markets from sattamatkaapi.live
[live] sara567 fallback: 0/0 markets
[live] wrote "live_results.json" (19/29 markets, 238853 bytes)
[updater] today=2026-09-05 added starline=0 jackpot=0 liveMarkets=48
publish-url: unchanged https://pencil-abu-roots-healing.trycloudflare.com
auto-push failed: To https://github.com/rm3013760-bit/matka-site.git
[live] api board: 19/29 markets from sattamatkaapi.live
[live] sara567 fallback: 0/0 markets
[live] wrote "live_results.json" (19/29 markets, 238853 bytes)
[updater] today=2026-09-05 added starline=0 jackpot=0 liveMarkets=48
publish-url: unchanged https://pencil-abu-roots-healing.trycloudflare.com
auto-push failed: To https://github.com/rm3013760-bit/matka-site.git
[live] api board: 19/29 markets from sattamatkaapi.live
[live] sara567 fallback: 0/0 markets
[live] wrote "live_results.json" (19/29 markets, 238853 bytes)
[updater] today=2026-09-05 added starline=0 jackpot=0 liveMarkets=48
publish-url: unchanged https://pencil-abu-roots-healing.trycloudflare.com
auto-push failed: To https://github.com/rm3013760-bit/matka-site.git
[live] api board: 19/29 markets from sattamatkaapi.live
[live] sara567 fallback: 0/0 markets
[live] wrote "live_results.json" (19/29 markets, 238853 bytes)
[updater] today=2026-09-05 added starline=0 jackpot=0 liveMarkets=48
publish-url: unchanged https://pencil-abu-roots-healing.trycloudflare.com
auto-push failed: To https://github.com/rm3013760-bit/matka-site.git
[live] api board: 20/29 markets from sattamatkaapi.live
[live] sara567 fallback: 0/0 markets
[live] wrote "live_results.json" (20/29 markets, 238996 bytes)
[updater] today=2026-09-05 added starline=0 jackpot=0 liveMarkets=48
publish-url: unchanged https://pencil-abu-roots-healing.trycloudflare.com
auto-push failed: To https://github.com/rm3013760-bit/matka-site.git
[live] api board: 20/29 markets from sattamatkaapi.live
[live] sara567 fallback: 0/0 markets
[live] wrote "live_results.json" (20/29 markets, 238996 bytes)
[updater] today=2026-09-05 added starline=0 jackpot=0 liveMarkets=48
publish-url: unchanged https://pencil-abu-roots-healing.trycloudflare.com
auto-push failed: To https://github.com/rm3013760-bit/matka-site.git
[live] api board: 20/29 markets from sattamatkaapi.live
[live] sara567 fallback: 0/0 markets
[live] wrote "live_results.json" (20/29 markets, 238996 bytes)
[updater] today=2026-09-05 added starline=1 jackpot=0 liveMarkets=48
publish-url: unchanged https://pencil-abu-roots-healing.trycloudflare.com
auto-push failed: To https://github.com/rm3013760-bit/matka-site.git
[live] api board: 20/29 markets from sattamatkaapi.live
[live] sara567 fallback: 0/0 markets
[live] wrote "live_results.json" (20/29 markets, 239072 bytes)
[updater] today=2026-09-05 added starline=0 jackpot=0 liveMarkets=48
publish-url: unchanged https://pencil-abu-roots-healing.trycloudflare.com
auto-push failed: To https://github.com/rm3013760-bit/matka-site.git
[live] api board: 20/29 markets from sattamatkaapi.live
[live] sara567 fallback: 0/0 markets
[live] wrote "live_results.json" (20/29 markets, 239072 bytes)
[updater] today=2026-09-05 added starline=0 jackpot=0 liveMarkets=48
publish-url: unchanged https://pencil-abu-roots-healing.trycloudflare.com
auto-push failed: To https://github.com/rm3013760-bit/matka-site.git
[live] api board: 20/29 markets from sattamatkaapi.live
[live] sara567 fallback: 0/0 markets
[live] wrote "live_results.json" (20/29 markets, 239072 bytes)
[updater] today=2026-09-05 added starline=0 jackpot=0 liveMarkets=48
publish-url: unchanged https://pencil-abu-roots-healing.trycloudflare.com
auto-push failed: To https://github.com/rm3013760-bit/matka-site.git
[live] api board: 20/29 markets from sattamatkaapi.live
[live] sara567 fallback: 0/0 markets
[live] wrote "live_results.json" (20/29 markets, 239072 bytes)
[updater] today=2026-09-05 added starline=0 jackpot=0 liveMarkets=48
publish-url: unchanged https://pencil-abu-roots-healing.trycloudflare.com
auto-push failed: To https://github.com/rm3013760-bit/matka-site.git
[live] api board: 20/29 markets from sattamatkaapi.live
[live] sara567 fallback: 0/0 markets
[live] wrote "live_results.json" (20/29 markets, 239072 bytes)
[updater] today=2026-09-05 added starline=0 jackpot=0 liveMarkets=48
publish-url: unchanged https://pencil-abu-roots-healing.trycloudflare.com
auto-push failed: To https://github.com/rm3013760-bit/matka-site.git
[live] api board: 20/29 markets from sattamatkaapi.live
[live] sara567 fallback: 0/0 markets
[live] wrote "live_results.json" (20/29 markets, 239072 bytes)
[updater] today=2026-09-05 added starline=0 jackpot=0 liveMarkets=48
publish-url: unchanged https://pencil-abu-roots-healing.trycloudflare.com
auto-push failed: To https://github.com/rm3013760-bit/matka-site.git
[live] api board: 20/29 markets from sattamatkaapi.live
[live] sara567 fallback: 0/0 markets
[live] wrote "live_results.json" (20/29 markets, 239072 bytes)
[updater] today=2026-09-05 added starline=0 jackpot=0 liveMarkets=48
publish-url: unchanged https://pencil-abu-roots-healing.trycloudflare.com
auto-push failed: To https://github.com/rm3013760-bit/matka-site.git
[live] api board: 20/29 markets from sattamatkaapi.live
[live] sara567 fallback: 0/0 markets
[live] wrote "live_results.json" (20/29 markets, 239072 bytes)
[updater] today=2026-09-05 added starline=0 jackpot=0 liveMarkets=48
publish-url: unchanged https://pencil-abu-roots-healing.trycloudflare.com
auto-push failed: To https://github.com/rm3013760-bit/matka-site.git
[live] api board: 21/29 markets from sattamatkaapi.live
[live] sara567 fallback: 0/0 markets
[live] wrote "live_results.json" (21/29 markets, 239200 bytes)
[updater] today=2026-09-05 added starline=0 jackpot=0 liveMarkets=48
publish-url: unchanged https://pencil-abu-roots-healing.trycloudflare.com
auto-push failed: To https://github.com/rm3013760-bit/matka-site.git
[live] api board: 21/29 markets from sattamatkaapi.live
[live] sara567 fallback: 0/0 markets
[live] wrote "live_results.json" (21/29 markets, 239200 bytes)
[updater] today=2026-09-05 added starline=0 jackpot=1 liveMarkets=49
publish-url: unchanged https://pencil-abu-roots-healing.trycloudflare.com
auto-push failed: To https://github.com/rm3013760-bit/matka-site.git
19:38:00 tunnel: public check failed, backing off 10min
[live] api board: 22/29 markets from sattamatkaapi.live
[live] sara567 fallback: 0/0 markets
[live] wrote "live_results.json" (22/29 markets, 239408 bytes)
[updater] today=2026-09-05 added starline=0 jackpot=0 liveMarkets=49
publish-url: unchanged https://pencil-abu-roots-healing.trycloudflare.com
auto-push failed: To https://github.com/rm3013760-bit/matka-site.git
[live] api board: 22/29 markets from sattamatkaapi.live
[live] sara567 fallback: 0/0 markets
[live] wrote "live_results.json" (22/29 markets, 239408 bytes)
[updater] today=2026-09-05 added starline=0 jackpot=0 liveMarkets=49
publish-url: unchanged https://pencil-abu-roots-healing.trycloudflare.com
auto-push failed: To https://github.com/rm3013760-bit/matka-site.git
[live] api board: 22/29 markets from sattamatkaapi.live
[live] sara567 fallback: 0/0 markets
[live] wrote "live_results.json" (22/29 markets, 239408 bytes)
[updater] today=2026-09-05 added starline=0 jackpot=0 liveMarkets=49
publish-url: unchanged https://pencil-abu-roots-healing.trycloudflare.com
auto-push failed: To https://github.com/rm3013760-bit/matka-site.git
[live] api board: 22/29 markets from sattamatkaapi.live
[live] sara567 fallback: 0/0 markets
[live] wrote "live_results.json" (22/29 markets, 239423 bytes)
[updater] today=2026-09-05 added starline=0 jackpot=0 liveMarkets=49
publish-url: unchanged https://pencil-abu-roots-healing.trycloudflare.com
auto-push failed: To https://github.com/rm3013760-bit/matka-site.git
19:48:11 tunnel: new url https://adjustable-lottery-widespread-specialties.trycloudflare.com (published)
19:48:12 tunnel: public check failed, backing off 10min
[live] api board: 22/29 markets from sattamatkaapi.live
[live] sara567 fallback: 0/0 markets
[live] wrote "live_results.json" (22/29 markets, 239423 bytes)
[updater] today=2026-09-05 added starline=0 jackpot=0 liveMarkets=49
publish-url: unchanged https://adjustable-lottery-widespread-specialties.trycloudflare.com
auto-push failed: To https://github.com/rm3013760-bit/matka-site.git
[live] api board: 22/29 markets from sattamatkaapi.live
[live] sara567 fallback: 0/0 markets
[live] wrote "live_results.json" (22/29 markets, 239423 bytes)
[updater] today=2026-09-05 added starline=0 jackpot=0 liveMarkets=49
publish-url: unchanged https://adjustable-lottery-widespread-specialties.trycloudflare.com
auto-push failed: To https://github.com/rm3013760-bit/matka-site.git
[live] api board: 22/29 markets from sattamatkaapi.live
[live] sara567 fallback: 0/0 markets
[live] wrote "live_results.json" (22/29 markets, 239423 bytes)
[updater] today=2026-09-05 added starline=1 jackpot=0 liveMarkets=50
publish-url: unchanged https://adjustable-lottery-widespread-specialties.trycloudflare.com
auto-push failed: To https://github.com/rm3013760-bit/matka-site.git
20:13:08 tunnel: new url https://api.trycloudflare.com (published)
20:13:09 tunnel: public check failed, backing off 10min
[live] api board: 22/29 markets from sattamatkaapi.live
[live] sara567 fallback: 0/0 markets
[live] wrote "live_results.json" (22/29 markets, 239517 bytes)
[updater] today=2026-09-05 added starline=0 jackpot=0 liveMarkets=50
publish-url: unchanged https://api.trycloudflare.com
auto-push failed: To https://github.com/rm3013760-bit/matka-site.git
[live] api board: 22/29 markets from sattamatkaapi.live
[live] sara567 fallback: 0/0 markets
[live] wrote "live_results.json" (22/29 markets, 239517 bytes)
[updater] today=2026-09-05 added starline=0 jackpot=0 liveMarkets=50
publish-url: unchanged https://api.trycloudflare.com
auto-push failed: To https://github.com/rm3013760-bit/matka-site.git
[live] api board: 22/29 markets from sattamatkaapi.live
[live] sara567 fallback: 0/0 markets
[live] wrote "live_results.json" (22/29 markets, 239532 bytes)
[updater] today=2026-09-05 added starline=0 jackpot=0 liveMarkets=50
publish-url: unchanged https://api.trycloudflare.com
auto-push failed: To https://github.com/rm3013760-bit/matka-site.git
20:23:52 tunnel: new url https://butter-flavor-thereby-treated.trycloudflare.com (published)
[live] api board: 22/29 markets from sattamatkaapi.live
[live] sara567 fallback: 0/0 markets
[live] wrote "live_results.json" (22/29 markets, 239532 bytes)
[updater] today=2026-09-05 added starline=0 jackpot=0 liveMarkets=50
publish-url: unchanged https://butter-flavor-thereby-treated.trycloudflare.com
auto-push failed: To https://github.com/rm3013760-bit/matka-site.git
[live] api board: 22/29 markets from sattamatkaapi.live
[live] sara567 fallback: 0/0 markets
[live] wrote "live_results.json" (22/29 markets, 239532 bytes)
[updater] today=2026-09-05 added starline=0 jackpot=0 liveMarkets=50
publish-url: unchanged https://butter-flavor-thereby-treated.trycloudflare.com
auto-push failed: To https://github.com/rm3013760-bit/matka-site.git
[live] api board: 22/29 markets from sattamatkaapi.live
[live] sara567 fallback: 0/0 markets
[live] wrote "live_results.json" (22/29 markets, 239532 bytes)
[updater] today=2026-09-05 added starline=0 jackpot=1 liveMarkets=51
publish-url: unchanged https://butter-flavor-thereby-treated.trycloudflare.com
auto-push failed: To https://github.com/rm3013760-bit/matka-site.git
20:33:42 tunnel: public check failed, backing off 10min
[live] api board: 22/29 markets from sattamatkaapi.live
[live] sara567 fallback: 0/0 markets
[live] wrote "live_results.json" (22/29 markets, 239627 bytes)
[updater] today=2026-09-05 added starline=0 jackpot=0 liveMarkets=51
publish-url: unchanged https://butter-flavor-thereby-treated.trycloudflare.com
auto-push failed: To https://github.com/rm3013760-bit/matka-site.git
[live] api board: 22/29 markets from sattamatkaapi.live
[live] sara567 fallback: 0/0 markets
[live] wrote "live_results.json" (22/29 markets, 239627 bytes)
[updater] today=2026-09-05 added starline=0 jackpot=0 liveMarkets=51
publish-url: unchanged https://butter-flavor-thereby-treated.trycloudflare.com
auto-push failed: To https://github.com/rm3013760-bit/matka-site.git
[live] api board: 22/29 markets from sattamatkaapi.live
[live] sara567 fallback: 0/0 markets
[live] wrote "live_results.json" (22/29 markets, 239627 bytes)
[updater] today=2026-09-05 added starline=0 jackpot=0 liveMarkets=51
publish-url: unchanged https://butter-flavor-thereby-treated.trycloudflare.com
auto-push failed: To https://github.com/rm3013760-bit/matka-site.git
20:43:53 tunnel: new url https://powered-collections-unavailable-kim.trycloudflare.com (published)
20:43:54 tunnel: public check failed, backing off 10min
[live] api board: 22/29 markets from sattamatkaapi.live
[live] sara567 fallback: 0/0 markets
[live] wrote "live_results.json" (22/29 markets, 239627 bytes)
[updater] today=2026-09-05 added starline=0 jackpot=0 liveMarkets=51
publish-url: unchanged https://powered-collections-unavailable-kim.trycloudflare.com
auto-push failed: To https://github.com/rm3013760-bit/matka-site.git
[live] api board: 23/29 markets from sattamatkaapi.live
[live] sara567 fallback: 0/0 markets
[live] wrote "live_results.json" (23/29 markets, 239755 bytes)
[updater] today=2026-09-05 added starline=0 jackpot=0 liveMarkets=51
publish-url: unchanged https://powered-collections-unavailable-kim.trycloudflare.com
auto-push failed: To https://github.com/rm3013760-bit/matka-site.git
[live] api board: 23/29 markets from sattamatkaapi.live
[live] sara567 fallback: 0/0 markets
[live] wrote "live_results.json" (23/29 markets, 239755 bytes)
[updater] today=2026-09-05 added starline=0 jackpot=0 liveMarkets=51
publish-url: unchanged https://powered-collections-unavailable-kim.trycloudflare.com
auto-push failed: To https://github.com/rm3013760-bit/matka-site.git
[live] api board: 23/29 markets from sattamatkaapi.live
[live] sara567 fallback: 0/0 markets
[live] wrote "live_results.json" (23/29 markets, 239755 bytes)
[updater] today=2026-09-05 added starline=0 jackpot=0 liveMarkets=51
publish-url: unchanged https://powered-collections-unavailable-kim.trycloudflare.com
auto-push failed: To https://github.com/rm3013760-bit/matka-site.git
20:54:05 tunnel: new url https://gba-marina-investigate-pills.trycloudflare.com (published)
[live] api board: 24/29 markets from sattamatkaapi.live
[live] sara567 fallback: 0/0 markets
[live] wrote "live_results.json" (24/29 markets, 239883 bytes)
[updater] today=2026-09-05 added starline=0 jackpot=0 liveMarkets=51
publish-url: unchanged https://gba-marina-investigate-pills.trycloudflare.com
auto-push failed: To https://github.com/rm3013760-bit/matka-site.git
[live] api board: 24/29 markets from sattamatkaapi.live
[live] sara567 fallback: 0/0 markets
[live] wrote "live_results.json" (24/29 markets, 239883 bytes)
[updater] today=2026-09-05 added starline=0 jackpot=0 liveMarkets=51
publish-url: unchanged https://gba-marina-investigate-pills.trycloudflare.com
auto-push failed: To https://github.com/rm3013760-bit/matka-site.git
[live] api board: 24/29 markets from sattamatkaapi.live
[live] sara567 fallback: 0/0 markets
[live] wrote "live_results.json" (24/29 markets, 239883 bytes)
[updater] today=2026-09-05 added starline=1 jackpot=0 liveMarkets=52
publish-url: unchanged https://gba-marina-investigate-pills.trycloudflare.com
auto-push failed: To https://github.com/rm3013760-bit/matka-site.git
[live] api board: 25/29 markets from sattamatkaapi.live
[live] sara567 fallback: 0/0 markets
[live] wrote "live_results.json" (25/29 markets, 240105 bytes)
[updater] today=2026-09-05 added starline=0 jackpot=0 liveMarkets=52
publish-url: unchanged https://gba-marina-investigate-pills.trycloudflare.com
auto-push failed: To https://github.com/rm3013760-bit/matka-site.git
[live] api board: 25/29 markets from sattamatkaapi.live
[live] sara567 fallback: 0/0 markets
[live] wrote "live_results.json" (25/29 markets, 240105 bytes)
[updater] today=2026-09-05 added starline=0 jackpot=0 liveMarkets=52
publish-url: unchanged https://gba-marina-investigate-pills.trycloudflare.com
auto-push failed: To https://github.com/rm3013760-bit/matka-site.git
[live] api board: 25/29 markets from sattamatkaapi.live
[live] sara567 fallback: 0/0 markets
[live] wrote "live_results.json" (25/29 markets, 240105 bytes)
[updater] today=2026-09-05 added starline=0 jackpot=0 liveMarkets=52
publish-url: unchanged https://gba-marina-investigate-pills.trycloudflare.com
auto-push failed: To https://github.com/rm3013760-bit/matka-site.git
[live] api board: 25/29 markets from sattamatkaapi.live
[live] sara567 fallback: 0/0 markets
[live] wrote "live_results.json" (25/29 markets, 240105 bytes)
[updater] today=2026-09-05 added starline=0 jackpot=0 liveMarkets=52
publish-url: unchanged https://gba-marina-investigate-pills.trycloudflare.com
auto-push failed: To https://github.com/rm3013760-bit/matka-site.git
[live] api board: 25/29 markets from sattamatkaapi.live
[live] sara567 fallback: 0/0 markets
[live] wrote "live_results.json" (25/29 markets, 240105 bytes)
[updater] today=2026-09-05 added starline=0 jackpot=0 liveMarkets=52
publish-url: unchanged https://gba-marina-investigate-pills.trycloudflare.com
auto-push failed: To https://github.com/rm3013760-bit/matka-site.git
[live] api board: 25/29 markets from sattamatkaapi.live
[live] sara567 fallback: 0/0 markets
[live] wrote "live_results.json" (25/29 markets, 240105 bytes)
[updater] today=2026-09-05 added starline=0 jackpot=0 liveMarkets=52
publish-url: unchanged https://gba-marina-investigate-pills.trycloudflare.com
auto-push failed: To https://github.com/rm3013760-bit/matka-site.git
[live] api board: 25/29 markets from sattamatkaapi.live
[live] sara567 fallback: 0/0 markets
[live] wrote "live_results.json" (25/29 markets, 240105 bytes)
[updater] today=2026-09-05 added starline=0 jackpot=0 liveMarkets=52
publish-url: unchanged https://gba-marina-investigate-pills.trycloudflare.com
auto-push failed: To https://github.com/rm3013760-bit/matka-site.git
[live] api board: 26/29 markets from sattamatkaapi.live
[live] sara567 fallback: 0/0 markets
[live] wrote "live_results.json" (26/29 markets, 240233 bytes)
[updater] today=2026-09-05 added starline=0 jackpot=0 liveMarkets=52
publish-url: unchanged https://gba-marina-investigate-pills.trycloudflare.com
auto-push failed: To https://github.com/rm3013760-bit/matka-site.git
[live] api board: 26/29 markets from sattamatkaapi.live
[live] sara567 fallback: 0/0 markets
[live] wrote "live_results.json" (26/29 markets, 240233 bytes)
[updater] today=2026-09-05 added starline=0 jackpot=1 liveMarkets=53
publish-url: unchanged https://gba-marina-investigate-pills.trycloudflare.com
auto-push failed: To https://github.com/rm3013760-bit/matka-site.git
[live] api board: 26/29 markets from sattamatkaapi.live
[live] sara567 fallback: 0/0 markets
[live] wrote "live_results.json" (26/29 markets, 240313 bytes)
[updater] today=2026-09-05 added starline=0 jackpot=0 liveMarkets=53
publish-url: unchanged https://gba-marina-investigate-pills.trycloudflare.com
auto-push failed: To https://github.com/rm3013760-bit/matka-site.git
[live] api board: 26/29 markets from sattamatkaapi.live
[live] sara567 fallback: 0/0 markets
[live] wrote "live_results.json" (26/29 markets, 240313 bytes)
[updater] today=2026-09-05 added starline=0 jackpot=0 liveMarkets=53
publish-url: unchanged https://gba-marina-investigate-pills.trycloudflare.com
auto-push failed: To https://github.com/rm3013760-bit/matka-site.git
[live] api board: 26/29 markets from sattamatkaapi.live
[live] sara567 fallback: 0/0 markets
[live] wrote "live_results.json" (26/29 markets, 240313 bytes)
[updater] today=2026-09-05 added starline=0 jackpot=0 liveMarkets=53
publish-url: unchanged https://gba-marina-investigate-pills.trycloudflare.com
auto-push failed: To https://github.com/rm3013760-bit/matka-site.git
[live] api board: 26/29 markets from sattamatkaapi.live
[live] sara567 fallback: 0/0 markets
[live] wrote "live_results.json" (26/29 markets, 240313 bytes)
[updater] today=2026-09-05 added starline=0 jackpot=0 liveMarkets=53
publish-url: unchanged https://gba-marina-investigate-pills.trycloudflare.com
auto-push failed: To https://github.com/rm3013760-bit/matka-site.git
[live] api board: 26/29 markets from sattamatkaapi.live
[live] sara567 fallback: 0/0 markets
[live] wrote "live_results.json" (26/29 markets, 240313 bytes)
[updater] today=2026-09-05 added starline=0 jackpot=0 liveMarkets=53
publish-url: unchanged https://gba-marina-investigate-pills.trycloudflare.com
auto-push failed: To https://github.com/rm3013760-bit/matka-site.git
[live] api board: 26/29 markets from sattamatkaapi.live
[live] sara567 fallback: 0/0 markets
[live] wrote "live_results.json" (26/29 markets, 240313 bytes)
[updater] today=2026-09-05 added starline=0 jackpot=0 liveMarkets=53
publish-url: unchanged https://gba-marina-investigate-pills.trycloudflare.com
auto-push failed: To https://github.com/rm3013760-bit/matka-site.git
[live] api board: 26/29 markets from sattamatkaapi.live
[live] sara567 fallback: 0/0 markets
[live] wrote "live_results.json" (26/29 markets, 240313 bytes)
[updater] today=2026-09-05 added starline=0 jackpot=0 liveMarkets=53
publish-url: unchanged https://gba-marina-investigate-pills.trycloudflare.com
auto-push failed: To https://github.com/rm3013760-bit/matka-site.git
[live] api board: 26/29 markets from sattamatkaapi.live
[live] sara567 fallback: 0/0 markets
[live] wrote "live_results.json" (26/29 markets, 240313 bytes)
[updater] today=2026-09-05 added starline=0 jackpot=0 liveMarkets=53
publish-url: unchanged https://gba-marina-investigate-pills.trycloudflare.com
auto-push failed: To https://github.com/rm3013760-bit/matka-site.git
[live] api board: 26/29 markets from sattamatkaapi.live
[live] sara567 fallback: 0/0 markets
[live] wrote "live_results.json" (26/29 markets, 240313 bytes)
[updater] today=2026-09-05 added starline=0 jackpot=0 liveMarkets=53
publish-url: unchanged https://gba-marina-investigate-pills.trycloudflare.com
auto-push failed: To https://github.com/rm3013760-bit/matka-site.git
[live] api board: 26/29 markets from sattamatkaapi.live
[live] sara567 fallback: 0/0 markets
[live] wrote "live_results.json" (26/29 markets, 240313 bytes)
[updater] today=2026-09-05 added starline=1 jackpot=0 liveMarkets=54
publish-url: unchanged https://gba-marina-investigate-pills.trycloudflare.com
auto-push failed: To https://github.com/rm3013760-bit/matka-site.git
[live] api board: 26/29 markets from sattamatkaapi.live
[live] sara567 fallback: 0/0 markets
[live] wrote "live_results.json" (26/29 markets, 240407 bytes)
[updater] today=2026-09-05 added starline=0 jackpot=0 liveMarkets=54
publish-url: unchanged https://gba-marina-investigate-pills.trycloudflare.com
auto-push failed: To https://github.com/rm3013760-bit/matka-site.git
[live] api board: 26/29 markets from sattamatkaapi.live
[live] sara567 fallback: 0/0 markets
[live] wrote "live_results.json" (26/29 markets, 240407 bytes)
[updater] today=2026-09-05 added starline=0 jackpot=0 liveMarkets=54
publish-url: unchanged https://gba-marina-investigate-pills.trycloudflare.com
auto-push failed: To https://github.com/rm3013760-bit/matka-site.git
[live] api board: 26/29 markets from sattamatkaapi.live
[live] sara567 fallback: 0/0 markets
[live] wrote "live_results.json" (26/29 markets, 240407 bytes)
[updater] today=2026-09-05 added starline=0 jackpot=0 liveMarkets=54
publish-url: unchanged https://gba-marina-investigate-pills.trycloudflare.com
auto-push failed: To https://github.com/rm3013760-bit/matka-site.git
[live] api board: 26/29 markets from sattamatkaapi.live
[live] sara567 fallback: 0/0 markets
[live] wrote "live_results.json" (26/29 markets, 240407 bytes)
[updater] today=2026-09-05 added starline=0 jackpot=0 liveMarkets=54
publish-url: unchanged https://gba-marina-investigate-pills.trycloudflare.com
auto-push failed: To https://github.com/rm3013760-bit/matka-site.git
[live] api board: 26/29 markets from sattamatkaapi.live
[live] sara567 fallback: 0/0 markets
[live] wrote "live_results.json" (26/29 markets, 240407 bytes)
[updater] today=2026-09-05 added starline=0 jackpot=0 liveMarkets=54
publish-url: unchanged https://gba-marina-investigate-pills.trycloudflare.com
auto-push failed: To https://github.com/rm3013760-bit/matka-site.git
[live] api board: 26/29 markets from sattamatkaapi.live
[live] sara567 fallback: 0/0 markets
[live] wrote "live_results.json" (26/29 markets, 240407 bytes)
[updater] today=2026-09-05 added starline=0 jackpot=0 liveMarkets=54
publish-url: unchanged https://gba-marina-investigate-pills.trycloudflare.com
auto-push failed: To https://github.com/rm3013760-bit/matka-site.git
[live] api board: 26/29 markets from sattamatkaapi.live
[live] sara567 fallback: 0/0 markets
[live] wrote "live_results.json" (26/29 markets, 240407 bytes)
[updater] today=2026-09-05 added starline=0 jackpot=0 liveMarkets=54
publish-url: unchanged https://gba-marina-investigate-pills.trycloudflare.com
auto-push failed: To https://github.com/rm3013760-bit/matka-site.git
[live] api board: 26/29 markets from sattamatkaapi.live
[live] sara567 fallback: 0/0 markets
[live] wrote "live_results.json" (26/29 markets, 240407 bytes)
[updater] today=2026-09-05 added starline=0 jackpot=0 liveMarkets=54
publish-url: unchanged https://gba-marina-investigate-pills.trycloudflare.com
auto-push failed: To https://github.com/rm3013760-bit/matka-site.git
[live] api board: 26/29 markets from sattamatkaapi.live
[live] sara567 fallback: 0/0 markets
[live] wrote "live_results.json" (26/29 markets, 240407 bytes)
[updater] today=2026-09-05 added starline=0 jackpot=0 liveMarkets=54
publish-url: unchanged https://gba-marina-investigate-pills.trycloudflare.com
auto-push failed: To https://github.com/rm3013760-bit/matka-site.git
[live] api board: 26/29 markets from sattamatkaapi.live
[live] sara567 fallback: 0/0 markets
[live] wrote "live_results.json" (26/29 markets, 240407 bytes)
[updater] today=2026-09-05 added starline=0 jackpot=1 liveMarkets=55
publish-url: unchanged https://gba-marina-investigate-pills.trycloudflare.com
auto-push failed: To https://github.com/rm3013760-bit/matka-site.git
[live] api board: 26/29 markets from sattamatkaapi.live
[live] sara567 fallback: 0/0 markets
[live] wrote "live_results.json" (26/29 markets, 240487 bytes)
[updater] today=2026-09-05 added starline=0 jackpot=0 liveMarkets=55
publish-url: unchanged https://gba-marina-investigate-pills.trycloudflare.com
auto-push failed: To https://github.com/rm3013760-bit/matka-site.git
[live] api board: 26/29 markets from sattamatkaapi.live
[live] sara567 fallback: 0/0 markets
[live] wrote "live_results.json" (26/29 markets, 240487 bytes)
[updater] today=2026-09-05 added starline=0 jackpot=0 liveMarkets=55
publish-url: unchanged https://gba-marina-investigate-pills.trycloudflare.com
auto-push failed: To https://github.com/rm3013760-bit/matka-site.git
[live] api board: 26/29 markets from sattamatkaapi.live
[live] sara567 fallback: 0/0 markets
[live] wrote "live_results.json" (26/29 markets, 240487 bytes)
[updater] today=2026-09-05 added starline=0 jackpot=0 liveMarkets=55
publish-url: unchanged https://gba-marina-investigate-pills.trycloudflare.com
auto-push failed: To https://github.com/rm3013760-bit/matka-site.git
[live] api board: 26/29 markets from sattamatkaapi.live
[live] sara567 fallback: 0/0 markets
[live] wrote "live_results.json" (26/29 markets, 240487 bytes)
[updater] today=2026-09-05 added starline=0 jackpot=0 liveMarkets=55
publish-url: unchanged https://gba-marina-investigate-pills.trycloudflare.com
auto-push failed: To https://github.com/rm3013760-bit/matka-site.git
[live] api board: 26/29 markets from sattamatkaapi.live
[live] sara567 fallback: 0/0 markets
[live] wrote "live_results.json" (26/29 markets, 240487 bytes)
[updater] today=2026-09-05 added starline=0 jackpot=0 liveMarkets=55
publish-url: unchanged https://gba-marina-investigate-pills.trycloudflare.com
auto-push failed: To https://github.com/rm3013760-bit/matka-site.git
[live] api board: 26/29 markets from sattamatkaapi.live
[live] sara567 fallback: 0/0 markets
[live] wrote "live_results.json" (26/29 markets, 240487 bytes)
[updater] today=2026-09-05 added starline=0 jackpot=0 liveMarkets=55
publish-url: unchanged https://gba-marina-investigate-pills.trycloudflare.com
auto-push failed: To https://github.com/rm3013760-bit/matka-site.git
[live] api board: 26/29 markets from sattamatkaapi.live
[live] sara567 fallback: 0/0 markets
[live] wrote "live_results.json" (26/29 markets, 240487 bytes)
[updater] today=2026-09-05 added starline=0 jackpot=0 liveMarkets=55
publish-url: unchanged https://gba-marina-investigate-pills.trycloudflare.com
auto-push failed: To https://github.com/rm3013760-bit/matka-site.git
[live] api board: 26/29 markets from sattamatkaapi.live
[live] sara567 fallback: 0/0 markets
[live] wrote "live_results.json" (26/29 markets, 240487 bytes)
[updater] today=2026-09-05 added starline=0 jackpot=0 liveMarkets=55
publish-url: unchanged https://gba-marina-investigate-pills.trycloudflare.com
auto-push failed: To https://github.com/rm3013760-bit/matka-site.git
[live] api board: 26/29 markets from sattamatkaapi.live
[live] sara567 fallback: 0/0 markets
[live] wrote "live_results.json" (26/29 markets, 240487 bytes)
[updater] today=2026-09-05 added starline=0 jackpot=0 liveMarkets=55
publish-url: unchanged https://gba-marina-investigate-pills.trycloudflare.com
auto-push failed: To https://github.com/rm3013760-bit/matka-site.git
[live] api board: 26/29 markets from sattamatkaapi.live
[live] sara567 fallback: 0/0 markets
[live] wrote "live_results.json" (26/29 markets, 240487 bytes)
[updater] today=2026-09-05 added starline=1 jackpot=0 liveMarkets=56
publish-url: unchanged https://gba-marina-investigate-pills.trycloudflare.com
auto-push failed: To https://github.com/rm3013760-bit/matka-site.git
[live] api board: 26/29 markets from sattamatkaapi.live
[live] sara567 fallback: 0/0 markets
[live] wrote "live_results.json" (26/29 markets, 240581 bytes)
[updater] today=2026-09-05 added starline=0 jackpot=0 liveMarkets=56
publish-url: unchanged https://gba-marina-investigate-pills.trycloudflare.com
auto-push failed: To https://github.com/rm3013760-bit/matka-site.git
[live] api board: 26/29 markets from sattamatkaapi.live
[live] sara567 fallback: 0/0 markets
[live] wrote "live_results.json" (26/29 markets, 240581 bytes)
[updater] today=2026-09-05 added starline=0 jackpot=0 liveMarkets=56
publish-url: unchanged https://gba-marina-investigate-pills.trycloudflare.com
auto-push failed: To https://github.com/rm3013760-bit/matka-site.git
[live] api board: 26/29 markets from sattamatkaapi.live
[live] sara567 fallback: 0/0 markets
[live] wrote "live_results.json" (26/29 markets, 240581 bytes)
[updater] today=2026-09-05 added starline=0 jackpot=0 liveMarkets=56
publish-url: unchanged https://gba-marina-investigate-pills.trycloudflare.com
auto-push failed: To https://github.com/rm3013760-bit/matka-site.git
[live] api board: 26/29 markets from sattamatkaapi.live
[live] sara567 fallback: 0/0 markets
[live] wrote "live_results.json" (26/29 markets, 240581 bytes)
[updater] today=2026-09-05 added starline=0 jackpot=0 liveMarkets=56
publish-url: unchanged https://gba-marina-investigate-pills.trycloudflare.com
auto-push failed: To https://github.com/rm3013760-bit/matka-site.git
[live] api board: 26/29 markets from sattamatkaapi.live
[live] sara567 fallback: 0/0 markets
[live] wrote "live_results.json" (26/29 markets, 240581 bytes)
[updater] today=2026-09-05 added starline=0 jackpot=0 liveMarkets=56
publish-url: unchanged https://gba-marina-investigate-pills.trycloudflare.com
auto-push failed: To https://github.com/rm3013760-bit/matka-site.git
[live] api board: 26/29 markets from sattamatkaapi.live
[live] sara567 fallback: 0/0 markets
[live] wrote "live_results.json" (26/29 markets, 240581 bytes)
[updater] today=2026-09-05 added starline=0 jackpot=0 liveMarkets=56
publish-url: unchanged https://gba-marina-investigate-pills.trycloudflare.com
auto-push failed: To https://github.com/rm3013760-bit/matka-site.git
[live] api board: 26/29 markets from sattamatkaapi.live
[live] sara567 fallback: 0/0 markets
[live] wrote "live_results.json" (26/29 markets, 240581 bytes)
[updater] today=2026-09-05 added starline=0 jackpot=0 liveMarkets=56
publish-url: unchanged https://gba-marina-investigate-pills.trycloudflare.com
auto-push failed: To https://github.com/rm3013760-bit/matka-site.git
[live] api board: 26/29 markets from sattamatkaapi.live
[live] sara567 fallback: 0/0 markets
[live] wrote "live_results.json" (26/29 markets, 240581 bytes)
[updater] today=2026-09-05 added starline=0 jackpot=0 liveMarkets=56
publish-url: unchanged https://gba-marina-investigate-pills.trycloudflare.com
auto-push failed: To https://github.com/rm3013760-bit/matka-site.git
[live] api board: 26/29 markets from sattamatkaapi.live
[live] sara567 fallback: 0/0 markets
[live] wrote "live_results.json" (26/29 markets, 240581 bytes)
[updater] today=2026-09-05 added starline=0 jackpot=0 liveMarkets=56
publish-url: unchanged https://gba-marina-investigate-pills.trycloudflare.com
auto-push failed: To https://github.com/rm3013760-bit/matka-site.git
[live] api board: 26/29 markets from sattamatkaapi.live
[live] sara567 fallback: 0/0 markets
[live] wrote "live_results.json" (26/29 markets, 240581 bytes)
[updater] today=2026-09-05 added starline=0 jackpot=1 liveMarkets=57
publish-url: unchanged https://gba-marina-investigate-pills.trycloudflare.com
auto-push failed: To https://github.com/rm3013760-bit/matka-site.git
[live] api board: 26/29 markets from sattamatkaapi.live
[live] sara567 fallback: 0/0 markets
[live] wrote "live_results.json" (26/29 markets, 240661 bytes)
[updater] today=2026-09-05 added starline=0 jackpot=0 liveMarkets=57
publish-url: unchanged https://gba-marina-investigate-pills.trycloudflare.com
auto-push failed: To https://github.com/rm3013760-bit/matka-site.git
[live] api board: 26/29 markets from sattamatkaapi.live
[live] sara567 fallback: 0/0 markets
[live] wrote "live_results.json" (26/29 markets, 240661 bytes)
[updater] today=2026-09-05 added starline=0 jackpot=0 liveMarkets=57
publish-url: unchanged https://gba-marina-investigate-pills.trycloudflare.com
auto-push failed: To https://github.com/rm3013760-bit/matka-site.git
[live] api board: 26/29 markets from sattamatkaapi.live
[live] sara567 fallback: 0/0 markets
[live] wrote "live_results.json" (26/29 markets, 240661 bytes)
[updater] today=2026-09-05 added starline=0 jackpot=0 liveMarkets=57
publish-url: unchanged https://gba-marina-investigate-pills.trycloudflare.com
auto-push failed: To https://github.com/rm3013760-bit/matka-site.git
[live] api board: 26/29 markets from sattamatkaapi.live
[live] sara567 fallback: 0/0 markets
[live] wrote "live_results.json" (26/29 markets, 240661 bytes)
[updater] today=2026-09-05 added starline=0 jackpot=0 liveMarkets=57
publish-url: unchanged https://gba-marina-investigate-pills.trycloudflare.com
auto-push failed: To https://github.com/rm3013760-bit/matka-site.git
[live] api board: 26/29 markets from sattamatkaapi.live
[live] sara567 fallback: 0/0 markets
[live] wrote "live_results.json" (26/29 markets, 240661 bytes)
[updater] today=2026-09-05 added starline=0 jackpot=0 liveMarkets=57
publish-url: unchanged https://gba-marina-investigate-pills.trycloudflare.com
auto-push failed: To https://github.com/rm3013760-bit/matka-site.git
[live] api board: 26/29 markets from sattamatkaapi.live
[live] sara567 fallback: 0/0 markets
[live] wrote "live_results.json" (26/29 markets, 240661 bytes)
[updater] today=2026-09-05 added starline=0 jackpot=0 liveMarkets=57
publish-url: unchanged https://gba-marina-investigate-pills.trycloudflare.com
auto-push failed: To https://github.com/rm3013760-bit/matka-site.git
[live] api board: 26/29 markets from sattamatkaapi.live
[live] sara567 fallback: 0/0 markets
[live] wrote "live_results.json" (26/29 markets, 240661 bytes)
[updater] today=2026-09-05 added starline=0 jackpot=0 liveMarkets=57
publish-url: unchanged https://gba-marina-investigate-pills.trycloudflare.com
auto-push failed: To https://github.com/rm3013760-bit/matka-site.git
[live] api board: 26/29 markets from sattamatkaapi.live
[live] sara567 fallback: 0/0 markets
[live] wrote "live_results.json" (26/29 markets, 240661 bytes)
[updater] today=2026-09-05 added starline=0 jackpot=0 liveMarkets=57
publish-url: unchanged https://gba-marina-investigate-pills.trycloudflare.com
auto-push failed: To https://github.com/rm3013760-bit/matka-site.git
[live] api board: 0/29 markets from sattamatkaapi.live
[live] sara567 fallback: 0/0 markets
[live] wrote "live_results.json" (0/29 markets, 237003 bytes)
[updater] today=2026-09-06 added starline=0 jackpot=0 liveMarkets=57
publish-url: unchanged https://gba-marina-investigate-pills.trycloudflare.com
auto-push failed: To https://github.com/rm3013760-bit/matka-site.git
[live] api board: 1/29 markets from sattamatkaapi.live
[live] sara567 fallback: 0/0 markets
[live] wrote "live_results.json" (1/29 markets, 237146 bytes)
[updater] today=2026-09-06 added starline=0 jackpot=0 liveMarkets=57
publish-url: unchanged https://gba-marina-investigate-pills.trycloudflare.com
auto-push failed: To https://github.com/rm3013760-bit/matka-site.git
[live] api board: 4/29 markets from sattamatkaapi.live
[live] sara567 fallback: 0/0 markets
[live] wrote "live_results.json" (4/29 markets, 237575 bytes)
[updater] today=2026-09-06 added starline=0 jackpot=0 liveMarkets=57
publish-url: unchanged https://gba-marina-investigate-pills.trycloudflare.com
auto-push failed: To https://github.com/rm3013760-bit/matka-site.git
[live] api board: 8/29 markets from sattamatkaapi.live
[live] sara567 fallback: 0/0 markets
[live] wrote "live_results.json" (8/29 markets, 238087 bytes)
[updater] today=2026-09-06 added starline=0 jackpot=0 liveMarkets=57
publish-url: unchanged https://gba-marina-investigate-pills.trycloudflare.com
auto-push failed: To https://github.com/rm3013760-bit/matka-site.git
[live] api board: 8/29 markets from sattamatkaapi.live
[live] sara567 fallback: 0/0 markets
[live] wrote "live_results.json" (8/29 markets, 238087 bytes)
[updater] today=2026-09-06 added starline=0 jackpot=0 liveMarkets=57
publish-url: unchanged https://gba-marina-investigate-pills.trycloudflare.com
auto-push failed: To https://github.com/rm3013760-bit/matka-site.git
[live] api board: 8/29 markets from sattamatkaapi.live
[live] sara567 fallback: 0/0 markets
[live] wrote "live_results.json" (8/29 markets, 238087 bytes)
[updater] today=2026-09-06 added starline=0 jackpot=0 liveMarkets=57
publish-url: unchanged https://gba-marina-investigate-pills.trycloudflare.com
auto-push failed: To https://github.com/rm3013760-bit/matka-site.git
[live] api board: 8/29 markets from sattamatkaapi.live
[live] sara567 fallback: 0/0 markets
[live] wrote "live_results.json" (8/29 markets, 238087 bytes)
[updater] today=2026-09-06 added starline=0 jackpot=0 liveMarkets=57
publish-url: unchanged https://gba-marina-investigate-pills.trycloudflare.com
auto-push failed: To https://github.com/rm3013760-bit/matka-site.git
[live] api board: 8/29 markets from sattamatkaapi.live
[live] sara567 fallback: 0/0 markets
[live] wrote "live_results.json" (8/29 markets, 238087 bytes)
[updater] today=2026-09-06 added starline=0 jackpot=0 liveMarkets=57
publish-url: unchanged https://gba-marina-investigate-pills.trycloudflare.com
auto-push failed: To https://github.com/rm3013760-bit/matka-site.git
[live] api board: 29/29 markets from sattamatkaapi.live
[live] sara567 fallback: 0/0 markets
[live] wrote "live_results.json" (29/29 markets, 241090 bytes)
[updater] today=2026-09-06 added starline=0 jackpot=0 liveMarkets=57
publish-url: unchanged https://gba-marina-investigate-pills.trycloudflare.com
auto-push failed: To https://github.com/rm3013760-bit/matka-site.git
[live] api board: 29/29 markets from sattamatkaapi.live
[live] sara567 fallback: 0/0 markets
[live] wrote "live_results.json" (29/29 markets, 241090 bytes)
[updater] today=2026-09-06 added starline=0 jackpot=0 liveMarkets=57
publish-url: unchanged https://gba-marina-investigate-pills.trycloudflare.com
auto-push failed: To https://github.com/rm3013760-bit/matka-site.git
[live] api board: 29/29 markets from sattamatkaapi.live
[live] sara567 fallback: 0/0 markets
[live] wrote "live_results.json" (29/29 markets, 241090 bytes)
[updater] today=2026-09-06 added starline=0 jackpot=0 liveMarkets=57
publish-url: unchanged https://gba-marina-investigate-pills.trycloudflare.com
auto-push failed: To https://github.com/rm3013760-bit/matka-site.git
[live] api board: 29/29 markets from sattamatkaapi.live
[live] sara567 fallback: 0/0 markets
[live] wrote "live_results.json" (29/29 markets, 241090 bytes)
[updater] today=2026-09-06 added starline=0 jackpot=0 liveMarkets=57
publish-url: unchanged https://gba-marina-investigate-pills.trycloudflare.com
auto-push failed: To https://github.com/rm3013760-bit/matka-site.git
[live] api board: 29/29 markets from sattamatkaapi.live
[live] sara567 fallback: 0/0 markets
[live] wrote "live_results.json" (29/29 markets, 241090 bytes)
[updater] today=2026-09-06 added starline=0 jackpot=0 liveMarkets=57
publish-url: unchanged https://gba-marina-investigate-pills.trycloudflare.com
auto-push failed: To https://github.com/rm3013760-bit/matka-site.git
[live] api board: 29/29 markets from sattamatkaapi.live
[live] sara567 fallback: 0/0 markets
[live] wrote "live_results.json" (29/29 markets, 241090 bytes)
[updater] today=2026-09-06 added starline=0 jackpot=0 liveMarkets=57
publish-url: unchanged https://gba-marina-investigate-pills.trycloudflare.com
auto-push failed: To https://github.com/rm3013760-bit/matka-site.git
[live] api board: 29/29 markets from sattamatkaapi.live
[live] sara567 fallback: 0/0 markets
[live] wrote "live_results.json" (29/29 markets, 241090 bytes)
[updater] today=2026-09-06 added starline=0 jackpot=0 liveMarkets=57
publish-url: unchanged https://gba-marina-investigate-pills.trycloudflare.com
auto-push failed: To https://github.com/rm3013760-bit/matka-site.git
[live] api board: 29/29 markets from sattamatkaapi.live
[live] sara567 fallback: 0/0 markets
[live] wrote "live_results.json" (29/29 markets, 241090 bytes)
[updater] today=2026-09-06 added starline=0 jackpot=0 liveMarkets=57
publish-url: unchanged https://gba-marina-investigate-pills.trycloudflare.com
auto-push failed: To https://github.com/rm3013760-bit/matka-site.git
[live] api board: 29/29 markets from sattamatkaapi.live
[live] sara567 fallback: 0/0 markets
[live] wrote "live_results.json" (29/29 markets, 241090 bytes)
[updater] today=2026-09-06 added starline=0 jackpot=0 liveMarkets=57
publish-url: unchanged https://gba-marina-investigate-pills.trycloudflare.com
auto-push failed: To https://github.com/rm3013760-bit/matka-site.git
00:49:57 tunnel: public check failed, backing off 10min
[live] api board failed: fetch failed (falling back to sara567 scrape)
[live] sita-morning failed: fetch failed
[live] star-tara-morning failed: fetch failed
[live] milan-morning failed: fetch failed
[live] sridevi failed: fetch failed
[live] kalyan-morning failed: fetch failed
[live] sita-day failed: fetch failed
[live] star-tara-day failed: fetch failed
[live] milan-day failed: fetch failed
[live] kalyan-main failed: fetch failed
[live] sita-night failed: fetch failed
[live] sridevi-night failed: fetch failed
[live] star-tara-night failed: fetch failed
[live] milan-night failed: fetch failed
[live] kalyan-night failed: fetch failed
[live] main-bazar failed: fetch failed
[live] andhra-morning failed: fetch failed
[live] andhra-day failed: fetch failed
[live] andhra-night failed: fetch failed
[live] kamal-morning failed: fetch failed
[live] kamal-day failed: fetch failed
[live] kamal-night failed: fetch failed
[live] madhur-morning failed: fetch failed
[live] madhur-day failed: fetch failed
[live] rajdhani-day failed: fetch failed
[live] rajdhani-night failed: fetch failed
[live] supreme-day failed: fetch failed
[live] supreme-night failed: fetch failed
[live] mahadevi failed: fetch failed
[live] time-bazar failed: fetch failed
[live] sara567 fallback: 0/29 markets
[live] wrote "live_results.json" (0/29 markets, 237003 bytes)
[updater] today=2026-09-06 added starline=0 jackpot=0 liveMarkets=57
publish-url: unchanged https://gba-marina-investigate-pills.trycloudflare.com
auto-push failed: fatal: unable to access 'https://github.com/rm3013760-bit/matka-site.git/': Could not resolve host: github.com
[live] api board failed: fetch failed (falling back to sara567 scrape)
[live] sita-morning failed: fetch failed
[live] star-tara-morning failed: fetch failed
[live] milan-morning failed: fetch failed
[live] sridevi failed: fetch failed
[live] kalyan-morning failed: fetch failed
[live] sita-day failed: fetch failed
[live] star-tara-day failed: fetch failed
[live] milan-day failed: fetch failed
[live] kalyan-main failed: fetch failed
[live] sita-night failed: fetch failed
[live] sridevi-night failed: fetch failed
[live] star-tara-night failed: fetch failed
[live] milan-night failed: fetch failed
[live] kalyan-night failed: fetch failed
[live] main-bazar failed: fetch failed
[live] andhra-morning failed: fetch failed
[live] andhra-day failed: fetch failed
[live] andhra-night failed: fetch failed
[live] kamal-morning failed: fetch failed
[live] kamal-day failed: fetch failed
[live] kamal-night failed: fetch failed
[live] madhur-morning failed: fetch failed
[live] madhur-day failed: fetch failed
[live] rajdhani-day failed: fetch failed
[live] rajdhani-night failed: fetch failed
[live] supreme-day failed: fetch failed
[live] supreme-night failed: fetch failed
[live] mahadevi failed: fetch failed
[live] time-bazar failed: fetch failed
[live] sara567 fallback: 0/29 markets
[live] wrote "live_results.json" (0/29 markets, 237003 bytes)
[updater] today=2026-09-06 added starline=0 jackpot=0 liveMarkets=57
publish-url: unchanged https://gba-marina-investigate-pills.trycloudflare.com
auto-push failed: fatal: unable to access 'https://github.com/rm3013760-bit/matka-site.git/': Could not resolve host: github.com
[live] api board: 29/29 markets from sattamatkaapi.live
[live] sara567 fallback: 0/0 markets
[live] wrote "live_results.json" (29/29 markets, 241090 bytes)
[updater] today=2026-09-06 added starline=0 jackpot=0 liveMarkets=57
publish-url: unchanged https://gba-marina-investigate-pills.trycloudflare.com
auto-push failed: To https://github.com/rm3013760-bit/matka-site.git
01:00:12 tunnel: new url https://myself-draws-vision-lakes.trycloudflare.com (published)
01:00:13 tunnel: public check failed, backing off 10min
[live] api board: 29/29 markets from sattamatkaapi.live
[live] sara567 fallback: 0/0 markets
[live] wrote "live_results.json" (29/29 markets, 241090 bytes)
[updater] today=2026-09-06 added starline=0 jackpot=0 liveMarkets=57
publish-url: unchanged https://myself-draws-vision-lakes.trycloudflare.com
auto-push failed: To https://github.com/rm3013760-bit/matka-site.git
[live] api board: 29/29 markets from sattamatkaapi.live
[live] sara567 fallback: 0/0 markets
[live] wrote "live_results.json" (29/29 markets, 241090 bytes)
[updater] today=2026-09-06 added starline=0 jackpot=0 liveMarkets=57
publish-url: unchanged https://myself-draws-vision-lakes.trycloudflare.com
auto-push failed: To https://github.com/rm3013760-bit/matka-site.git
[live] api board: 29/29 markets from sattamatkaapi.live
[live] sara567 fallback: 0/0 markets
[live] wrote "live_results.json" (29/29 markets, 241090 bytes)
[updater] today=2026-09-06 added starline=0 jackpot=0 liveMarkets=57
publish-url: unchanged https://myself-draws-vision-lakes.trycloudflare.com
auto-push failed: To https://github.com/rm3013760-bit/matka-site.git
[live] api board: 29/29 markets from sattamatkaapi.live
[live] sara567 fallback: 0/0 markets
[live] wrote "live_results.json" (29/29 markets, 241090 bytes)
[updater] today=2026-09-06 added starline=0 jackpot=0 liveMarkets=57
publish-url: unchanged https://myself-draws-vision-lakes.trycloudflare.com
auto-push failed: To https://github.com/rm3013760-bit/matka-site.git
01:10:21 tunnel: new url https://cinema-greensboro-organised-trackback.trycloudflare.com (published)
01:10:21 tunnel: public check failed, backing off 10min
[live] api board: 29/29 markets from sattamatkaapi.live
[live] sara567 fallback: 0/0 markets
[live] wrote "live_results.json" (29/29 markets, 241090 bytes)
[updater] today=2026-09-06 added starline=0 jackpot=0 liveMarkets=57
publish-url: unchanged https://cinema-greensboro-organised-trackback.trycloudflare.com
auto-push failed: To https://github.com/rm3013760-bit/matka-site.git
[live] api board failed: fetch failed (falling back to sara567 scrape)
[live] sita-morning failed: fetch failed
[live] star-tara-morning failed: fetch failed
[live] milan-morning failed: fetch failed
[live] sridevi failed: fetch failed
[live] kalyan-morning failed: fetch failed
[live] sita-day failed: fetch failed
[live] star-tara-day failed: fetch failed
[live] milan-day failed: fetch failed
[live] kalyan-main failed: fetch failed
[live] sita-night failed: fetch failed
[live] sridevi-night failed: fetch failed
[live] star-tara-night failed: fetch failed
[live] milan-night failed: fetch failed
[live] kalyan-night failed: fetch failed
[live] main-bazar failed: fetch failed
[live] andhra-morning failed: fetch failed
[live] andhra-day failed: fetch failed
[live] andhra-night failed: fetch failed
[live] kamal-morning failed: fetch failed
[live] kamal-day failed: fetch failed
[live] kamal-night failed: fetch failed
[live] madhur-morning failed: fetch failed
[live] madhur-day failed: fetch failed
[live] rajdhani-day failed: fetch failed
[live] rajdhani-night failed: fetch failed
[live] supreme-day failed: fetch failed
[live] supreme-night failed: fetch failed
[live] mahadevi failed: fetch failed
[live] time-bazar failed: fetch failed
[live] sara567 fallback: 0/29 markets
[live] wrote "live_results.json" (0/29 markets, 237003 bytes)
[updater] today=2026-09-06 added starline=0 jackpot=0 liveMarkets=57
publish-url: unchanged https://cinema-greensboro-organised-trackback.trycloudflare.com
auto-push failed: fatal: unable to access 'https://github.com/rm3013760-bit/matka-site.git/': Could not resolve host: github.com
[live] api board failed: fetch failed (falling back to sara567 scrape)
[live] sita-morning failed: fetch failed
[live] star-tara-morning failed: fetch failed
[live] milan-morning failed: fetch failed
[live] sridevi failed: fetch failed
[live] kalyan-morning failed: fetch failed
[live] sita-day failed: fetch failed
[live] star-tara-day failed: fetch failed
[live] milan-day failed: fetch failed
[live] kalyan-main failed: fetch failed
[live] sita-night failed: fetch failed
[live] sridevi-night failed: fetch failed
[live] star-tara-night failed: fetch failed
[live] milan-night failed: fetch failed
[live] kalyan-night failed: fetch failed
[live] main-bazar failed: fetch failed
[live] andhra-morning failed: fetch failed
[live] andhra-day failed: fetch failed
[live] andhra-night failed: fetch failed
[live] kamal-morning failed: fetch failed
[live] kamal-day failed: fetch failed
[live] kamal-night failed: fetch failed
[live] madhur-morning failed: fetch failed
[live] madhur-day failed: fetch failed
[live] rajdhani-day failed: fetch failed
[live] rajdhani-night failed: fetch failed
[live] supreme-day failed: fetch failed
[live] supreme-night failed: fetch failed
[live] mahadevi failed: fetch failed
[live] time-bazar failed: fetch failed
[live] sara567 fallback: 0/29 markets
[live] wrote "live_results.json" (0/29 markets, 237003 bytes)
[updater] today=2026-09-06 added starline=1 jackpot=1 liveMarkets=57
publish-url: unchanged https://cinema-greensboro-organised-trackback.trycloudflare.com
auto-push failed: fatal: unable to access 'https://github.com/rm3013760-bit/matka-site.git/': Could not resolve host: github.com
10:47:40 tunnel: new url https://api.trycloudflare.com (published)
10:47:40 tunnel: public check failed, backing off 10min
[live] api board failed: fetch failed (falling back to sara567 scrape)
[live] sita-morning failed: fetch failed
[live] star-tara-morning failed: fetch failed
[live] milan-morning failed: fetch failed
[live] sridevi failed: fetch failed
[live] kalyan-morning failed: fetch failed
[live] sita-day failed: fetch failed
[live] star-tara-day failed: fetch failed
[live] milan-day failed: fetch failed
[live] kalyan-main failed: fetch failed
[live] sita-night failed: fetch failed
[live] sridevi-night failed: fetch failed
[live] star-tara-night failed: fetch failed
[live] milan-night failed: fetch failed
[live] kalyan-night failed: fetch failed
[live] main-bazar failed: fetch failed
[live] andhra-morning failed: fetch failed
[live] andhra-day failed: fetch failed
[live] andhra-night failed: fetch failed
[live] kamal-morning failed: fetch failed
[live] kamal-day failed: fetch failed
[live] kamal-night failed: fetch failed
[live] madhur-morning failed: fetch failed
[live] madhur-day failed: fetch failed
[live] rajdhani-day failed: fetch failed
[live] rajdhani-night failed: fetch failed
[live] supreme-day failed: fetch failed
[live] supreme-night failed: fetch failed
[live] mahadevi failed: fetch failed
[live] time-bazar failed: fetch failed
[live] sara567 fallback: 0/29 markets
[live] wrote "live_results.json" (0/29 markets, 237142 bytes)
[updater] today=2026-09-06 added starline=0 jackpot=0 liveMarkets=57
publish-url: unchanged https://api.trycloudflare.com
auto-push failed: fatal: unable to access 'https://github.com/rm3013760-bit/matka-site.git/': Could not resolve host: github.com
[live] api board: 4/29 markets from sattamatkaapi.live
[live] sara567 fallback: 0/0 markets
[live] wrote "live_results.json" (4/29 markets, 237669 bytes)
[updater] today=2026-09-06 added starline=0 jackpot=0 liveMarkets=57
publish-url: unchanged https://api.trycloudflare.com
auto-push failed: To https://github.com/rm3013760-bit/matka-site.git
[live] api board: 4/29 markets from sattamatkaapi.live
[live] sara567 fallback: 0/0 markets
[live] wrote "live_results.json" (4/29 markets, 237669 bytes)
[updater] today=2026-09-06 added starline=0 jackpot=0 liveMarkets=57
publish-url: unchanged https://api.trycloudflare.com
auto-push failed: To https://github.com/rm3013760-bit/matka-site.git
10:57:49 tunnel: new url https://functions-manager-cleaning-photographic.trycloudflare.com (published)
10:57:49 tunnel: public check failed, backing off 10min
[live] api board: 4/29 markets from sattamatkaapi.live
[live] sara567 fallback: 0/0 markets
[live] wrote "live_results.json" (4/29 markets, 237669 bytes)
[updater] today=2026-09-06 added starline=0 jackpot=0 liveMarkets=57
publish-url: unchanged https://functions-manager-cleaning-photographic.trycloudflare.com
auto-push failed: To https://github.com/rm3013760-bit/matka-site.git
[live] api board: 4/29 markets from sattamatkaapi.live
[live] sara567 fallback: 0/0 markets
[live] wrote "live_results.json" (4/29 markets, 237669 bytes)
[updater] today=2026-09-06 added starline=1 jackpot=0 liveMarkets=57
publish-url: unchanged https://functions-manager-cleaning-photographic.trycloudflare.com
auto-push failed: To https://github.com/rm3013760-bit/matka-site.git
[live] api board: 4/29 markets from sattamatkaapi.live
[live] sara567 fallback: 0/0 markets
[live] wrote "live_results.json" (4/29 markets, 237745 bytes)
[updater] today=2026-09-06 added starline=0 jackpot=0 liveMarkets=57
publish-url: unchanged https://functions-manager-cleaning-photographic.trycloudflare.com
auto-push failed: To https://github.com/rm3013760-bit/matka-site.git
[live] api board: 4/29 markets from sattamatkaapi.live
[live] sara567 fallback: 0/0 markets
[live] wrote "live_results.json" (4/29 markets, 237745 bytes)
[updater] today=2026-09-06 added starline=0 jackpot=0 liveMarkets=57
publish-url: unchanged https://functions-manager-cleaning-photographic.trycloudflare.com
11:07:58 tunnel: new url https://older-johns-rounds-physicians.trycloudflare.com (published)
11:07:58 tunnel: public check failed, backing off 10min
auto-push failed: To https://github.com/rm3013760-bit/matka-site.git
[live] api board: 4/29 markets from sattamatkaapi.live
[live] sara567 fallback: 0/0 markets
[live] wrote "live_results.json" (4/29 markets, 237745 bytes)
[updater] today=2026-09-06 added starline=0 jackpot=0 liveMarkets=57
publish-url: unchanged https://older-johns-rounds-physicians.trycloudflare.com
auto-push failed: To https://github.com/rm3013760-bit/matka-site.git
[live] api board: 4/29 markets from sattamatkaapi.live
[live] sara567 fallback: 0/0 markets
[live] wrote "live_results.json" (4/29 markets, 237760 bytes)
[updater] today=2026-09-06 added starline=0 jackpot=0 liveMarkets=57
publish-url: unchanged https://older-johns-rounds-physicians.trycloudflare.com
auto-push failed: To https://github.com/rm3013760-bit/matka-site.git
[live] api board: 4/29 markets from sattamatkaapi.live
[live] sara567 fallback: 0/0 markets
[live] wrote "live_results.json" (4/29 markets, 237760 bytes)
[updater] today=2026-09-06 added starline=0 jackpot=0 liveMarkets=57
publish-url: unchanged https://older-johns-rounds-physicians.trycloudflare.com
auto-push failed: To https://github.com/rm3013760-bit/matka-site.git
11:18:07 tunnel: new url https://agrees-geographic-subsequent-paragraphs.trycloudflare.com (published)
11:18:08 tunnel: public check failed, backing off 10min
[live] api board: 4/29 markets from sattamatkaapi.live
[live] sara567 fallback: 0/0 markets
[live] wrote "live_results.json" (4/29 markets, 237760 bytes)
[updater] today=2026-09-06 added starline=0 jackpot=0 liveMarkets=57
publish-url: unchanged https://agrees-geographic-subsequent-paragraphs.trycloudflare.com
auto-push failed: To https://github.com/rm3013760-bit/matka-site.git
[live] api board: 4/29 markets from sattamatkaapi.live
[live] sara567 fallback: 0/0 markets
[live] wrote "live_results.json" (4/29 markets, 237760 bytes)
[updater] today=2026-09-06 added starline=0 jackpot=0 liveMarkets=57
publish-url: unchanged https://agrees-geographic-subsequent-paragraphs.trycloudflare.com
auto-push failed: To https://github.com/rm3013760-bit/matka-site.git
[live] api board: 4/29 markets from sattamatkaapi.live
[live] sara567 fallback: 0/0 markets
[live] wrote "live_results.json" (4/29 markets, 237760 bytes)
[updater] today=2026-09-06 added starline=0 jackpot=0 liveMarkets=57
publish-url: unchanged https://agrees-geographic-subsequent-paragraphs.trycloudflare.com
auto-push failed: To https://github.com/rm3013760-bit/matka-site.git
11:28:17 tunnel: new url https://hawk-distance-telephony-sacred.trycloudflare.com (published)
11:28:17 tunnel: public check failed, backing off 10min
[live] api board: 4/29 markets from sattamatkaapi.live
[live] sara567 fallback: 0/0 markets
[live] wrote "live_results.json" (4/29 markets, 237760 bytes)
[updater] today=2026-09-06 added starline=0 jackpot=0 liveMarkets=57
publish-url: unchanged https://hawk-distance-telephony-sacred.trycloudflare.com
auto-push failed: To https://github.com/rm3013760-bit/matka-site.git
[live] api board: 4/29 markets from sattamatkaapi.live
[live] sara567 fallback: 0/0 markets
[live] wrote "live_results.json" (4/29 markets, 237760 bytes)
[updater] today=2026-09-06 added starline=0 jackpot=1 liveMarkets=57
publish-url: unchanged https://hawk-distance-telephony-sacred.trycloudflare.com
auto-push failed: To https://github.com/rm3013760-bit/matka-site.git
[live] api board: 4/29 markets from sattamatkaapi.live
[live] sara567 fallback: 0/0 markets
[live] wrote "live_results.json" (4/29 markets, 237823 bytes)
[updater] today=2026-09-06 added starline=0 jackpot=0 liveMarkets=57
publish-url: unchanged https://hawk-distance-telephony-sacred.trycloudflare.com
auto-push failed: To https://github.com/rm3013760-bit/matka-site.git
11:38:26 tunnel: new url https://genuine-calm-moss-get.trycloudflare.com (published)
11:38:26 tunnel: public check failed, backing off 10min
[live] api board: 4/29 markets from sattamatkaapi.live
[live] sara567 fallback: 0/0 markets
[live] wrote "live_results.json" (4/29 markets, 237823 bytes)
[updater] today=2026-09-06 added starline=0 jackpot=0 liveMarkets=57
publish-url: unchanged https://genuine-calm-moss-get.trycloudflare.com
auto-push failed: To https://github.com/rm3013760-bit/matka-site.git
[live] api board: 4/29 markets from sattamatkaapi.live
[live] sara567 fallback: 0/0 markets
[live] wrote "live_results.json" (4/29 markets, 237838 bytes)
[updater] today=2026-09-06 added starline=0 jackpot=0 liveMarkets=57
publish-url: unchanged https://genuine-calm-moss-get.trycloudflare.com
auto-push failed: To https://github.com/rm3013760-bit/matka-site.git
[live] api board: 5/29 markets from sattamatkaapi.live
[live] sara567 fallback: 0/0 markets
[live] wrote "live_results.json" (5/29 markets, 237966 bytes)
[updater] today=2026-09-06 added starline=0 jackpot=0 liveMarkets=57
publish-url: unchanged https://genuine-calm-moss-get.trycloudflare.com
auto-push failed: To https://github.com/rm3013760-bit/matka-site.git
[live] api board: 5/29 markets from sattamatkaapi.live
[live] sara567 fallback: 0/0 markets
[live] wrote "live_results.json" (5/29 markets, 237981 bytes)
[updater] today=2026-09-06 added starline=0 jackpot=0 liveMarkets=57
publish-url: unchanged https://genuine-calm-moss-get.trycloudflare.com
auto-push failed: To https://github.com/rm3013760-bit/matka-site.git
11:48:35 tunnel: new url https://marilyn-websites-agreements-boating.trycloudflare.com (published)
11:48:35 tunnel: public check failed, backing off 10min
[live] api board: 5/29 markets from sattamatkaapi.live
[live] sara567 fallback: 0/0 markets
[live] wrote "live_results.json" (5/29 markets, 237981 bytes)
[updater] today=2026-09-06 added starline=0 jackpot=0 liveMarkets=57
publish-url: unchanged https://marilyn-websites-agreements-boating.trycloudflare.com
auto-push failed: To https://github.com/rm3013760-bit/matka-site.git
[live] api board: 6/29 markets from sattamatkaapi.live
[live] sara567 fallback: 0/0 markets
[live] wrote "live_results.json" (6/29 markets, 238109 bytes)
[updater] today=2026-09-06 added starline=0 jackpot=0 liveMarkets=57
publish-url: unchanged https://marilyn-websites-agreements-boating.trycloudflare.com
auto-push failed: To https://github.com/rm3013760-bit/matka-site.git
[live] api board: 6/29 markets from sattamatkaapi.live
[live] sara567 fallback: 0/0 markets
[live] wrote "live_results.json" (6/29 markets, 238109 bytes)
[updater] today=2026-09-06 added starline=0 jackpot=0 liveMarkets=57
publish-url: unchanged https://marilyn-websites-agreements-boating.trycloudflare.com
auto-push failed: To https://github.com/rm3013760-bit/matka-site.git
11:58:44 tunnel: new url https://shaft-route-wanting-stream.trycloudflare.com (published)
11:58:45 tunnel: public check failed, backing off 10min
[live] api board: 6/29 markets from sattamatkaapi.live
[live] sara567 fallback: 0/0 markets
[live] wrote "live_results.json" (6/29 markets, 238109 bytes)
[updater] today=2026-09-06 added starline=1 jackpot=0 liveMarkets=57
publish-url: unchanged https://shaft-route-wanting-stream.trycloudflare.com
auto-push failed: To https://github.com/rm3013760-bit/matka-site.git
[live] api board: 6/29 markets from sattamatkaapi.live
[live] sara567 fallback: 0/0 markets
[live] wrote "live_results.json" (6/29 markets, 238185 bytes)
[updater] today=2026-09-06 added starline=0 jackpot=0 liveMarkets=57
publish-url: unchanged https://shaft-route-wanting-stream.trycloudflare.com
auto-push failed: To https://github.com/rm3013760-bit/matka-site.git
[live] api board: 6/29 markets from sattamatkaapi.live
[live] sara567 fallback: 0/0 markets
[live] wrote "live_results.json" (6/29 markets, 238185 bytes)
[updater] today=2026-09-06 added starline=0 jackpot=0 liveMarkets=57
publish-url: unchanged https://shaft-route-wanting-stream.trycloudflare.com
auto-push failed: To https://github.com/rm3013760-bit/matka-site.git
12:09:00 tunnel: new url https://touched-jun-brook-medicare.trycloudflare.com (published)
12:09:00 tunnel: public check failed, backing off 10min
[live] api board: 6/29 markets from sattamatkaapi.live
[live] sara567 fallback: 0/0 markets
[live] wrote "live_results.json" (6/29 markets, 238185 bytes)
[updater] today=2026-09-06 added starline=0 jackpot=0 liveMarkets=57
publish-url: unchanged https://touched-jun-brook-medicare.trycloudflare.com
auto-push failed: To https://github.com/rm3013760-bit/matka-site.git
[live] api board: 7/29 markets from sattamatkaapi.live
[live] sara567 fallback: 0/0 markets
[live] wrote "live_results.json" (7/29 markets, 238313 bytes)
[updater] today=2026-09-06 added starline=0 jackpot=0 liveMarkets=57
publish-url: unchanged https://touched-jun-brook-medicare.trycloudflare.com
auto-push failed: To https://github.com/rm3013760-bit/matka-site.git
[live] api board: 7/29 markets from sattamatkaapi.live
[live] sara567 fallback: 0/0 markets
[live] wrote "live_results.json" (7/29 markets, 238313 bytes)
[updater] today=2026-09-06 added starline=0 jackpot=0 liveMarkets=57
publish-url: unchanged https://touched-jun-brook-medicare.trycloudflare.com
auto-push failed: To https://github.com/rm3013760-bit/matka-site.git
[live] api board: 7/29 markets from sattamatkaapi.live
[live] sara567 fallback: 0/0 markets
[live] wrote "live_results.json" (7/29 markets, 238313 bytes)
[updater] today=2026-09-06 added starline=0 jackpot=0 liveMarkets=57
publish-url: unchanged https://touched-jun-brook-medicare.trycloudflare.com
auto-push failed: To https://github.com/rm3013760-bit/matka-site.git
12:19:12 tunnel: new url https://judicial-mpg-electrical-segments.trycloudflare.com (published)
12:19:12 tunnel: public check failed, backing off 10min
[live] api board: 7/29 markets from sattamatkaapi.live
[live] sara567 fallback: 0/0 markets
[live] wrote "live_results.json" (7/29 markets, 238313 bytes)
[updater] today=2026-09-06 added starline=0 jackpot=0 liveMarkets=57
publish-url: unchanged https://judicial-mpg-electrical-segments.trycloudflare.com
auto-push failed: To https://github.com/rm3013760-bit/matka-site.git
[live] api board: 7/29 markets from sattamatkaapi.live
[live] sara567 fallback: 0/0 markets
[live] wrote "live_results.json" (7/29 markets, 238313 bytes)
[updater] today=2026-09-06 added starline=0 jackpot=0 liveMarkets=57
publish-url: unchanged https://judicial-mpg-electrical-segments.trycloudflare.com
auto-push failed: To https://github.com/rm3013760-bit/matka-site.git
[live] api board: 7/29 markets from sattamatkaapi.live
[live] sara567 fallback: 0/0 markets
[live] wrote "live_results.json" (7/29 markets, 238313 bytes)
[updater] today=2026-09-06 added starline=0 jackpot=0 liveMarkets=57
publish-url: unchanged https://judicial-mpg-electrical-segments.trycloudflare.com
auto-push failed: To https://github.com/rm3013760-bit/matka-site.git
12:29:21 tunnel: new url https://jenny-pos-saints-develop.trycloudflare.com (published)
12:29:22 tunnel: public check failed, backing off 10min
[live] api board: 7/29 markets from sattamatkaapi.live
[live] sara567 fallback: 0/0 markets
[live] wrote "live_results.json" (7/29 markets, 238313 bytes)
[updater] today=2026-09-06 added starline=0 jackpot=1 liveMarkets=57
publish-url: unchanged https://jenny-pos-saints-develop.trycloudflare.com
auto-push failed: To https://github.com/rm3013760-bit/matka-site.git
[live] api board: 7/29 markets from sattamatkaapi.live
[live] sara567 fallback: 0/0 markets
[live] wrote "live_results.json" (7/29 markets, 238376 bytes)
[updater] today=2026-09-06 added starline=0 jackpot=0 liveMarkets=57
publish-url: unchanged https://jenny-pos-saints-develop.trycloudflare.com
auto-push failed: To https://github.com/rm3013760-bit/matka-site.git
[live] api board: 7/29 markets from sattamatkaapi.live
[live] sara567 fallback: 0/0 markets
[live] wrote "live_results.json" (7/29 markets, 238376 bytes)
[updater] today=2026-09-06 added starline=0 jackpot=0 liveMarkets=57
publish-url: unchanged https://jenny-pos-saints-develop.trycloudflare.com
auto-push failed: To https://github.com/rm3013760-bit/matka-site.git
12:39:33 tunnel: new url https://evident-theaters-excerpt-patrick.trycloudflare.com (published)
12:39:33 tunnel: public check failed, backing off 10min
[live] api board: 7/29 markets from sattamatkaapi.live
[live] sara567 fallback: 0/0 markets
[live] wrote "live_results.json" (7/29 markets, 238376 bytes)
[updater] today=2026-09-06 added starline=0 jackpot=0 liveMarkets=57
publish-url: unchanged https://evident-theaters-excerpt-patrick.trycloudflare.com
auto-push failed: To https://github.com/rm3013760-bit/matka-site.git
[live] api board: 7/29 markets from sattamatkaapi.live
[live] sara567 fallback: 0/0 markets
[live] wrote "live_results.json" (7/29 markets, 238391 bytes)
[updater] today=2026-09-06 added starline=0 jackpot=0 liveMarkets=57
publish-url: unchanged https://evident-theaters-excerpt-patrick.trycloudflare.com
auto-push failed: To https://github.com/rm3013760-bit/matka-site.git
[live] api board: 7/29 markets from sattamatkaapi.live
[live] sara567 fallback: 0/0 markets
[live] wrote "live_results.json" (7/29 markets, 238391 bytes)
[updater] today=2026-09-06 added starline=0 jackpot=0 liveMarkets=57
publish-url: unchanged https://evident-theaters-excerpt-patrick.trycloudflare.com
auto-push failed: To https://github.com/rm3013760-bit/matka-site.git
12:49:44 tunnel: new url https://percent-instrumentation-licensed-charlie.trycloudflare.com (published)
12:49:44 tunnel: public check failed, backing off 10min
[live] api board: 7/29 markets from sattamatkaapi.live
[live] sara567 fallback: 0/0 markets
[live] wrote "live_results.json" (7/29 markets, 238391 bytes)
[updater] today=2026-09-06 added starline=0 jackpot=0 liveMarkets=57
publish-url: unchanged https://percent-instrumentation-licensed-charlie.trycloudflare.com
auto-push failed: To https://github.com/rm3013760-bit/matka-site.git
[live] api board: 7/29 markets from sattamatkaapi.live
[live] sara567 fallback: 0/0 markets
[live] wrote "live_results.json" (7/29 markets, 238406 bytes)
[updater] today=2026-09-06 added starline=0 jackpot=0 liveMarkets=57
publish-url: unchanged https://percent-instrumentation-licensed-charlie.trycloudflare.com
auto-push failed: To https://github.com/rm3013760-bit/matka-site.git
[live] api board: 7/29 markets from sattamatkaapi.live
[live] sara567 fallback: 0/0 markets
[live] wrote "live_results.json" (7/29 markets, 238406 bytes)
[updater] today=2026-09-06 added starline=0 jackpot=0 liveMarkets=57
publish-url: unchanged https://percent-instrumentation-licensed-charlie.trycloudflare.com
auto-push failed: To https://github.com/rm3013760-bit/matka-site.git
[live] api board failed: fetch failed (falling back to sara567 scrape)
[live] sita-morning failed: fetch failed
[live] star-tara-morning failed: fetch failed
[live] milan-morning failed: fetch failed
[live] sridevi failed: fetch failed
[live] kalyan-morning failed: fetch failed
[live] sita-day failed: fetch failed
[live] star-tara-day failed: fetch failed
[live] milan-day failed: fetch failed
[live] kalyan-main failed: fetch failed
[live] sita-night failed: fetch failed
[live] sridevi-night failed: fetch failed
[live] star-tara-night failed: fetch failed
[live] milan-night failed: fetch failed
[live] kalyan-night failed: fetch failed
[live] main-bazar failed: fetch failed
[live] andhra-morning failed: fetch failed
[live] andhra-day failed: fetch failed
[live] andhra-night failed: fetch failed
[live] kamal-morning failed: fetch failed
[live] kamal-day failed: fetch failed
[live] kamal-night failed: fetch failed
[live] madhur-morning failed: fetch failed
[live] madhur-day failed: fetch failed
[live] rajdhani-day failed: fetch failed
[live] rajdhani-night failed: fetch failed
[live] supreme-day failed: fetch failed
[live] supreme-night failed: fetch failed
[live] mahadevi failed: fetch failed
[live] time-bazar failed: fetch failed
[live] sara567 fallback: 0/29 markets
[live] wrote "live_results.json" (0/29 markets, 237420 bytes)
[updater] today=2026-09-06 added starline=1 jackpot=0 liveMarkets=57
publish-url: unchanged https://percent-instrumentation-licensed-charlie.trycloudflare.com
auto-push failed: fatal: unable to access 'https://github.com/rm3013760-bit/matka-site.git/': Could not resolve host: github.com
13:16:07 tunnel: new url https://api.trycloudflare.com (published)
13:16:07 tunnel: public check failed, backing off 10min
[live] api board failed: fetch failed (falling back to sara567 scrape)
[live] star-tara-morning failed: fetch failed
[live] sita-morning failed: fetch failed
[live] milan-morning failed: fetch failed
[live] sridevi failed: fetch failed
[live] kalyan-morning failed: fetch failed
[live] sita-day failed: fetch failed
[live] star-tara-day failed: fetch failed
[live] milan-day failed: fetch failed
[live] kalyan-main failed: fetch failed
[live] sita-night failed: fetch failed
[live] sridevi-night failed: fetch failed
[live] star-tara-night failed: fetch failed
[live] milan-night failed: fetch failed
[live] kalyan-night failed: fetch failed
[live] main-bazar failed: fetch failed
[live] andhra-morning failed: fetch failed
[live] andhra-day failed: fetch failed
[live] andhra-night failed: fetch failed
[live] kamal-morning failed: fetch failed
[live] kamal-day failed: fetch failed
[live] kamal-night failed: fetch failed
[live] madhur-morning failed: fetch failed
[live] madhur-day failed: fetch failed
[live] rajdhani-day failed: fetch failed
[live] rajdhani-night failed: fetch failed
[live] supreme-day failed: fetch failed
[live] supreme-night failed: fetch failed
[live] mahadevi failed: fetch failed
[live] time-bazar failed: fetch failed
[live] sara567 fallback: 0/29 markets
[live] wrote "live_results.json" (0/29 markets, 237496 bytes)
[updater] today=2026-09-06 added starline=0 jackpot=0 liveMarkets=57
publish-url: unchanged https://api.trycloudflare.com
auto-push failed: fatal: unable to access 'https://github.com/rm3013760-bit/matka-site.git/': Could not resolve host: github.com
[live] api board failed: fetch failed (falling back to sara567 scrape)
[live] sita-morning failed: fetch failed
[live] star-tara-morning failed: fetch failed
[live] milan-morning failed: fetch failed
[live] sridevi failed: fetch failed
[live] kalyan-morning failed: fetch failed
[live] sita-day failed: fetch failed
[live] star-tara-day failed: fetch failed
[live] milan-day failed: fetch failed
[live] kalyan-main failed: fetch failed
[live] sita-night failed: fetch failed
[live] sridevi-night failed: fetch failed
[live] star-tara-night failed: fetch failed
[live] milan-night failed: fetch failed
[live] kalyan-night failed: fetch failed
[live] main-bazar failed: fetch failed
[live] andhra-morning failed: fetch failed
[live] andhra-day failed: fetch failed
[live] andhra-night failed: fetch failed
[live] kamal-morning failed: fetch failed
[live] kamal-day failed: fetch failed
[live] kamal-night failed: fetch failed
[live] madhur-morning failed: fetch failed
[live] madhur-day failed: fetch failed
[live] rajdhani-day failed: fetch failed
[live] rajdhani-night failed: fetch failed
[live] supreme-day failed: fetch failed
[live] supreme-night failed: fetch failed
[live] mahadevi failed: fetch failed
[live] time-bazar failed: fetch failed
[live] sara567 fallback: 0/29 markets
[live] wrote "live_results.json" (0/29 markets, 237496 bytes)
[updater] today=2026-09-06 added starline=0 jackpot=0 liveMarkets=57
publish-url: unchanged https://api.trycloudflare.com
auto-push failed: fatal: unable to access 'https://github.com/rm3013760-bit/matka-site.git/': Could not resolve host: github.com
[live] api board: 7/29 markets from sattamatkaapi.live
[live] sara567 fallback: 0/0 markets
[live] wrote "live_results.json" (7/29 markets, 238497 bytes)
[updater] today=2026-09-06 added starline=0 jackpot=0 liveMarkets=57
publish-url: unchanged https://api.trycloudflare.com
auto-push failed: To https://github.com/rm3013760-bit/matka-site.git
13:26:16 tunnel: new url https://editor-carter-steps-baseball.trycloudflare.com (published)
13:26:16 tunnel: public check failed, backing off 10min
[live] api board: 7/29 markets from sattamatkaapi.live
[live] sara567 fallback: 0/0 markets
[live] wrote "live_results.json" (7/29 markets, 238497 bytes)
[updater] today=2026-09-06 added starline=0 jackpot=0 liveMarkets=57
publish-url: unchanged https://editor-carter-steps-baseball.trycloudflare.com
auto-push failed: To https://github.com/rm3013760-bit/matka-site.git
[live] api board: 7/29 markets from sattamatkaapi.live
[live] sara567 fallback: 0/0 markets
[live] wrote "live_results.json" (7/29 markets, 238497 bytes)
[updater] today=2026-09-06 added starline=0 jackpot=1 liveMarkets=57
publish-url: unchanged https://editor-carter-steps-baseball.trycloudflare.com
auto-push failed: To https://github.com/rm3013760-bit/matka-site.git
[live] api board: 7/29 markets from sattamatkaapi.live
[live] sara567 fallback: 0/0 markets
[live] wrote "live_results.json" (7/29 markets, 238560 bytes)
[updater] today=2026-09-06 added starline=0 jackpot=0 liveMarkets=57
publish-url: unchanged https://editor-carter-steps-baseball.trycloudflare.com
auto-push failed: To https://github.com/rm3013760-bit/matka-site.git
13:36:25 tunnel: new url https://thinkpad-permitted-tampa-tutorials.trycloudflare.com (published)
13:36:26 tunnel: public check failed, backing off 10min
[live] api board: 7/29 markets from sattamatkaapi.live
[live] sara567 fallback: 0/0 markets
[live] wrote "live_results.json" (7/29 markets, 238560 bytes)
[updater] today=2026-09-06 added starline=0 jackpot=0 liveMarkets=57
publish-url: unchanged https://thinkpad-permitted-tampa-tutorials.trycloudflare.com
auto-push failed: To https://github.com/rm3013760-bit/matka-site.git
[live] api board: 7/29 markets from sattamatkaapi.live
[live] sara567 fallback: 0/0 markets
[live] wrote "live_results.json" (7/29 markets, 238560 bytes)
[updater] today=2026-09-06 added starline=0 jackpot=0 liveMarkets=57
publish-url: unchanged https://thinkpad-permitted-tampa-tutorials.trycloudflare.com
auto-push failed: To https://github.com/rm3013760-bit/matka-site.git
[live] api board: 7/29 markets from sattamatkaapi.live
[live] sara567 fallback: 0/0 markets
[live] wrote "live_results.json" (7/29 markets, 238560 bytes)
[updater] today=2026-09-06 added starline=0 jackpot=0 liveMarkets=57
publish-url: unchanged https://thinkpad-permitted-tampa-tutorials.trycloudflare.com
auto-push failed: To https://github.com/rm3013760-bit/matka-site.git
[live] api board: 8/29 markets from sattamatkaapi.live
[live] sara567 fallback: 0/0 markets
[live] wrote "live_results.json" (8/29 markets, 238688 bytes)
[updater] today=2026-09-06 added starline=0 jackpot=0 liveMarkets=57
publish-url: unchanged https://thinkpad-permitted-tampa-tutorials.trycloudflare.com
auto-push failed: To https://github.com/rm3013760-bit/matka-site.git
13:46:35 tunnel: new url https://embassy-backed-main-pork.trycloudflare.com (published)
13:46:35 tunnel: public check failed, backing off 10min
[live] api board: 8/29 markets from sattamatkaapi.live
[live] sara567 fallback: 0/0 markets
[live] wrote "live_results.json" (8/29 markets, 238688 bytes)
[updater] today=2026-09-06 added starline=0 jackpot=0 liveMarkets=57
publish-url: unchanged https://embassy-backed-main-pork.trycloudflare.com
auto-push failed: To https://github.com/rm3013760-bit/matka-site.git
[live] api board: 9/29 markets from sattamatkaapi.live
[live] sara567 fallback: 0/0 markets
[live] wrote "live_results.json" (9/29 markets, 238816 bytes)
[updater] today=2026-09-06 added starline=0 jackpot=0 liveMarkets=57
publish-url: unchanged https://embassy-backed-main-pork.trycloudflare.com
auto-push failed: To https://github.com/rm3013760-bit/matka-site.git
[live] api board: 9/29 markets from sattamatkaapi.live
[live] sara567 fallback: 0/0 markets
[live] wrote "live_results.json" (9/29 markets, 238816 bytes)
[updater] today=2026-09-06 added starline=0 jackpot=0 liveMarkets=57
publish-url: unchanged https://embassy-backed-main-pork.trycloudflare.com
auto-push failed: To https://github.com/rm3013760-bit/matka-site.git
13:56:44 tunnel: new url https://compatibility-told-avenue-packet.trycloudflare.com (published)
13:56:45 tunnel: public check failed, backing off 10min
[live] api board: 9/29 markets from sattamatkaapi.live
[live] sara567 fallback: 0/0 markets
[live] wrote "live_results.json" (9/29 markets, 238816 bytes)
[updater] today=2026-09-06 added starline=0 jackpot=0 liveMarkets=57
publish-url: unchanged https://compatibility-told-avenue-packet.trycloudflare.com
auto-push failed: To https://github.com/rm3013760-bit/matka-site.git
[live] api board: 9/29 markets from sattamatkaapi.live
[live] sara567 fallback: 0/0 markets
[live] wrote "live_results.json" (9/29 markets, 238816 bytes)
[updater] today=2026-09-06 added starline=1 jackpot=0 liveMarkets=57
publish-url: unchanged https://compatibility-told-avenue-packet.trycloudflare.com
auto-push failed: To https://github.com/rm3013760-bit/matka-site.git
[live] api board: 9/29 markets from sattamatkaapi.live
[live] sara567 fallback: 0/0 markets
[live] wrote "live_results.json" (9/29 markets, 238892 bytes)
[updater] today=2026-09-06 added starline=0 jackpot=0 liveMarkets=57
publish-url: unchanged https://compatibility-told-avenue-packet.trycloudflare.com
auto-push failed: To https://github.com/rm3013760-bit/matka-site.git
14:06:57 tunnel: new url https://burke-clinton-around-round.trycloudflare.com (published)
14:06:57 tunnel: public check failed, backing off 10min
[live] api board: 9/29 markets from sattamatkaapi.live
[live] sara567 fallback: 0/0 markets
[live] wrote "live_results.json" (9/29 markets, 238892 bytes)
[updater] today=2026-09-06 added starline=0 jackpot=0 liveMarkets=57
publish-url: unchanged https://burke-clinton-around-round.trycloudflare.com
auto-push failed: To https://github.com/rm3013760-bit/matka-site.git
[live] api board: 9/29 markets from sattamatkaapi.live
[live] sara567 fallback: 0/0 markets
[live] wrote "live_results.json" (9/29 markets, 238892 bytes)
[updater] today=2026-09-06 added starline=0 jackpot=0 liveMarkets=57
publish-url: unchanged https://burke-clinton-around-round.trycloudflare.com
auto-push failed: To https://github.com/rm3013760-bit/matka-site.git
[live] api board: 9/29 markets from sattamatkaapi.live
[live] sara567 fallback: 0/0 markets
[live] wrote "live_results.json" (9/29 markets, 238892 bytes)
[updater] today=2026-09-06 added starline=0 jackpot=0 liveMarkets=57
publish-url: unchanged https://burke-clinton-around-round.trycloudflare.com
auto-push failed: To https://github.com/rm3013760-bit/matka-site.git
[live] api board: 9/29 markets from sattamatkaapi.live
[live] sara567 fallback: 0/0 markets
[live] wrote "live_results.json" (9/29 markets, 238892 bytes)
[updater] today=2026-09-06 added starline=0 jackpot=0 liveMarkets=57
publish-url: unchanged https://burke-clinton-around-round.trycloudflare.com
auto-push failed: To https://github.com/rm3013760-bit/matka-site.git
14:17:06 tunnel: new url https://thou-elsewhere-weblogs-aviation.trycloudflare.com (published)
14:17:06 tunnel: public check failed, backing off 10min
[live] api board: 9/29 markets from sattamatkaapi.live
[live] sara567 fallback: 0/0 markets
[live] wrote "live_results.json" (9/29 markets, 238892 bytes)
[updater] today=2026-09-06 added starline=0 jackpot=0 liveMarkets=57
publish-url: unchanged https://thou-elsewhere-weblogs-aviation.trycloudflare.com
auto-push failed: To https://github.com/rm3013760-bit/matka-site.git
[live] api board: 10/29 markets from sattamatkaapi.live
[live] sara567 fallback: 0/0 markets
[live] wrote "live_results.json" (10/29 markets, 239020 bytes)
[updater] today=2026-09-06 added starline=0 jackpot=0 liveMarkets=57
publish-url: unchanged https://thou-elsewhere-weblogs-aviation.trycloudflare.com
auto-push failed: To https://github.com/rm3013760-bit/matka-site.git
[live] api board: 10/29 markets from sattamatkaapi.live
[live] sara567 fallback: 0/0 markets
[live] wrote "live_results.json" (10/29 markets, 239020 bytes)
[updater] today=2026-09-06 added starline=0 jackpot=0 liveMarkets=57
publish-url: unchanged https://thou-elsewhere-weblogs-aviation.trycloudflare.com
auto-push failed: To https://github.com/rm3013760-bit/matka-site.git
14:27:15 tunnel: new url https://diverse-three-practitioner-stephanie.trycloudflare.com (published)
14:27:16 tunnel: public check failed, backing off 10min
[live] api board: 10/29 markets from sattamatkaapi.live
[live] sara567 fallback: 0/0 markets
[live] wrote "live_results.json" (10/29 markets, 239020 bytes)
[updater] today=2026-09-06 added starline=0 jackpot=0 liveMarkets=57
publish-url: unchanged https://diverse-three-practitioner-stephanie.trycloudflare.com
auto-push failed: To https://github.com/rm3013760-bit/matka-site.git
[live] api board: 10/29 markets from sattamatkaapi.live
[live] sara567 fallback: 0/0 markets
[live] wrote "live_results.json" (10/29 markets, 239020 bytes)
[updater] today=2026-09-06 added starline=0 jackpot=1 liveMarkets=57
publish-url: unchanged https://diverse-three-practitioner-stephanie.trycloudflare.com
auto-push failed: To https://github.com/rm3013760-bit/matka-site.git
[live] api board: 10/29 markets from sattamatkaapi.live
[live] sara567 fallback: 0/0 markets
[live] wrote "live_results.json" (10/29 markets, 239083 bytes)
[updater] today=2026-09-06 added starline=0 jackpot=0 liveMarkets=57
publish-url: unchanged https://diverse-three-practitioner-stephanie.trycloudflare.com
auto-push failed: To https://github.com/rm3013760-bit/matka-site.git
14:37:27 tunnel: new url https://broke-wheel-rapidly-arbitrary.trycloudflare.com (published)
14:37:27 tunnel: public check failed, backing off 10min
[live] api board: 10/29 markets from sattamatkaapi.live
[live] sara567 fallback: 0/0 markets
[live] wrote "live_results.json" (10/29 markets, 239083 bytes)
[updater] today=2026-09-06 added starline=0 jackpot=0 liveMarkets=57
publish-url: unchanged https://broke-wheel-rapidly-arbitrary.trycloudflare.com
auto-push failed: To https://github.com/rm3013760-bit/matka-site.git
[live] api board: 10/29 markets from sattamatkaapi.live
[live] sara567 fallback: 0/0 markets
[live] wrote "live_results.json" (10/29 markets, 239083 bytes)
[updater] today=2026-09-06 added starline=0 jackpot=0 liveMarkets=57
publish-url: unchanged https://broke-wheel-rapidly-arbitrary.trycloudflare.com
auto-push failed: To https://github.com/rm3013760-bit/matka-site.git
[live] api board: 10/29 markets from sattamatkaapi.live
[live] sara567 fallback: 0/0 markets
[live] wrote "live_results.json" (10/29 markets, 239083 bytes)
[updater] today=2026-09-06 added starline=0 jackpot=0 liveMarkets=57
publish-url: unchanged https://broke-wheel-rapidly-arbitrary.trycloudflare.com
auto-push failed: To https://github.com/rm3013760-bit/matka-site.git
[live] api board: 10/29 markets from sattamatkaapi.live
[live] sara567 fallback: 0/0 markets
[live] wrote "live_results.json" (10/29 markets, 239098 bytes)
[updater] today=2026-09-06 added starline=0 jackpot=0 liveMarkets=57
publish-url: unchanged https://broke-wheel-rapidly-arbitrary.trycloudflare.com
14:47:36 tunnel: new url https://responses-helicopter-generates-dated.trycloudflare.com (published)
auto-push failed: To https://github.com/rm3013760-bit/matka-site.git
14:47:37 tunnel: public check failed, backing off 10min
[live] api board: 10/29 markets from sattamatkaapi.live
[live] sara567 fallback: 0/0 markets
[live] wrote "live_results.json" (10/29 markets, 239113 bytes)
[updater] today=2026-09-06 added starline=0 jackpot=0 liveMarkets=57
publish-url: unchanged https://responses-helicopter-generates-dated.trycloudflare.com
auto-push failed: To https://github.com/rm3013760-bit/matka-site.git
[live] api board: 10/29 markets from sattamatkaapi.live
[live] sara567 fallback: 0/0 markets
[live] wrote "live_results.json" (10/29 markets, 239113 bytes)
[updater] today=2026-09-06 added starline=0 jackpot=0 liveMarkets=57
publish-url: unchanged https://responses-helicopter-generates-dated.trycloudflare.com
auto-push failed: To https://github.com/rm3013760-bit/matka-site.git
[live] api board: 10/29 markets from sattamatkaapi.live
[live] sara567 fallback: 0/0 markets
[live] wrote "live_results.json" (10/29 markets, 239113 bytes)
[updater] today=2026-09-06 added starline=0 jackpot=0 liveMarkets=57
publish-url: unchanged https://responses-helicopter-generates-dated.trycloudflare.com
auto-push failed: To https://github.com/rm3013760-bit/matka-site.git
14:57:48 tunnel: new url https://attributes-night-triangle-copper.trycloudflare.com (published)
14:57:50 tunnel: public check failed, backing off 10min
[live] api board: 10/29 markets from sattamatkaapi.live
[live] sara567 fallback: 0/0 markets
[live] wrote "live_results.json" (10/29 markets, 239113 bytes)
[updater] today=2026-09-06 added starline=1 jackpot=0 liveMarkets=57
publish-url: unchanged https://attributes-night-triangle-copper.trycloudflare.com
auto-push failed: To https://github.com/rm3013760-bit/matka-site.git
[live] api board: 10/29 markets from sattamatkaapi.live
[live] sara567 fallback: 0/0 markets
[live] wrote "live_results.json" (10/29 markets, 239189 bytes)
[updater] today=2026-09-06 added starline=0 jackpot=0 liveMarkets=57
publish-url: unchanged https://attributes-night-triangle-copper.trycloudflare.com
auto-push failed: To https://github.com/rm3013760-bit/matka-site.git
[live] api board: 10/29 markets from sattamatkaapi.live
[live] sara567 fallback: 0/0 markets
[live] wrote "live_results.json" (10/29 markets, 239189 bytes)
[updater] today=2026-09-06 added starline=0 jackpot=0 liveMarkets=57
publish-url: unchanged https://attributes-night-triangle-copper.trycloudflare.com
auto-push failed: To https://github.com/rm3013760-bit/matka-site.git
15:07:59 tunnel: new url https://sunglasses-molecular-womens-cellular.trycloudflare.com (published)
15:07:59 tunnel: public check failed, backing off 10min
[live] api board: 10/29 markets from sattamatkaapi.live
[live] sara567 fallback: 0/0 markets
[live] wrote "live_results.json" (10/29 markets, 239189 bytes)
[updater] today=2026-09-06 added starline=0 jackpot=0 liveMarkets=57
publish-url: unchanged https://sunglasses-molecular-womens-cellular.trycloudflare.com
auto-push failed: To https://github.com/rm3013760-bit/matka-site.git
[live] api board: 10/29 markets from sattamatkaapi.live
[live] sara567 fallback: 0/0 markets
[live] wrote "live_results.json" (10/29 markets, 239189 bytes)
[updater] today=2026-09-06 added starline=0 jackpot=0 liveMarkets=57
publish-url: unchanged https://sunglasses-molecular-womens-cellular.trycloudflare.com
auto-push failed: To https://github.com/rm3013760-bit/matka-site.git
[live] api board: 10/29 markets from sattamatkaapi.live
[live] sara567 fallback: 0/0 markets
[live] wrote "live_results.json" (10/29 markets, 239189 bytes)
[updater] today=2026-09-06 added starline=0 jackpot=0 liveMarkets=57
publish-url: unchanged https://sunglasses-molecular-womens-cellular.trycloudflare.com
auto-push failed: To https://github.com/rm3013760-bit/matka-site.git
15:18:08 tunnel: new url https://hampshire-boots-intervention-warranties.trycloudflare.com (published)
15:18:08 tunnel: public check failed, backing off 10min
[live] api board: 10/29 markets from sattamatkaapi.live
[live] sara567 fallback: 0/0 markets
[live] wrote "live_results.json" (10/29 markets, 239189 bytes)
[updater] today=2026-09-06 added starline=0 jackpot=0 liveMarkets=57
publish-url: unchanged https://hampshire-boots-intervention-warranties.trycloudflare.com
auto-push failed: To https://github.com/rm3013760-bit/matka-site.git
[live] api board: 10/29 markets from sattamatkaapi.live
[live] sara567 fallback: 0/0 markets
[live] wrote "live_results.json" (10/29 markets, 239189 bytes)
[updater] today=2026-09-06 added starline=0 jackpot=0 liveMarkets=57
publish-url: unchanged https://hampshire-boots-intervention-warranties.trycloudflare.com
auto-push failed: To https://github.com/rm3013760-bit/matka-site.git
[live] api board: 10/29 markets from sattamatkaapi.live
[live] sara567 fallback: 0/0 markets
[live] wrote "live_results.json" (10/29 markets, 239204 bytes)
[updater] today=2026-09-06 added starline=0 jackpot=0 liveMarkets=57
publish-url: unchanged https://hampshire-boots-intervention-warranties.trycloudflare.com
auto-push failed: To https://github.com/rm3013760-bit/matka-site.git
[live] api board: 10/29 markets from sattamatkaapi.live
[live] sara567 fallback: 0/0 markets
[live] wrote "live_results.json" (10/29 markets, 239204 bytes)
[updater] today=2026-09-06 added starline=0 jackpot=0 liveMarkets=57
publish-url: unchanged https://hampshire-boots-intervention-warranties.trycloudflare.com
auto-push failed: To https://github.com/rm3013760-bit/matka-site.git
15:28:16 tunnel: new url https://invite-icons-basename-cams.trycloudflare.com (published)
15:28:17 tunnel: public check failed, backing off 10min
[live] api board: 10/29 markets from sattamatkaapi.live
[live] sara567 fallback: 0/0 markets
[live] wrote "live_results.json" (10/29 markets, 239204 bytes)
[updater] today=2026-09-06 added starline=0 jackpot=1 liveMarkets=57
publish-url: unchanged https://invite-icons-basename-cams.trycloudflare.com
auto-push failed: To https://github.com/rm3013760-bit/matka-site.git
[live] api board failed: fetch failed (falling back to sara567 scrape)
[live] sita-morning failed: fetch failed
[live] star-tara-morning failed: fetch failed
[live] milan-morning failed: fetch failed
[live] sridevi failed: fetch failed
[live] kalyan-morning failed: fetch failed
[live] sita-day failed: fetch failed
[live] star-tara-day failed: fetch failed
[live] milan-day failed: fetch failed
[live] kalyan-main failed: fetch failed
[live] sita-night failed: fetch failed
[live] sridevi-night failed: fetch failed
[live] star-tara-night failed: fetch failed
[live] milan-night failed: fetch failed
[live] kalyan-night failed: fetch failed
[live] main-bazar failed: fetch failed
[live] andhra-morning failed: fetch failed
[live] andhra-day failed: fetch failed
[live] andhra-night failed: fetch failed
[live] kamal-morning failed: fetch failed
[live] kamal-day failed: fetch failed
[live] kamal-night failed: fetch failed
[live] madhur-morning failed: fetch failed
[live] madhur-day failed: fetch failed
[live] rajdhani-day failed: fetch failed
[live] rajdhani-night failed: fetch failed
[live] supreme-day failed: fetch failed
[live] supreme-night failed: fetch failed
[live] mahadevi failed: fetch failed
[live] time-bazar failed: fetch failed
[live] sara567 fallback: 0/29 markets
[live] wrote "live_results.json" (0/29 markets, 237837 bytes)
[updater] today=2026-09-06 added starline=3 jackpot=3 liveMarkets=57
publish-url: unchanged https://invite-icons-basename-cams.trycloudflare.com
auto-push failed: fatal: unable to access 'https://github.com/rm3013760-bit/matka-site.git/': Could not resolve host: github.com
[live] api board failed: fetch failed (falling back to sara567 scrape)
[live] sita-morning failed: fetch failed
[live] star-tara-morning failed: fetch failed
[live] milan-morning failed: fetch failed
[live] sridevi failed: fetch failed
[live] kalyan-morning failed: fetch failed
[live] sita-day failed: fetch failed
[live] star-tara-day failed: fetch failed
[live] milan-day failed: fetch failed
[live] kalyan-main failed: fetch failed
[live] sita-night failed: fetch failed
[live] sridevi-night failed: fetch failed
[live] star-tara-night failed: fetch failed
[live] milan-night failed: fetch failed
[live] kalyan-night failed: fetch failed
[live] main-bazar failed: fetch failed
[live] andhra-morning failed: fetch failed
[live] andhra-day failed: fetch failed
[live] andhra-night failed: fetch failed
[live] kamal-morning failed: fetch failed
[live] kamal-day failed: fetch failed
[live] kamal-night failed: fetch failed
[live] madhur-morning failed: fetch failed
[live] madhur-day failed: fetch failed
[live] rajdhani-day failed: fetch failed
[live] rajdhani-night failed: fetch failed
[live] supreme-day failed: fetch failed
[live] supreme-night failed: fetch failed
[live] mahadevi failed: fetch failed
[live] time-bazar failed: fetch failed
[live] sara567 fallback: 0/29 markets
[live] wrote "live_results.json" (0/29 markets, 238254 bytes)
[updater] today=2026-09-06 added starline=5 jackpot=5 liveMarkets=57
publish-url: unchanged https://invite-icons-basename-cams.trycloudflare.com
auto-push failed: fatal: unable to access 'https://github.com/rm3013760-bit/matka-site.git/': Could not resolve host: github.com
00:01:20 tunnel: new url https://option-gas-detection-casting.trycloudflare.com (published)
00:01:20 tunnel: public check failed, backing off 10min
[live] api board: 27/29 markets from sattamatkaapi.live
[live] sara567 fallback: 0/0 markets
[live] wrote "live_results.json" (27/29 markets, 242510 bytes)
[updater] today=2026-09-07 added starline=0 jackpot=0 liveMarkets=57
publish-url: unchanged https://option-gas-detection-casting.trycloudflare.com
auto-push failed: To https://github.com/rm3013760-bit/matka-site.git
[live] api board: 27/29 markets from sattamatkaapi.live
[live] sara567 fallback: 0/0 markets
[live] wrote "live_results.json" (27/29 markets, 242510 bytes)
[updater] today=2026-09-07 added starline=0 jackpot=0 liveMarkets=57
publish-url: unchanged https://option-gas-detection-casting.trycloudflare.com
auto-push failed: To https://github.com/rm3013760-bit/matka-site.git
[live] api board: 27/29 markets from sattamatkaapi.live
[live] sara567 fallback: 0/0 markets
[live] wrote "live_results.json" (27/29 markets, 242510 bytes)
[updater] today=2026-09-07 added starline=0 jackpot=0 liveMarkets=57
publish-url: unchanged https://option-gas-detection-casting.trycloudflare.com
auto-push failed: To https://github.com/rm3013760-bit/matka-site.git
00:11:32 tunnel: new url https://projection-accounting-lowest-announce.trycloudflare.com (published)
[live] api board: 27/29 markets from sattamatkaapi.live
[live] sara567 fallback: 0/0 markets
[live] wrote "live_results.json" (27/29 markets, 242510 bytes)
[updater] today=2026-09-07 added starline=0 jackpot=0 liveMarkets=57
publish-url: unchanged https://projection-accounting-lowest-announce.trycloudflare.com
auto-push failed: To https://github.com/rm3013760-bit/matka-site.git
[live] api board: 27/29 markets from sattamatkaapi.live
[live] sara567 fallback: 0/0 markets
[live] wrote "live_results.json" (27/29 markets, 242510 bytes)
[updater] today=2026-09-07 added starline=0 jackpot=0 liveMarkets=57
publish-url: unchanged https://projection-accounting-lowest-announce.trycloudflare.com
auto-push failed: To https://github.com/rm3013760-bit/matka-site.git
[live] api board: 27/29 markets from sattamatkaapi.live
[live] sara567 fallback: 0/0 markets
[live] wrote "live_results.json" (27/29 markets, 242510 bytes)
[updater] today=2026-09-07 added starline=0 jackpot=0 liveMarkets=57
publish-url: unchanged https://projection-accounting-lowest-announce.trycloudflare.com
auto-push failed: To https://github.com/rm3013760-bit/matka-site.git
[live] api board: 27/29 markets from sattamatkaapi.live
[live] sara567 fallback: 0/0 markets
[live] wrote "live_results.json" (27/29 markets, 242510 bytes)
[updater] today=2026-09-07 added starline=0 jackpot=0 liveMarkets=57
publish-url: unchanged https://projection-accounting-lowest-announce.trycloudflare.com
auto-push failed: To https://github.com/rm3013760-bit/matka-site.git
01:12:21 tunnel: public check failed, backing off 10min
[live] api board: 27/29 markets from sattamatkaapi.live
[live] sara567 fallback: 0/0 markets
[live] wrote "live_results.json" (27/29 markets, 242510 bytes)
[updater] today=2026-09-07 added starline=0 jackpot=0 liveMarkets=57
publish-url: unchanged https://projection-accounting-lowest-announce.trycloudflare.com
auto-push failed: To https://github.com/rm3013760-bit/matka-site.git
[live] api board: 27/29 markets from sattamatkaapi.live
[live] sara567 fallback: 0/0 markets
[live] wrote "live_results.json" (27/29 markets, 242510 bytes)
[updater] today=2026-09-07 added starline=0 jackpot=0 liveMarkets=57
publish-url: unchanged https://projection-accounting-lowest-announce.trycloudflare.com
auto-push failed: To https://github.com/rm3013760-bit/matka-site.git
[live] api board failed: fetch failed (falling back to sara567 scrape)
[live] sita-morning failed: fetch failed
[live] star-tara-morning failed: fetch failed
[live] milan-morning failed: fetch failed
[live] sridevi failed: fetch failed
[live] kalyan-morning failed: fetch failed
[live] sita-day failed: fetch failed
[live] star-tara-day failed: fetch failed
[live] milan-day failed: fetch failed
[live] kalyan-main failed: fetch failed
[live] sita-night failed: fetch failed
[live] sridevi-night failed: fetch failed
[live] star-tara-night failed: fetch failed
[live] milan-night failed: fetch failed
[live] kalyan-night failed: fetch failed
[live] main-bazar failed: fetch failed
[live] andhra-morning failed: fetch failed
[live] andhra-day failed: fetch failed
[live] andhra-night failed: fetch failed
[live] kamal-morning failed: fetch failed
[live] kamal-day failed: fetch failed
[live] kamal-night failed: fetch failed
[live] madhur-morning failed: fetch failed
[live] madhur-day failed: fetch failed
[live] rajdhani-day failed: fetch failed
[live] rajdhani-night failed: fetch failed
[live] supreme-day failed: fetch failed
[live] supreme-night failed: fetch failed
[live] mahadevi failed: fetch failed
[live] time-bazar failed: fetch failed
[live] sara567 fallback: 0/29 markets
[live] wrote "live_results.json" (0/29 markets, 238949 bytes)
[updater] today=2026-09-07 added starline=0 jackpot=0 liveMarkets=57
publish-url: unchanged https://projection-accounting-lowest-announce.trycloudflare.com
auto-push failed: fatal: unable to access 'https://github.com/rm3013760-bit/matka-site.git/': Could not resolve host: github.com
01:34:51 tunnel: new url https://api.trycloudflare.com (published)
01:34:51 tunnel: public check failed, backing off 10min
[live] api board failed: fetch failed (falling back to sara567 scrape)
[live] sita-morning failed: fetch failed
[live] star-tara-morning failed: fetch failed
[live] milan-morning failed: fetch failed
[live] sridevi failed: fetch failed
[live] kalyan-morning failed: fetch failed
[live] sita-day failed: fetch failed
[live] star-tara-day failed: fetch failed
[live] milan-day failed: fetch failed
[live] kalyan-main failed: fetch failed
[live] sita-night failed: fetch failed
[live] sridevi-night failed: fetch failed
[live] star-tara-night failed: fetch failed
[live] milan-night failed: fetch failed
[live] kalyan-night failed: fetch failed
[live] main-bazar failed: fetch failed
[live] andhra-morning failed: fetch failed
[live] andhra-day failed: fetch failed
[live] andhra-night failed: fetch failed
[live] kamal-morning failed: fetch failed
[live] kamal-day failed: fetch failed
[live] kamal-night failed: fetch failed
[live] madhur-morning failed: fetch failed
[live] madhur-day failed: fetch failed
[live] rajdhani-day failed: fetch failed
[live] rajdhani-night failed: fetch failed
[live] supreme-day failed: fetch failed
[live] supreme-night failed: fetch failed
[live] mahadevi failed: fetch failed
[live] time-bazar failed: fetch failed
[live] sara567 fallback: 0/29 markets
[live] wrote "live_results.json" (0/29 markets, 238949 bytes)
[updater] today=2026-09-07 added starline=0 jackpot=0 liveMarkets=57
publish-url: unchanged https://api.trycloudflare.com
auto-push failed: fatal: unable to access 'https://github.com/rm3013760-bit/matka-site.git/': Could not resolve host: github.com
[live] api board failed: fetch failed (falling back to sara567 scrape)
[live] sita-morning failed: fetch failed
[live] star-tara-morning failed: fetch failed
[live] milan-morning failed: fetch failed
[live] sridevi failed: fetch failed
[live] kalyan-morning failed: fetch failed
[live] sita-day failed: fetch failed
[live] star-tara-day failed: fetch failed
[live] milan-day failed: fetch failed
[live] kalyan-main failed: fetch failed
[live] sita-night failed: fetch failed
[live] sridevi-night failed: fetch failed
[live] star-tara-night failed: fetch failed
[live] milan-night failed: fetch failed
[live] kalyan-night failed: fetch failed
[live] main-bazar failed: fetch failed
[live] andhra-morning failed: fetch failed
[live] andhra-day failed: fetch failed
[live] andhra-night failed: fetch failed
[live] kamal-morning failed: fetch failed
[live] kamal-day failed: fetch failed
[live] kamal-night failed: fetch failed
[live] madhur-morning failed: fetch failed
[live] madhur-day failed: fetch failed
[live] rajdhani-day failed: fetch failed
[live] rajdhani-night failed: fetch failed
[live] supreme-day failed: fetch failed
[live] supreme-night failed: fetch failed
[live] mahadevi failed: fetch failed
[live] time-bazar failed: fetch failed
[live] sara567 fallback: 0/29 markets
[live] wrote "live_results.json" (0/29 markets, 238949 bytes)
[updater] today=2026-09-07 added starline=0 jackpot=0 liveMarkets=57
publish-url: unchanged https://api.trycloudflare.com
auto-push failed: fatal: unable to access 'https://github.com/rm3013760-bit/matka-site.git/': Could not resolve host: github.com
[live] api board failed: fetch failed (falling back to sara567 scrape)
[live] sita-morning failed: fetch failed
[live] star-tara-morning failed: fetch failed
[live] milan-morning failed: fetch failed
[live] sridevi failed: fetch failed
[live] kalyan-morning failed: fetch failed
[live] sita-day failed: fetch failed
[live] star-tara-day failed: fetch failed
[live] milan-day failed: fetch failed
[live] kalyan-main failed: fetch failed
[live] sita-night failed: fetch failed
[live] sridevi-night failed: fetch failed
[live] star-tara-night failed: fetch failed
[live] milan-night failed: fetch failed
[live] kalyan-night failed: fetch failed
[live] main-bazar failed: fetch failed
[live] andhra-morning failed: fetch failed
[live] andhra-day failed: fetch failed
[live] andhra-night failed: fetch failed
[live] kamal-morning failed: fetch failed
[live] kamal-day failed: fetch failed
[live] kamal-night failed: fetch failed
[live] madhur-morning failed: fetch failed
[live] madhur-day failed: fetch failed
[live] rajdhani-day failed: fetch failed
[live] rajdhani-night failed: fetch failed
[live] supreme-day failed: fetch failed
[live] supreme-night failed: fetch failed
[live] mahadevi failed: fetch failed
[live] time-bazar failed: fetch failed
[live] sara567 fallback: 0/29 markets
[live] wrote "live_results.json" (0/29 markets, 238949 bytes)
[updater] today=2026-09-07 added starline=0 jackpot=0 liveMarkets=57
publish-url: unchanged https://api.trycloudflare.com
auto-push failed: fatal: unable to access 'https://github.com/rm3013760-bit/matka-site.git/': Could not resolve host: github.com
01:44:56 tunnel: new url https://api.trycloudflare.com (published)
01:44:56 tunnel: public check failed, backing off 10min
[live] api board failed: fetch failed (falling back to sara567 scrape)
[live] sita-morning failed: fetch failed
[live] star-tara-morning failed: fetch failed
[live] milan-morning failed: fetch failed
[live] sridevi failed: fetch failed
[live] kalyan-morning failed: fetch failed
[live] sita-day failed: fetch failed
[live] star-tara-day failed: fetch failed
[live] milan-day failed: fetch failed
[live] kalyan-main failed: fetch failed
[live] sita-night failed: fetch failed
[live] sridevi-night failed: fetch failed
[live] star-tara-night failed: fetch failed
[live] milan-night failed: fetch failed
[live] kalyan-night failed: fetch failed
[live] main-bazar failed: fetch failed
[live] andhra-morning failed: fetch failed
[live] andhra-day failed: fetch failed
[live] andhra-night failed: fetch failed
[live] kamal-morning failed: fetch failed
[live] kamal-day failed: fetch failed
[live] kamal-night failed: fetch failed
[live] madhur-morning failed: fetch failed
[live] madhur-day failed: fetch failed
[live] rajdhani-day failed: fetch failed
[live] rajdhani-night failed: fetch failed
[live] supreme-day failed: fetch failed
[live] supreme-night failed: fetch failed
[live] mahadevi failed: fetch failed
[live] time-bazar failed: fetch failed
[live] sara567 fallback: 0/29 markets
[live] wrote "live_results.json" (0/29 markets, 238949 bytes)
[updater] today=2026-09-07 added starline=0 jackpot=0 liveMarkets=57
publish-url: unchanged https://api.trycloudflare.com
auto-push failed: fatal: unable to access 'https://github.com/rm3013760-bit/matka-site.git/': Could not resolve host: github.com
[live] api board: 27/29 markets from sattamatkaapi.live
[live] sara567 fallback: 0/0 markets
[live] wrote "live_results.json" (27/29 markets, 242510 bytes)
[updater] today=2026-09-07 added starline=0 jackpot=0 liveMarkets=57
publish-url: unchanged https://api.trycloudflare.com
auto-push failed: To https://github.com/rm3013760-bit/matka-site.git
[live] api board: 27/29 markets from sattamatkaapi.live
[live] sara567 fallback: 0/0 markets
[live] wrote "live_results.json" (27/29 markets, 242510 bytes)
[updater] today=2026-09-07 added starline=0 jackpot=0 liveMarkets=57
publish-url: unchanged https://api.trycloudflare.com
auto-push failed: To https://github.com/rm3013760-bit/matka-site.git
01:55:07 tunnel: new url https://alot-counters-curve-edwards.trycloudflare.com (published)
01:55:07 tunnel: public check failed, backing off 10min
[live] api board: 27/29 markets from sattamatkaapi.live
[live] sara567 fallback: 0/0 markets
[live] wrote "live_results.json" (27/29 markets, 242510 bytes)
[updater] today=2026-09-07 added starline=0 jackpot=0 liveMarkets=57
publish-url: unchanged https://alot-counters-curve-edwards.trycloudflare.com
auto-push failed: To https://github.com/rm3013760-bit/matka-site.git
[live] api board: 27/29 markets from sattamatkaapi.live
[live] sara567 fallback: 0/0 markets
[live] wrote "live_results.json" (27/29 markets, 242510 bytes)
[updater] today=2026-09-07 added starline=0 jackpot=0 liveMarkets=57
publish-url: unchanged https://alot-counters-curve-edwards.trycloudflare.com
auto-push failed: To https://github.com/rm3013760-bit/matka-site.git
[live] api board: 27/29 markets from sattamatkaapi.live
[live] sara567 fallback: 0/0 markets
[live] wrote "live_results.json" (27/29 markets, 242510 bytes)
[updater] today=2026-09-07 added starline=0 jackpot=0 liveMarkets=57
publish-url: unchanged https://alot-counters-curve-edwards.trycloudflare.com
auto-push failed: To https://github.com/rm3013760-bit/matka-site.git
[live] api board: 27/29 markets from sattamatkaapi.live
[live] sara567 fallback: 0/0 markets
[live] wrote "live_results.json" (27/29 markets, 242510 bytes)
[updater] today=2026-09-07 added starline=0 jackpot=0 liveMarkets=57
publish-url: unchanged https://alot-counters-curve-edwards.trycloudflare.com
auto-push failed: To https://github.com/rm3013760-bit/matka-site.git
02:05:20 tunnel: new url https://larger-exam-palestinian-enable.trycloudflare.com (published)
02:05:21 tunnel: public check failed, backing off 10min
[live] api board: 27/29 markets from sattamatkaapi.live
[live] sara567 fallback: 0/0 markets
[live] wrote "live_results.json" (27/29 markets, 242510 bytes)
[updater] today=2026-09-07 added starline=0 jackpot=0 liveMarkets=57
publish-url: unchanged https://larger-exam-palestinian-enable.trycloudflare.com
auto-push failed: To https://github.com/rm3013760-bit/matka-site.git
[live] api board failed: fetch failed (falling back to sara567 scrape)
[live] sita-morning failed: fetch failed
[live] star-tara-morning failed: fetch failed
[live] milan-morning failed: fetch failed
[live] sridevi failed: fetch failed
[live] kalyan-morning failed: fetch failed
[live] sita-day failed: fetch failed
[live] star-tara-day failed: fetch failed
[live] milan-day failed: fetch failed
[live] kalyan-main failed: fetch failed
[live] sita-night failed: fetch failed
[live] sridevi-night failed: fetch failed
[live] star-tara-night failed: fetch failed
[live] milan-night failed: fetch failed
[live] kalyan-night failed: fetch failed
[live] main-bazar failed: fetch failed
[live] andhra-morning failed: fetch failed
[live] andhra-day failed: fetch failed
[live] andhra-night failed: fetch failed
[live] kamal-morning failed: fetch failed
[live] kamal-day failed: fetch failed
[live] kamal-night failed: fetch failed
[live] madhur-morning failed: fetch failed
[live] madhur-day failed: fetch failed
[live] rajdhani-day failed: fetch failed
[live] rajdhani-night failed: fetch failed
[live] supreme-day failed: fetch failed
[live] supreme-night failed: fetch failed
[live] mahadevi failed: fetch failed
[live] time-bazar failed: fetch failed
[live] sara567 fallback: 0/29 markets
[live] wrote "live_results.json" (0/29 markets, 238949 bytes)
[updater] today=2026-09-07 added starline=0 jackpot=0 liveMarkets=57
publish-url: unchanged https://larger-exam-palestinian-enable.trycloudflare.com
auto-push failed: fatal: unable to access 'https://github.com/rm3013760-bit/matka-site.git/': Could not resolve host: github.com
[live] api board failed: fetch failed (falling back to sara567 scrape)
[live] sita-morning failed: fetch failed
[live] star-tara-morning failed: fetch failed
[live] milan-morning failed: fetch failed
[live] sridevi failed: fetch failed
[live] kalyan-morning failed: fetch failed
[live] sita-day failed: fetch failed
[live] star-tara-day failed: fetch failed
[live] milan-day failed: fetch failed
[live] kalyan-main failed: fetch failed
[live] sita-night failed: fetch failed
[live] sridevi-night failed: fetch failed
[live] star-tara-night failed: fetch failed
[live] milan-night failed: fetch failed
[live] kalyan-night failed: fetch failed
[live] main-bazar failed: fetch failed
[live] andhra-morning failed: fetch failed
[live] andhra-day failed: fetch failed
[live] andhra-night failed: fetch failed
[live] kamal-morning failed: fetch failed
[live] kamal-day failed: fetch failed
[live] kamal-night failed: fetch failed
[live] madhur-morning failed: fetch failed
[live] madhur-day failed: fetch failed
[live] rajdhani-day failed: fetch failed
[live] rajdhani-night failed: fetch failed
[live] supreme-day failed: fetch failed
[live] supreme-night failed: fetch failed
[live] mahadevi failed: fetch failed
[live] time-bazar failed: fetch failed
[live] sara567 fallback: 0/29 markets
[live] wrote "live_results.json" (0/29 markets, 238949 bytes)
[updater] today=2026-09-07 added starline=1 jackpot=0 liveMarkets=57
publish-url: unchanged https://larger-exam-palestinian-enable.trycloudflare.com
auto-push failed: fatal: unable to access 'https://github.com/rm3013760-bit/matka-site.git/': Could not resolve host: github.com
10:28:07 tunnel: new url https://subscribe-regarded-makes-particularly.trycloudflare.com (published)
10:28:07 tunnel: public check failed, backing off 10min
[live] api board: 2/29 markets from sattamatkaapi.live
[live] sara567 fallback: 0/0 markets
[live] wrote "live_results.json" (2/29 markets, 239281 bytes)
[updater] today=2026-09-07 added starline=0 jackpot=0 liveMarkets=57
publish-url: unchanged https://subscribe-regarded-makes-particularly.trycloudflare.com
auto-push failed: To https://github.com/rm3013760-bit/matka-site.git
[live] api board failed: API board HTTP 403 (falling back to sara567 scrape)
[live] sara567 fallback: 454/29 markets
[live] wrote "live_results.json" (454/29 markets, 276397 bytes)
[updater] today=2026-09-07 added starline=0 jackpot=1 liveMarkets=57
publish-url: unchanged https://subscribe-regarded-makes-particularly.trycloudflare.com
auto-push failed: To https://github.com/rm3013760-bit/matka-site.git
[live] api board failed: API board HTTP 403 (falling back to sara567 scrape)
[live] sara567 fallback: 370/29 markets
[live] wrote "live_results.json" (370/29 markets, 276460 bytes)
[updater] today=2026-09-07 added starline=0 jackpot=0 liveMarkets=57
publish-url: unchanged https://subscribe-regarded-makes-particularly.trycloudflare.com
auto-push failed: To https://github.com/rm3013760-bit/matka-site.git
10:38:14 tunnel: new url https://protein-checkout-digest-tim.trycloudflare.com (published)
10:38:14 tunnel: public check failed, backing off 10min
[live] api board failed: API board HTTP 403 (falling back to sara567 scrape)
[live] sara567 fallback: 559/29 markets
[live] wrote "live_results.json" (559/29 markets, 276460 bytes)
[updater] today=2026-09-07 added starline=0 jackpot=0 liveMarkets=57
publish-url: unchanged https://protein-checkout-digest-tim.trycloudflare.com
auto-push failed: To https://github.com/rm3013760-bit/matka-site.git
[live] api board failed: API board HTTP 403 (falling back to sara567 scrape)
[live] sara567 fallback: 563/29 markets
[live] wrote "live_results.json" (563/29 markets, 276460 bytes)
[updater] today=2026-09-07 added starline=0 jackpot=0 liveMarkets=57
publish-url: unchanged https://protein-checkout-digest-tim.trycloudflare.com
auto-push failed: To https://github.com/rm3013760-bit/matka-site.git
[live] api board failed: API board HTTP 403 (falling back to sara567 scrape)
[live] sara567 fallback: 474/29 markets
[live] wrote "live_results.json" (474/29 markets, 276460 bytes)
[updater] today=2026-09-07 added starline=0 jackpot=0 liveMarkets=57
publish-url: unchanged https://protein-checkout-digest-tim.trycloudflare.com
auto-push failed: To https://github.com/rm3013760-bit/matka-site.git
10:48:21 tunnel: new url https://tulsa-lately-hereby-methods.trycloudflare.com (published)
10:48:21 tunnel: public check failed, backing off 10min
[live] api board failed: API board HTTP 403 (falling back to sara567 scrape)
[live] sara567 fallback: 473/29 markets
[live] wrote "live_results.json" (473/29 markets, 276460 bytes)
[updater] today=2026-09-07 added starline=0 jackpot=0 liveMarkets=57
publish-url: unchanged https://tulsa-lately-hereby-methods.trycloudflare.com
auto-push failed: To https://github.com/rm3013760-bit/matka-site.git
[live] api board failed: API board HTTP 403 (falling back to sara567 scrape)
[live] sara567 fallback: 523/29 markets
[live] wrote "live_results.json" (523/29 markets, 276460 bytes)
[updater] today=2026-09-07 added starline=0 jackpot=0 liveMarkets=57
publish-url: unchanged https://tulsa-lately-hereby-methods.trycloudflare.com
auto-push failed: To https://github.com/rm3013760-bit/matka-site.git
[live] api board failed: API board HTTP 403 (falling back to sara567 scrape)
[live] sara567 fallback: 474/29 markets
[live] wrote "live_results.json" (474/29 markets, 276579 bytes)
[updater] today=2026-09-07 added starline=0 jackpot=0 liveMarkets=57
publish-url: unchanged https://tulsa-lately-hereby-methods.trycloudflare.com
auto-push failed: To https://github.com/rm3013760-bit/matka-site.git
[live] api board failed: API board HTTP 403 (falling back to sara567 scrape)
[live] sara567 fallback: 368/29 markets
[live] wrote "live_results.json" (368/29 markets, 276579 bytes)
[updater] today=2026-09-07 added starline=0 jackpot=0 liveMarkets=57
publish-url: unchanged https://tulsa-lately-hereby-methods.trycloudflare.com
auto-push failed: To https://github.com/rm3013760-bit/matka-site.git
10:58:30 tunnel: new url https://dealing-downtown-auto-nextel.trycloudflare.com (published)
10:58:30 tunnel: public check failed, backing off 10min
[live] api board failed: API board HTTP 403 (falling back to sara567 scrape)
[live] sara567 fallback: 462/29 markets
[live] wrote "live_results.json" (462/29 markets, 276579 bytes)
[updater] today=2026-09-07 added starline=1 jackpot=0 liveMarkets=57
publish-url: unchanged https://dealing-downtown-auto-nextel.trycloudflare.com
auto-push failed: To https://github.com/rm3013760-bit/matka-site.git
[live] api board failed: API board HTTP 403 (falling back to sara567 scrape)
[live] sara567 fallback: 534/29 markets
[live] wrote "live_results.json" (534/29 markets, 276655 bytes)
[updater] today=2026-09-07 added starline=0 jackpot=0 liveMarkets=57
publish-url: unchanged https://dealing-downtown-auto-nextel.trycloudflare.com
auto-push failed: To https://github.com/rm3013760-bit/matka-site.git
[live] api board failed: API board HTTP 403 (falling back to sara567 scrape)
[live] sara567 fallback: 377/29 markets
[live] wrote "live_results.json" (377/29 markets, 276655 bytes)
[updater] today=2026-09-07 added starline=0 jackpot=0 liveMarkets=57
publish-url: unchanged https://dealing-downtown-auto-nextel.trycloudflare.com
auto-push failed: To https://github.com/rm3013760-bit/matka-site.git
11:08:38 tunnel: new url https://alpine-flight-years-occupation.trycloudflare.com (published)
11:08:40 tunnel: public check failed, backing off 10min
[live] api board failed: API board HTTP 403 (falling back to sara567 scrape)
[live] sara567 fallback: 558/29 markets
[live] wrote "live_results.json" (558/29 markets, 276655 bytes)
[updater] today=2026-09-07 added starline=0 jackpot=0 liveMarkets=57
publish-url: unchanged https://alpine-flight-years-occupation.trycloudflare.com
auto-push failed: To https://github.com/rm3013760-bit/matka-site.git
[live] api board failed: API board HTTP 403 (falling back to sara567 scrape)
[live] sara567 fallback: 466/29 markets
[live] wrote "live_results.json" (466/29 markets, 276655 bytes)
[updater] today=2026-09-07 added starline=0 jackpot=0 liveMarkets=57
publish-url: unchanged https://alpine-flight-years-occupation.trycloudflare.com
auto-push failed: To https://github.com/rm3013760-bit/matka-site.git
[live] api board failed: API board HTTP 403 (falling back to sara567 scrape)
[live] sara567 fallback: 474/29 markets
[live] wrote "live_results.json" (474/29 markets, 276655 bytes)
[updater] today=2026-09-07 added starline=0 jackpot=0 liveMarkets=57
publish-url: unchanged https://alpine-flight-years-occupation.trycloudflare.com
auto-push failed: To https://github.com/rm3013760-bit/matka-site.git
11:18:49 tunnel: new url https://controversy-marriage-jewellery-puzzles.trycloudflare.com (published)
11:18:49 tunnel: public check failed, backing off 10min
[live] api board failed: API board HTTP 403 (falling back to sara567 scrape)
[live] sara567 fallback: 451/29 markets
[live] wrote "live_results.json" (451/29 markets, 276774 bytes)
[updater] today=2026-09-07 added starline=0 jackpot=0 liveMarkets=57
publish-url: unchanged https://controversy-marriage-jewellery-puzzles.trycloudflare.com
auto-push failed: To https://github.com/rm3013760-bit/matka-site.git
[live] api board failed: API board HTTP 403 (falling back to sara567 scrape)
[live] milan-morning failed: The operation was aborted due to timeout
[live] kamal-day failed: The operation was aborted due to timeout
[live] sara567 fallback: 79/29 markets
[live] wrote "live_results.json" (79/29 markets, 273713 bytes)
[updater] today=2026-09-07 added starline=0 jackpot=0 liveMarkets=57
publish-url: unchanged https://controversy-marriage-jewellery-puzzles.trycloudflare.com
auto-push failed: To https://github.com/rm3013760-bit/matka-site.git
[live] api board failed: API board HTTP 403 (falling back to sara567 scrape)
[live] sara567 fallback: 387/29 markets
[live] wrote "live_results.json" (387/29 markets, 276774 bytes)
[updater] today=2026-09-07 added starline=0 jackpot=0 liveMarkets=57
publish-url: unchanged https://controversy-marriage-jewellery-puzzles.trycloudflare.com
auto-push failed: To https://github.com/rm3013760-bit/matka-site.git
11:28:56 tunnel: new url https://stunning-sampling-catherine-indexed.trycloudflare.com (published)
11:28:56 tunnel: public check failed, backing off 10min
[live] api board failed: API board HTTP 403 (falling back to sara567 scrape)
[live] sara567 fallback: 442/29 markets
[live] wrote "live_results.json" (442/29 markets, 276774 bytes)
[updater] today=2026-09-07 added starline=0 jackpot=1 liveMarkets=57
publish-url: unchanged https://stunning-sampling-catherine-indexed.trycloudflare.com
auto-push failed: To https://github.com/rm3013760-bit/matka-site.git
[live] api board failed: API board HTTP 403 (falling back to sara567 scrape)
[live] sara567 fallback: 465/29 markets
[live] wrote "live_results.json" (465/29 markets, 276837 bytes)
[updater] today=2026-09-07 added starline=0 jackpot=0 liveMarkets=57
publish-url: unchanged https://stunning-sampling-catherine-indexed.trycloudflare.com
auto-push failed: To https://github.com/rm3013760-bit/matka-site.git
[live] api board failed: API board HTTP 403 (falling back to sara567 scrape)
[live] sara567 fallback: 435/29 markets
[live] wrote "live_results.json" (435/29 markets, 276837 bytes)
[updater] today=2026-09-07 added starline=0 jackpot=0 liveMarkets=57
publish-url: unchanged https://stunning-sampling-catherine-indexed.trycloudflare.com
auto-push failed: To https://github.com/rm3013760-bit/matka-site.git
11:39:03 tunnel: new url https://increasingly-behaviour-sie-adapted.trycloudflare.com (published)
11:39:03 tunnel: public check failed, backing off 10min
[live] api board failed: API board HTTP 403 (falling back to sara567 scrape)
[live] sara567 fallback: 459/29 markets
[live] wrote "live_results.json" (459/29 markets, 276837 bytes)
[updater] today=2026-09-07 added starline=0 jackpot=0 liveMarkets=57
publish-url: unchanged https://increasingly-behaviour-sie-adapted.trycloudflare.com
auto-push failed: To https://github.com/rm3013760-bit/matka-site.git
[live] api board failed: API board HTTP 403 (falling back to sara567 scrape)
[live] sara567 fallback: 551/29 markets
[live] wrote "live_results.json" (551/29 markets, 276837 bytes)
[updater] today=2026-09-07 added starline=0 jackpot=0 liveMarkets=57
publish-url: unchanged https://increasingly-behaviour-sie-adapted.trycloudflare.com
auto-push failed: To https://github.com/rm3013760-bit/matka-site.git
[live] api board failed: API board HTTP 403 (falling back to sara567 scrape)
[live] sara567 fallback: 605/29 markets
[live] wrote "live_results.json" (605/29 markets, 276837 bytes)
[updater] today=2026-09-07 added starline=0 jackpot=0 liveMarkets=57
publish-url: unchanged https://increasingly-behaviour-sie-adapted.trycloudflare.com
auto-push failed: To https://github.com/rm3013760-bit/matka-site.git
[live] api board failed: API board HTTP 403 (falling back to sara567 scrape)
[live] sara567 fallback: 574/29 markets
[live] wrote "live_results.json" (574/29 markets, 276956 bytes)
[updater] today=2026-09-07 added starline=0 jackpot=0 liveMarkets=57
publish-url: unchanged https://increasingly-behaviour-sie-adapted.trycloudflare.com
auto-push failed: To https://github.com/rm3013760-bit/matka-site.git
11:49:09 tunnel: new url https://equation-boutique-wellness-spot.trycloudflare.com (published)
11:49:10 tunnel: public check failed, backing off 10min
[live] api board failed: API board HTTP 403 (falling back to sara567 scrape)
[live] sara567 fallback: 455/29 markets
[live] wrote "live_results.json" (455/29 markets, 276956 bytes)
[updater] today=2026-09-07 added starline=0 jackpot=0 liveMarkets=57
publish-url: unchanged https://equation-boutique-wellness-spot.trycloudflare.com
auto-push failed: To https://github.com/rm3013760-bit/matka-site.git
[live] api board failed: API board HTTP 403 (falling back to sara567 scrape)
[live] sara567 fallback: 537/29 markets
[live] wrote "live_results.json" (537/29 markets, 277075 bytes)
[updater] today=2026-09-07 added starline=0 jackpot=0 liveMarkets=57
publish-url: unchanged https://equation-boutique-wellness-spot.trycloudflare.com
auto-push failed: To https://github.com/rm3013760-bit/matka-site.git
[live] api board failed: API board HTTP 403 (falling back to sara567 scrape)
[live] sara567 fallback: 456/29 markets
[live] wrote "live_results.json" (456/29 markets, 277075 bytes)
[updater] today=2026-09-07 added starline=0 jackpot=0 liveMarkets=57
publish-url: unchanged https://equation-boutique-wellness-spot.trycloudflare.com
auto-push failed: To https://github.com/rm3013760-bit/matka-site.git
11:59:17 tunnel: new url https://encoding-suite-licenses-described.trycloudflare.com (published)
11:59:17 tunnel: public check failed, backing off 10min
[live] api board failed: API board HTTP 403 (falling back to sara567 scrape)
[live] sara567 fallback: 460/29 markets
[live] wrote "live_results.json" (460/29 markets, 277075 bytes)
[updater] today=2026-09-07 added starline=1 jackpot=0 liveMarkets=57
publish-url: unchanged https://encoding-suite-licenses-described.trycloudflare.com
auto-push failed: To https://github.com/rm3013760-bit/matka-site.git
[live] api board failed: API board HTTP 403 (falling back to sara567 scrape)
[live] sara567 fallback: 463/29 markets
[live] wrote "live_results.json" (463/29 markets, 277151 bytes)
[updater] today=2026-09-07 added starline=0 jackpot=0 liveMarkets=57
publish-url: unchanged https://encoding-suite-licenses-described.trycloudflare.com
auto-push failed: To https://github.com/rm3013760-bit/matka-site.git
[live] api board failed: API board HTTP 403 (falling back to sara567 scrape)
[live] sara567 fallback: 639/29 markets
[live] wrote "live_results.json" (639/29 markets, 277151 bytes)
[updater] today=2026-09-07 added starline=0 jackpot=0 liveMarkets=57
publish-url: unchanged https://encoding-suite-licenses-described.trycloudflare.com
auto-push failed: To https://github.com/rm3013760-bit/matka-site.git
12:09:24 tunnel: new url https://cafe-quickly-lady-ratios.trycloudflare.com (published)
12:09:24 tunnel: public check failed, backing off 10min
[live] api board failed: API board HTTP 403 (falling back to sara567 scrape)
[live] sara567 fallback: 455/29 markets
[live] wrote "live_results.json" (455/29 markets, 277151 bytes)
[updater] today=2026-09-07 added starline=0 jackpot=0 liveMarkets=57
publish-url: unchanged https://cafe-quickly-lady-ratios.trycloudflare.com
auto-push failed: To https://github.com/rm3013760-bit/matka-site.git
[live] api board failed: API board HTTP 403 (falling back to sara567 scrape)
[live] sara567 fallback: 537/29 markets
[live] wrote "live_results.json" (537/29 markets, 277151 bytes)
[updater] today=2026-09-07 added starline=0 jackpot=0 liveMarkets=57
publish-url: unchanged https://cafe-quickly-lady-ratios.trycloudflare.com
auto-push failed: To https://github.com/rm3013760-bit/matka-site.git
[live] api board failed: API board HTTP 403 (falling back to sara567 scrape)
[live] sara567 fallback: 351/29 markets
[live] wrote "live_results.json" (351/29 markets, 277151 bytes)
[updater] today=2026-09-07 added starline=0 jackpot=0 liveMarkets=57
publish-url: unchanged https://cafe-quickly-lady-ratios.trycloudflare.com
auto-push failed: To https://github.com/rm3013760-bit/matka-site.git
12:19:33 tunnel: new url https://jazz-slight-displays-translations.trycloudflare.com (published)
12:19:33 tunnel: public check failed, backing off 10min
[live] api board failed: API board HTTP 403 (falling back to sara567 scrape)
[live] sara567 fallback: 636/29 markets
[live] wrote "live_results.json" (636/29 markets, 277151 bytes)
[updater] today=2026-09-07 added starline=0 jackpot=0 liveMarkets=57
publish-url: unchanged https://jazz-slight-displays-translations.trycloudflare.com
auto-push failed: To https://github.com/rm3013760-bit/matka-site.git
[live] api board failed: API board HTTP 403 (falling back to sara567 scrape)
[live] sara567 fallback: 530/29 markets
[live] wrote "live_results.json" (530/29 markets, 277151 bytes)
[updater] today=2026-09-07 added starline=0 jackpot=0 liveMarkets=57
publish-url: unchanged https://jazz-slight-displays-translations.trycloudflare.com
auto-push failed: To https://github.com/rm3013760-bit/matka-site.git
[live] api board failed: API board HTTP 403 (falling back to sara567 scrape)
[live] sara567 fallback: 520/29 markets
[live] wrote "live_results.json" (520/29 markets, 277151 bytes)
[updater] today=2026-09-07 added starline=0 jackpot=0 liveMarkets=57
publish-url: unchanged https://jazz-slight-displays-translations.trycloudflare.com
auto-push failed: To https://github.com/rm3013760-bit/matka-site.git
12:29:41 tunnel: new url https://bbs-occupied-wayne-arrangement.trycloudflare.com (published)
12:29:42 tunnel: public check failed, backing off 10min
[live] api board failed: API board HTTP 403 (falling back to sara567 scrape)
[live] sara567 fallback: 533/29 markets
[live] wrote "live_results.json" (533/29 markets, 277151 bytes)
[updater] today=2026-09-07 added starline=0 jackpot=0 liveMarkets=57
publish-url: unchanged https://bbs-occupied-wayne-arrangement.trycloudflare.com
auto-push failed: To https://github.com/rm3013760-bit/matka-site.git
[live] api board failed: API board HTTP 403 (falling back to sara567 scrape)
[live] sara567 fallback: 596/29 markets
[live] wrote "live_results.json" (596/29 markets, 277151 bytes)
[updater] today=2026-09-07 added starline=0 jackpot=1 liveMarkets=57
publish-url: unchanged https://bbs-occupied-wayne-arrangement.trycloudflare.com
auto-push failed: To https://github.com/rm3013760-bit/matka-site.git
[live] api board failed: API board HTTP 403 (falling back to sara567 scrape)
[live] sara567 fallback: 474/29 markets
[live] wrote "live_results.json" (474/29 markets, 277214 bytes)
[updater] today=2026-09-07 added starline=0 jackpot=0 liveMarkets=57
publish-url: unchanged https://bbs-occupied-wayne-arrangement.trycloudflare.com
auto-push failed: To https://github.com/rm3013760-bit/matka-site.git
[live] api board failed: API board HTTP 403 (falling back to sara567 scrape)
[live] sara567 fallback: 390/29 markets
[live] wrote "live_results.json" (390/29 markets, 277214 bytes)
[updater] today=2026-09-07 added starline=0 jackpot=0 liveMarkets=57
publish-url: unchanged https://bbs-occupied-wayne-arrangement.trycloudflare.com
auto-push failed: To https://github.com/rm3013760-bit/matka-site.git
12:39:48 tunnel: new url https://own-radar-cent-knights.trycloudflare.com (published)
12:39:49 tunnel: public check failed, backing off 10min
[live] api board failed: API board HTTP 403 (falling back to sara567 scrape)
[live] sara567 fallback: 539/29 markets
[live] wrote "live_results.json" (539/29 markets, 277214 bytes)
[updater] today=2026-09-07 added starline=0 jackpot=0 liveMarkets=57
publish-url: unchanged https://own-radar-cent-knights.trycloudflare.com
auto-push failed: To https://github.com/rm3013760-bit/matka-site.git
[live] api board failed: API board HTTP 403 (falling back to sara567 scrape)
[live] sara567 fallback: 369/29 markets
[live] wrote "live_results.json" (369/29 markets, 277333 bytes)
[updater] today=2026-09-07 added starline=0 jackpot=0 liveMarkets=57
publish-url: unchanged https://own-radar-cent-knights.trycloudflare.com
auto-push failed: To https://github.com/rm3013760-bit/matka-site.git
[live] api board failed: API board HTTP 403 (falling back to sara567 scrape)
[live] sara567 fallback: 518/29 markets
[live] wrote "live_results.json" (518/29 markets, 277333 bytes)
[updater] today=2026-09-07 added starline=0 jackpot=0 liveMarkets=57
publish-url: unchanged https://own-radar-cent-knights.trycloudflare.com
auto-push failed: To https://github.com/rm3013760-bit/matka-site.git
12:49:55 tunnel: new url https://generation-miscellaneous-jackson-dangerous.trycloudflare.com (published)
12:49:55 tunnel: public check failed, backing off 10min
[live] api board failed: API board HTTP 403 (falling back to sara567 scrape)
[live] sara567 fallback: 452/29 markets
[live] wrote "live_results.json" (452/29 markets, 277333 bytes)
[updater] today=2026-09-07 added starline=0 jackpot=0 liveMarkets=57
publish-url: unchanged https://generation-miscellaneous-jackson-dangerous.trycloudflare.com
auto-push failed: To https://github.com/rm3013760-bit/matka-site.git
[live] api board failed: API board HTTP 403 (falling back to sara567 scrape)
[live] sara567 fallback: 548/29 markets
[live] wrote "live_results.json" (548/29 markets, 277333 bytes)
[updater] today=2026-09-07 added starline=0 jackpot=0 liveMarkets=57
publish-url: unchanged https://generation-miscellaneous-jackson-dangerous.trycloudflare.com
auto-push failed: To https://github.com/rm3013760-bit/matka-site.git
[live] api board failed: API board HTTP 403 (falling back to sara567 scrape)
[live] sara567 fallback: 403/29 markets
[live] wrote "live_results.json" (403/29 markets, 277333 bytes)
[updater] today=2026-09-07 added starline=0 jackpot=0 liveMarkets=57
publish-url: unchanged https://generation-miscellaneous-jackson-dangerous.trycloudflare.com
auto-push failed: To https://github.com/rm3013760-bit/matka-site.git
13:00:06 tunnel: new url https://ourselves-fine-bell-architectural.trycloudflare.com (published)
13:00:06 tunnel: public check failed, backing off 10min
[live] api board failed: API board HTTP 403 (falling back to sara567 scrape)
[live] sara567 fallback: 541/29 markets
[live] wrote "live_results.json" (541/29 markets, 277452 bytes)
[updater] today=2026-09-07 added starline=1 jackpot=0 liveMarkets=57
publish-url: unchanged https://ourselves-fine-bell-architectural.trycloudflare.com
auto-push failed: To https://github.com/rm3013760-bit/matka-site.git
[live] api board failed: API board HTTP 403 (falling back to sara567 scrape)
[live] sara567 fallback: 478/29 markets
[live] wrote "live_results.json" (478/29 markets, 277528 bytes)
[updater] today=2026-09-07 added starline=0 jackpot=0 liveMarkets=57
publish-url: unchanged https://ourselves-fine-bell-architectural.trycloudflare.com
auto-push failed: To https://github.com/rm3013760-bit/matka-site.git
[live] api board failed: API board HTTP 403 (falling back to sara567 scrape)
[live] sara567 fallback: 535/29 markets
[live] wrote "live_results.json" (535/29 markets, 277528 bytes)
[updater] today=2026-09-07 added starline=0 jackpot=0 liveMarkets=57
publish-url: unchanged https://ourselves-fine-bell-architectural.trycloudflare.com
auto-push failed: To https://github.com/rm3013760-bit/matka-site.git
13:10:19 tunnel: new url https://aug-gadgets-glenn-tracking.trycloudflare.com (published)
[live] api board failed: API board HTTP 403 (falling back to sara567 scrape)
[live] sara567 fallback: 521/29 markets
[live] wrote "live_results.json" (521/29 markets, 277528 bytes)
[updater] today=2026-09-07 added starline=0 jackpot=0 liveMarkets=57
publish-url: unchanged https://aug-gadgets-glenn-tracking.trycloudflare.com
auto-push failed: To https://github.com/rm3013760-bit/matka-site.git
[live] api board failed: API board HTTP 403 (falling back to sara567 scrape)
[live] sara567 fallback: 630/29 markets
[live] wrote "live_results.json" (630/29 markets, 277528 bytes)
[updater] today=2026-09-07 added starline=0 jackpot=0 liveMarkets=57
publish-url: unchanged https://aug-gadgets-glenn-tracking.trycloudflare.com
auto-push failed: To https://github.com/rm3013760-bit/matka-site.git
[live] api board failed: API board HTTP 403 (falling back to sara567 scrape)
[live] sara567 fallback: 545/29 markets
[live] wrote "live_results.json" (545/29 markets, 277528 bytes)
[updater] today=2026-09-07 added starline=0 jackpot=0 liveMarkets=57
publish-url: unchanged https://aug-gadgets-glenn-tracking.trycloudflare.com
auto-push failed: To https://github.com/rm3013760-bit/matka-site.git
13:17:42 tunnel: public check failed, backing off 10min
[live] api board failed: fetch failed (falling back to sara567 scrape)
[live] sita-morning failed: fetch failed
[live] star-tara-morning failed: fetch failed
[live] milan-morning failed: fetch failed
[live] sridevi failed: fetch failed
[live] kalyan-morning failed: fetch failed
[live] sita-day failed: fetch failed
[live] star-tara-day failed: fetch failed
[live] milan-day failed: fetch failed
[live] kalyan-main failed: fetch failed
[live] sita-night failed: fetch failed
[live] sridevi-night failed: fetch failed
[live] star-tara-night failed: fetch failed
[live] milan-night failed: fetch failed
[live] kalyan-night failed: fetch failed
[live] main-bazar failed: fetch failed
[live] andhra-morning failed: fetch failed
[live] andhra-day failed: fetch failed
[live] andhra-night failed: fetch failed
[live] kamal-morning failed: fetch failed
[live] kamal-day failed: fetch failed
[live] kamal-night failed: fetch failed
[live] madhur-morning failed: fetch failed
[live] madhur-day failed: fetch failed
[live] rajdhani-day failed: fetch failed
[live] rajdhani-night failed: fetch failed
[live] supreme-day failed: fetch failed
[live] supreme-night failed: fetch failed
[live] mahadevi failed: fetch failed
[live] time-bazar failed: fetch failed
[live] sara567 fallback: 0/29 markets
[live] wrote "live_results.json" (0/29 markets, 239442 bytes)
[updater] today=2026-09-07 added starline=0 jackpot=0 liveMarkets=57
publish-url: unchanged https://aug-gadgets-glenn-tracking.trycloudflare.com
auto-push failed: To https://github.com/rm3013760-bit/matka-site.git
[live] api board: 9/29 markets from sattamatkaapi.live
[live] sara567 fallback: 0/0 markets
[live] wrote "live_results.json" (9/29 markets, 240699 bytes)
[updater] today=2026-09-07 added starline=0 jackpot=0 liveMarkets=57
publish-url: unchanged https://aug-gadgets-glenn-tracking.trycloudflare.com
auto-push failed: To https://github.com/rm3013760-bit/matka-site.git
[live] api board: 9/29 markets from sattamatkaapi.live
[live] sara567 fallback: 0/0 markets
[live] wrote "live_results.json" (9/29 markets, 240699 bytes)
[updater] today=2026-09-07 added starline=0 jackpot=0 liveMarkets=57
publish-url: unchanged https://aug-gadgets-glenn-tracking.trycloudflare.com
auto-push failed: To https://github.com/rm3013760-bit/matka-site.git
13:27:51 tunnel: new url https://mate-hood-eternal-focal.trycloudflare.com (published)
13:27:51 tunnel: public check failed, backing off 10min
[live] api board: 9/29 markets from sattamatkaapi.live
[live] sara567 fallback: 0/0 markets
[live] wrote "live_results.json" (9/29 markets, 240699 bytes)
[updater] today=2026-09-07 added starline=0 jackpot=1 liveMarkets=57
publish-url: unchanged https://mate-hood-eternal-focal.trycloudflare.com
auto-push failed: To https://github.com/rm3013760-bit/matka-site.git
[live] api board: 9/29 markets from sattamatkaapi.live
[live] sara567 fallback: 0/0 markets
[live] wrote "live_results.json" (9/29 markets, 240762 bytes)
[updater] today=2026-09-07 added starline=0 jackpot=0 liveMarkets=57
publish-url: unchanged https://mate-hood-eternal-focal.trycloudflare.com
auto-push failed: To https://github.com/rm3013760-bit/matka-site.git
[live] api board: 9/29 markets from sattamatkaapi.live
[live] sara567 fallback: 0/0 markets
[live] wrote "live_results.json" (9/29 markets, 240762 bytes)
[updater] today=2026-09-07 added starline=0 jackpot=0 liveMarkets=57
publish-url: unchanged https://mate-hood-eternal-focal.trycloudflare.com
auto-push failed: To https://github.com/rm3013760-bit/matka-site.git
13:38:00 tunnel: new url https://exhibitions-genome-might-gather.trycloudflare.com (published)
13:38:00 tunnel: public check failed, backing off 10min
[live] api board: 9/29 markets from sattamatkaapi.live
[live] sara567 fallback: 0/0 markets
[live] wrote "live_results.json" (9/29 markets, 240762 bytes)
[updater] today=2026-09-07 added starline=0 jackpot=0 liveMarkets=57
publish-url: unchanged https://exhibitions-genome-might-gather.trycloudflare.com
auto-push failed: To https://github.com/rm3013760-bit/matka-site.git
[live] api board: 9/29 markets from sattamatkaapi.live
[live] sara567 fallback: 0/0 markets
[live] wrote "live_results.json" (9/29 markets, 240762 bytes)
[updater] today=2026-09-07 added starline=0 jackpot=0 liveMarkets=57
publish-url: unchanged https://exhibitions-genome-might-gather.trycloudflare.com
auto-push failed: To https://github.com/rm3013760-bit/matka-site.git
[live] api board: 10/29 markets from sattamatkaapi.live
[live] sara567 fallback: 0/0 markets
[live] wrote "live_results.json" (10/29 markets, 240890 bytes)
[updater] today=2026-09-07 added starline=0 jackpot=0 liveMarkets=57
publish-url: unchanged https://exhibitions-genome-might-gather.trycloudflare.com
auto-push failed: To https://github.com/rm3013760-bit/matka-site.git
13:48:09 tunnel: new url https://negotiations-jurisdiction-core-opportunity.trycloudflare.com (published)
13:48:09 tunnel: public check failed, backing off 10min
[live] api board: 10/29 markets from sattamatkaapi.live
[live] sara567 fallback: 0/0 markets
[live] wrote "live_results.json" (10/29 markets, 240890 bytes)
[updater] today=2026-09-07 added starline=0 jackpot=0 liveMarkets=57
publish-url: unchanged https://negotiations-jurisdiction-core-opportunity.trycloudflare.com
auto-push failed: To https://github.com/rm3013760-bit/matka-site.git
[live] api board: 11/29 markets from sattamatkaapi.live
[live] sara567 fallback: 0/0 markets
[live] wrote "live_results.json" (11/29 markets, 241033 bytes)
[updater] today=2026-09-07 added starline=0 jackpot=0 liveMarkets=57
publish-url: unchanged https://negotiations-jurisdiction-core-opportunity.trycloudflare.com
auto-push failed: To https://github.com/rm3013760-bit/matka-site.git
[live] api board: 11/29 markets from sattamatkaapi.live
[live] sara567 fallback: 0/0 markets
[live] wrote "live_results.json" (11/29 markets, 241033 bytes)
[updater] today=2026-09-07 added starline=0 jackpot=0 liveMarkets=57
publish-url: unchanged https://negotiations-jurisdiction-core-opportunity.trycloudflare.com
auto-push failed: To https://github.com/rm3013760-bit/matka-site.git
[live] api board: 11/29 markets from sattamatkaapi.live
[live] sara567 fallback: 0/0 markets
[live] wrote "live_results.json" (11/29 markets, 241033 bytes)
[updater] today=2026-09-07 added starline=0 jackpot=0 liveMarkets=57
publish-url: unchanged https://negotiations-jurisdiction-core-opportunity.trycloudflare.com
auto-push failed: To https://github.com/rm3013760-bit/matka-site.git
13:58:18 tunnel: new url https://explore-cash-nuke-saturday.trycloudflare.com (published)
13:58:18 tunnel: public check failed, backing off 10min
[live] api board: 11/29 markets from sattamatkaapi.live
[live] sara567 fallback: 0/0 markets
[live] wrote "live_results.json" (11/29 markets, 241033 bytes)
[updater] today=2026-09-07 added starline=1 jackpot=0 liveMarkets=57
publish-url: unchanged https://explore-cash-nuke-saturday.trycloudflare.com
auto-push failed: To https://github.com/rm3013760-bit/matka-site.git
[live] api board: 11/29 markets from sattamatkaapi.live
[live] sara567 fallback: 0/0 markets
[live] wrote "live_results.json" (11/29 markets, 241109 bytes)
[updater] today=2026-09-07 added starline=0 jackpot=0 liveMarkets=57
publish-url: unchanged https://explore-cash-nuke-saturday.trycloudflare.com
auto-push failed: To https://github.com/rm3013760-bit/matka-site.git
[live] api board: 11/29 markets from sattamatkaapi.live
[live] sara567 fallback: 0/0 markets
[live] wrote "live_results.json" (11/29 markets, 241109 bytes)
[updater] today=2026-09-07 added starline=0 jackpot=0 liveMarkets=57
publish-url: unchanged https://explore-cash-nuke-saturday.trycloudflare.com
auto-push failed: To https://github.com/rm3013760-bit/matka-site.git
14:08:26 tunnel: new url https://award-acceptance-passing-refined.trycloudflare.com (published)
14:08:27 tunnel: public check failed, backing off 10min
[live] api board: 11/29 markets from sattamatkaapi.live
[live] sara567 fallback: 0/0 markets
[live] wrote "live_results.json" (11/29 markets, 241109 bytes)
[updater] today=2026-09-07 added starline=0 jackpot=0 liveMarkets=57
publish-url: unchanged https://award-acceptance-passing-refined.trycloudflare.com
auto-push failed: To https://github.com/rm3013760-bit/matka-site.git
[live] api board: 11/29 markets from sattamatkaapi.live
[live] sara567 fallback: 0/0 markets
[live] wrote "live_results.json" (11/29 markets, 241109 bytes)
[updater] today=2026-09-07 added starline=0 jackpot=0 liveMarkets=57
publish-url: unchanged https://award-acceptance-passing-refined.trycloudflare.com
auto-push failed: To https://github.com/rm3013760-bit/matka-site.git
[live] api board: 11/29 markets from sattamatkaapi.live
[live] sara567 fallback: 0/0 markets
[live] wrote "live_results.json" (11/29 markets, 241109 bytes)
[updater] today=2026-09-07 added starline=0 jackpot=0 liveMarkets=57
publish-url: unchanged https://award-acceptance-passing-refined.trycloudflare.com
auto-push failed: To https://github.com/rm3013760-bit/matka-site.git
14:18:35 tunnel: new url https://scientist-quickly-sql-jul.trycloudflare.com (published)
14:18:35 tunnel: public check failed, backing off 10min
[live] api board: 11/29 markets from sattamatkaapi.live
[live] sara567 fallback: 0/0 markets
[live] wrote "live_results.json" (11/29 markets, 241109 bytes)
[updater] today=2026-09-07 added starline=0 jackpot=0 liveMarkets=57
publish-url: unchanged https://scientist-quickly-sql-jul.trycloudflare.com
auto-push failed: To https://github.com/rm3013760-bit/matka-site.git
[live] api board: 11/29 markets from sattamatkaapi.live
[live] sara567 fallback: 0/0 markets
[live] wrote "live_results.json" (11/29 markets, 241124 bytes)
[updater] today=2026-09-07 added starline=0 jackpot=0 liveMarkets=57
publish-url: unchanged https://scientist-quickly-sql-jul.trycloudflare.com
auto-push failed: To https://github.com/rm3013760-bit/matka-site.git
[live] api board: 12/29 markets from sattamatkaapi.live
[live] sara567 fallback: 0/0 markets
[live] wrote "live_results.json" (12/29 markets, 241252 bytes)
[updater] today=2026-09-07 added starline=0 jackpot=0 liveMarkets=57
publish-url: unchanged https://scientist-quickly-sql-jul.trycloudflare.com
auto-push failed: To https://github.com/rm3013760-bit/matka-site.git
[live] api board: 12/29 markets from sattamatkaapi.live
[live] sara567 fallback: 0/0 markets
[live] wrote "live_results.json" (12/29 markets, 241252 bytes)
[updater] today=2026-09-07 added starline=0 jackpot=0 liveMarkets=57
publish-url: unchanged https://scientist-quickly-sql-jul.trycloudflare.com
auto-push failed: To https://github.com/rm3013760-bit/matka-site.git
14:28:46 tunnel: new url https://nyc-del-gibson-dennis.trycloudflare.com (published)
14:28:46 tunnel: public check failed, backing off 10min
[live] api board: 12/29 markets from sattamatkaapi.live
[live] sara567 fallback: 0/0 markets
[live] wrote "live_results.json" (12/29 markets, 241252 bytes)
[updater] today=2026-09-07 added starline=0 jackpot=1 liveMarkets=57
publish-url: unchanged https://nyc-del-gibson-dennis.trycloudflare.com
auto-push failed: To https://github.com/rm3013760-bit/matka-site.git
[live] api board: 12/29 markets from sattamatkaapi.live
[live] sara567 fallback: 0/0 markets
[live] wrote "live_results.json" (12/29 markets, 241315 bytes)
[updater] today=2026-09-07 added starline=0 jackpot=0 liveMarkets=57
publish-url: unchanged https://nyc-del-gibson-dennis.trycloudflare.com
auto-push failed: To https://github.com/rm3013760-bit/matka-site.git
[live] api board: 12/29 markets from sattamatkaapi.live
[live] sara567 fallback: 0/0 markets
[live] wrote "live_results.json" (12/29 markets, 241315 bytes)
[updater] today=2026-09-07 added starline=0 jackpot=0 liveMarkets=57
publish-url: unchanged https://nyc-del-gibson-dennis.trycloudflare.com
auto-push failed: To https://github.com/rm3013760-bit/matka-site.git
14:38:57 tunnel: new url https://databases-computer-demands-bosnia.trycloudflare.com (published)
14:38:57 tunnel: public check failed, backing off 10min
[live] api board: 12/29 markets from sattamatkaapi.live
[live] sara567 fallback: 0/0 markets
[live] wrote "live_results.json" (12/29 markets, 241315 bytes)
[updater] today=2026-09-07 added starline=0 jackpot=0 liveMarkets=57
publish-url: unchanged https://databases-computer-demands-bosnia.trycloudflare.com
auto-push failed: To https://github.com/rm3013760-bit/matka-site.git
[live] api board: 12/29 markets from sattamatkaapi.live
[live] sara567 fallback: 0/0 markets
[live] wrote "live_results.json" (12/29 markets, 241330 bytes)
[updater] today=2026-09-07 added starline=0 jackpot=0 liveMarkets=57
publish-url: unchanged https://databases-computer-demands-bosnia.trycloudflare.com
auto-push failed: To https://github.com/rm3013760-bit/matka-site.git
[live] api board: 12/29 markets from sattamatkaapi.live
[live] sara567 fallback: 0/0 markets
[live] wrote "live_results.json" (12/29 markets, 241330 bytes)
[updater] today=2026-09-07 added starline=0 jackpot=0 liveMarkets=57
publish-url: unchanged https://databases-computer-demands-bosnia.trycloudflare.com
auto-push failed: To https://github.com/rm3013760-bit/matka-site.git
14:49:06 tunnel: new url https://pharmaceutical-door-reel-registrar.trycloudflare.com (published)
14:49:06 tunnel: public check failed, backing off 10min
[live] api board: 12/29 markets from sattamatkaapi.live
[live] sara567 fallback: 0/0 markets
[live] wrote "live_results.json" (12/29 markets, 241330 bytes)
[updater] today=2026-09-07 added starline=0 jackpot=0 liveMarkets=57
publish-url: unchanged https://pharmaceutical-door-reel-registrar.trycloudflare.com
auto-push failed: To https://github.com/rm3013760-bit/matka-site.git
[live] api board: 12/29 markets from sattamatkaapi.live
[live] sara567 fallback: 0/0 markets
[live] wrote "live_results.json" (12/29 markets, 241345 bytes)
[updater] today=2026-09-07 added starline=0 jackpot=0 liveMarkets=57
publish-url: unchanged https://pharmaceutical-door-reel-registrar.trycloudflare.com
auto-push failed: To https://github.com/rm3013760-bit/matka-site.git
[live] api board: 12/29 markets from sattamatkaapi.live
[live] sara567 fallback: 0/0 markets
[live] wrote "live_results.json" (12/29 markets, 241345 bytes)
[updater] today=2026-09-07 added starline=0 jackpot=0 liveMarkets=57
publish-url: unchanged https://pharmaceutical-door-reel-registrar.trycloudflare.com
auto-push failed: To https://github.com/rm3013760-bit/matka-site.git
[live] api board: 12/29 markets from sattamatkaapi.live
[live] sara567 fallback: 0/0 markets
[live] wrote "live_results.json" (12/29 markets, 241345 bytes)
[updater] today=2026-09-07 added starline=0 jackpot=0 liveMarkets=57
publish-url: unchanged https://pharmaceutical-door-reel-registrar.trycloudflare.com
auto-push failed: To https://github.com/rm3013760-bit/matka-site.git
14:59:19 tunnel: new url https://grill-differ-reports-fish.trycloudflare.com (published)
14:59:19 tunnel: public check failed, backing off 10min
[live] api board: 12/29 markets from sattamatkaapi.live
[live] sara567 fallback: 0/0 markets
[live] wrote "live_results.json" (12/29 markets, 241345 bytes)
[updater] today=2026-09-07 added starline=1 jackpot=0 liveMarkets=57
publish-url: unchanged https://grill-differ-reports-fish.trycloudflare.com
auto-push failed: To https://github.com/rm3013760-bit/matka-site.git
[live] api board: 12/29 markets from sattamatkaapi.live
[live] sara567 fallback: 0/0 markets
[live] wrote "live_results.json" (12/29 markets, 241421 bytes)
[updater] today=2026-09-07 added starline=0 jackpot=0 liveMarkets=57
publish-url: unchanged https://grill-differ-reports-fish.trycloudflare.com
auto-push failed: To https://github.com/rm3013760-bit/matka-site.git
[live] api board: 12/29 markets from sattamatkaapi.live
[live] sara567 fallback: 0/0 markets
[live] wrote "live_results.json" (12/29 markets, 241421 bytes)
[updater] today=2026-09-07 added starline=0 jackpot=0 liveMarkets=57
publish-url: unchanged https://grill-differ-reports-fish.trycloudflare.com
auto-push failed: To https://github.com/rm3013760-bit/matka-site.git
15:09:30 tunnel: new url https://leslie-ward-prison-enb.trycloudflare.com (published)
15:09:30 tunnel: public check failed, backing off 10min
[live] api board: 12/29 markets from sattamatkaapi.live
[live] sara567 fallback: 0/0 markets
[live] wrote "live_results.json" (12/29 markets, 241421 bytes)
[updater] today=2026-09-07 added starline=0 jackpot=0 liveMarkets=57
publish-url: unchanged https://leslie-ward-prison-enb.trycloudflare.com
auto-push failed: To https://github.com/rm3013760-bit/matka-site.git
[live] api board: 12/29 markets from sattamatkaapi.live
[live] sara567 fallback: 0/0 markets
[live] wrote "live_results.json" (12/29 markets, 241421 bytes)
[updater] today=2026-09-07 added starline=0 jackpot=0 liveMarkets=57
publish-url: unchanged https://leslie-ward-prison-enb.trycloudflare.com
auto-push failed: To https://github.com/rm3013760-bit/matka-site.git
[live] api board: 12/29 markets from sattamatkaapi.live
[live] sara567 fallback: 0/0 markets
[live] wrote "live_results.json" (12/29 markets, 241421 bytes)
[updater] today=2026-09-07 added starline=0 jackpot=0 liveMarkets=57
publish-url: unchanged https://leslie-ward-prison-enb.trycloudflare.com
auto-push failed: To https://github.com/rm3013760-bit/matka-site.git
15:19:41 tunnel: new url https://technician-mutual-gzip-watches.trycloudflare.com (published)
15:19:41 tunnel: public check failed, backing off 10min
[live] api board: 13/29 markets from sattamatkaapi.live
[live] sara567 fallback: 0/0 markets
[live] wrote "live_results.json" (13/29 markets, 241549 bytes)
[updater] today=2026-09-07 added starline=0 jackpot=0 liveMarkets=57
publish-url: unchanged https://technician-mutual-gzip-watches.trycloudflare.com
auto-push failed: To https://github.com/rm3013760-bit/matka-site.git
[live] api board: 14/29 markets from sattamatkaapi.live
[live] sara567 fallback: 0/0 markets
[live] wrote "live_results.json" (14/29 markets, 241677 bytes)
[updater] today=2026-09-07 added starline=0 jackpot=0 liveMarkets=57
publish-url: unchanged https://technician-mutual-gzip-watches.trycloudflare.com
auto-push failed: To https://github.com/rm3013760-bit/matka-site.git
[live] api board: 14/29 markets from sattamatkaapi.live
[live] sara567 fallback: 0/0 markets
[live] wrote "live_results.json" (14/29 markets, 241677 bytes)
[updater] today=2026-09-07 added starline=0 jackpot=0 liveMarkets=57
publish-url: unchanged https://technician-mutual-gzip-watches.trycloudflare.com
auto-push failed: To https://github.com/rm3013760-bit/matka-site.git
[live] api board: 14/29 markets from sattamatkaapi.live
[live] sara567 fallback: 0/0 markets
[live] wrote "live_results.json" (14/29 markets, 241692 bytes)
[updater] today=2026-09-07 added starline=0 jackpot=0 liveMarkets=57
publish-url: unchanged https://technician-mutual-gzip-watches.trycloudflare.com
auto-push failed: To https://github.com/rm3013760-bit/matka-site.git
15:29:50 tunnel: new url https://anderson-shake-temporarily-oils.trycloudflare.com (published)
15:29:50 tunnel: public check failed, backing off 10min
[live] api board: 14/29 markets from sattamatkaapi.live
[live] sara567 fallback: 0/0 markets
[live] wrote "live_results.json" (14/29 markets, 241692 bytes)
[updater] today=2026-09-07 added starline=0 jackpot=1 liveMarkets=57
publish-url: unchanged https://anderson-shake-temporarily-oils.trycloudflare.com
auto-push failed: To https://github.com/rm3013760-bit/matka-site.git
[live] api board: 14/29 markets from sattamatkaapi.live
[live] sara567 fallback: 0/0 markets
[live] wrote "live_results.json" (14/29 markets, 241755 bytes)
[updater] today=2026-09-07 added starline=0 jackpot=0 liveMarkets=57
publish-url: unchanged https://anderson-shake-temporarily-oils.trycloudflare.com
auto-push failed: To https://github.com/rm3013760-bit/matka-site.git
[live] api board failed: fetch failed (falling back to sara567 scrape)
[live] sara567 fallback: 365/29 markets
[live] wrote "live_results.json" (365/29 markets, 278464 bytes)
[updater] today=2026-09-07 added starline=0 jackpot=0 liveMarkets=57
publish-url: unchanged https://anderson-shake-temporarily-oils.trycloudflare.com
auto-push failed: To https://github.com/rm3013760-bit/matka-site.git
15:40:07 tunnel: new url https://threatened-tool-advertiser-rfc.trycloudflare.com (published)
15:40:07 tunnel: public check failed, backing off 10min
[live] api board failed: fetch failed (falling back to sara567 scrape)
[live] sara567 fallback: 554/29 markets
[live] wrote "live_results.json" (554/29 markets, 278464 bytes)
[updater] today=2026-09-07 added starline=0 jackpot=0 liveMarkets=57
publish-url: unchanged https://threatened-tool-advertiser-rfc.trycloudflare.com
auto-push failed: To https://github.com/rm3013760-bit/matka-site.git
[live] api board failed: fetch failed (falling back to sara567 scrape)
[live] sara567 fallback: 462/29 markets
[live] wrote "live_results.json" (462/29 markets, 278464 bytes)
[updater] today=2026-09-07 added starline=0 jackpot=0 liveMarkets=57
publish-url: unchanged https://threatened-tool-advertiser-rfc.trycloudflare.com
auto-push failed: To https://github.com/rm3013760-bit/matka-site.git
[live] api board failed: fetch failed (falling back to sara567 scrape)
[live] sara567 fallback: 501/29 markets
[live] wrote "live_results.json" (501/29 markets, 278464 bytes)
[updater] today=2026-09-07 added starline=0 jackpot=0 liveMarkets=57
publish-url: unchanged https://threatened-tool-advertiser-rfc.trycloudflare.com
auto-push failed: To https://github.com/rm3013760-bit/matka-site.git
15:50:16 tunnel: new url https://screening-safari-expectations-compensation.trycloudflare.com (published)
15:50:17 tunnel: public check failed, backing off 10min
[live] api board failed: fetch failed (falling back to sara567 scrape)
[live] sara567 fallback: 541/29 markets
[live] wrote "live_results.json" (541/29 markets, 278464 bytes)
[updater] today=2026-09-07 added starline=0 jackpot=0 liveMarkets=57
publish-url: unchanged https://screening-safari-expectations-compensation.trycloudflare.com
auto-push failed: To https://github.com/rm3013760-bit/matka-site.git
[live] api board failed: fetch failed (falling back to sara567 scrape)
[live] sara567 fallback: 532/29 markets
[live] wrote "live_results.json" (532/29 markets, 278464 bytes)
[updater] today=2026-09-07 added starline=0 jackpot=0 liveMarkets=57
publish-url: unchanged https://screening-safari-expectations-compensation.trycloudflare.com
auto-push failed: To https://github.com/rm3013760-bit/matka-site.git
[live] api board failed: fetch failed (falling back to sara567 scrape)
[live] sara567 fallback: 370/29 markets
[live] wrote "live_results.json" (370/29 markets, 278464 bytes)
[updater] today=2026-09-07 added starline=0 jackpot=0 liveMarkets=57
publish-url: unchanged https://screening-safari-expectations-compensation.trycloudflare.com
auto-push failed: To https://github.com/rm3013760-bit/matka-site.git
16:00:25 tunnel: new url https://bought-legislature-transactions-burner.trycloudflare.com (published)
16:00:26 tunnel: public check failed, backing off 10min
[live] api board failed: fetch failed (falling back to sara567 scrape)
[live] sara567 fallback: 523/29 markets
[live] wrote "live_results.json" (523/29 markets, 278464 bytes)
[updater] today=2026-09-07 added starline=1 jackpot=0 liveMarkets=57
publish-url: unchanged https://bought-legislature-transactions-burner.trycloudflare.com
auto-push failed: To https://github.com/rm3013760-bit/matka-site.git
[live] api board failed: fetch failed (falling back to sara567 scrape)
[live] sara567 fallback: 365/29 markets
[live] wrote "live_results.json" (365/29 markets, 278540 bytes)
[updater] today=2026-09-07 added starline=0 jackpot=0 liveMarkets=57
publish-url: unchanged https://bought-legislature-transactions-burner.trycloudflare.com
auto-push failed: To https://github.com/rm3013760-bit/matka-site.git
[live] api board failed: fetch failed (falling back to sara567 scrape)
[live] sara567 fallback: 455/29 markets
[live] wrote "live_results.json" (455/29 markets, 278540 bytes)
[updater] today=2026-09-07 added starline=0 jackpot=0 liveMarkets=57
publish-url: unchanged https://bought-legislature-transactions-burner.trycloudflare.com
auto-push failed: To https://github.com/rm3013760-bit/matka-site.git
16:10:35 tunnel: new url https://weeks-backgrounds-detail-reproductive.trycloudflare.com (published)
16:10:35 tunnel: public check failed, backing off 10min
[live] api board failed: fetch failed (falling back to sara567 scrape)
[live] sara567 fallback: 365/29 markets
[live] wrote "live_results.json" (365/29 markets, 278540 bytes)
[updater] today=2026-09-07 added starline=0 jackpot=0 liveMarkets=57
publish-url: unchanged https://weeks-backgrounds-detail-reproductive.trycloudflare.com
auto-push failed: To https://github.com/rm3013760-bit/matka-site.git
[live] api board failed: fetch failed (falling back to sara567 scrape)
[live] sara567 fallback: 548/29 markets
[live] wrote "live_results.json" (548/29 markets, 278540 bytes)
[updater] today=2026-09-07 added starline=0 jackpot=0 liveMarkets=57
publish-url: unchanged https://weeks-backgrounds-detail-reproductive.trycloudflare.com
auto-push failed: To https://github.com/rm3013760-bit/matka-site.git
[live] api board failed: fetch failed (falling back to sara567 scrape)
[live] sara567 fallback: 370/29 markets
[live] wrote "live_results.json" (370/29 markets, 278540 bytes)
[updater] today=2026-09-07 added starline=0 jackpot=0 liveMarkets=57
publish-url: unchanged https://weeks-backgrounds-detail-reproductive.trycloudflare.com
auto-push failed: To https://github.com/rm3013760-bit/matka-site.git
16:20:44 tunnel: new url https://encyclopedia-food-vegetables-fifty.trycloudflare.com (published)
16:20:44 tunnel: public check failed, backing off 10min
[live] api board failed: fetch failed (falling back to sara567 scrape)
[live] sara567 fallback: 461/29 markets
[live] wrote "live_results.json" (461/29 markets, 278540 bytes)
[updater] today=2026-09-07 added starline=0 jackpot=0 liveMarkets=57
publish-url: unchanged https://encyclopedia-food-vegetables-fifty.trycloudflare.com
auto-push failed: To https://github.com/rm3013760-bit/matka-site.git
[live] api board failed: fetch failed (falling back to sara567 scrape)
[live] sara567 fallback: 476/29 markets
[live] wrote "live_results.json" (476/29 markets, 278540 bytes)
[updater] today=2026-09-07 added starline=0 jackpot=0 liveMarkets=57
publish-url: unchanged https://encyclopedia-food-vegetables-fifty.trycloudflare.com
auto-push failed: To https://github.com/rm3013760-bit/matka-site.git
[live] api board failed: fetch failed (falling back to sara567 scrape)
[live] sara567 fallback: 463/29 markets
[live] wrote "live_results.json" (463/29 markets, 278540 bytes)
[updater] today=2026-09-07 added starline=0 jackpot=0 liveMarkets=57
publish-url: unchanged https://encyclopedia-food-vegetables-fifty.trycloudflare.com
auto-push failed: To https://github.com/rm3013760-bit/matka-site.git
16:30:55 tunnel: new url https://collect-lunch-xhtml-backup.trycloudflare.com (published)
16:30:55 tunnel: public check failed, backing off 10min
[live] api board failed: fetch failed (falling back to sara567 scrape)
[live] sara567 fallback: 370/29 markets
[live] wrote "live_results.json" (370/29 markets, 278540 bytes)
[updater] today=2026-09-07 added starline=0 jackpot=1 liveMarkets=57
publish-url: unchanged https://collect-lunch-xhtml-backup.trycloudflare.com
auto-push failed: To https://github.com/rm3013760-bit/matka-site.git
[live] api board failed: fetch failed (falling back to sara567 scrape)
[live] sara567 fallback: 460/29 markets
[live] wrote "live_results.json" (460/29 markets, 278603 bytes)
[updater] today=2026-09-07 added starline=0 jackpot=0 liveMarkets=57
publish-url: unchanged https://collect-lunch-xhtml-backup.trycloudflare.com
auto-push failed: To https://github.com/rm3013760-bit/matka-site.git
[live] api board failed: fetch failed (falling back to sara567 scrape)
[live] sara567 fallback: 454/29 markets
[live] wrote "live_results.json" (454/29 markets, 278603 bytes)
[updater] today=2026-09-07 added starline=0 jackpot=0 liveMarkets=57
publish-url: unchanged https://collect-lunch-xhtml-backup.trycloudflare.com
auto-push failed: To https://github.com/rm3013760-bit/matka-site.git
[live] api board failed: fetch failed (falling back to sara567 scrape)
[live] sara567 fallback: 366/29 markets
[live] wrote "live_results.json" (366/29 markets, 278603 bytes)
[updater] today=2026-09-07 added starline=0 jackpot=0 liveMarkets=57
publish-url: unchanged https://collect-lunch-xhtml-backup.trycloudflare.com
auto-push failed: To https://github.com/rm3013760-bit/matka-site.git
16:41:04 tunnel: new url https://robust-paintings-shops-ddr.trycloudflare.com (published)
16:41:04 tunnel: public check failed, backing off 10min
[live] api board failed: fetch failed (falling back to sara567 scrape)
[live] sara567 fallback: 539/29 markets
[live] wrote "live_results.json" (539/29 markets, 278603 bytes)
[updater] today=2026-09-07 added starline=0 jackpot=0 liveMarkets=57
publish-url: unchanged https://robust-paintings-shops-ddr.trycloudflare.com
auto-push failed: To https://github.com/rm3013760-bit/matka-site.git
[live] api board failed: fetch failed (falling back to sara567 scrape)
[live] sara567 fallback: 461/29 markets
[live] wrote "live_results.json" (461/29 markets, 278603 bytes)
[updater] today=2026-09-07 added starline=0 jackpot=0 liveMarkets=57
publish-url: unchanged https://robust-paintings-shops-ddr.trycloudflare.com
auto-push failed: To https://github.com/rm3013760-bit/matka-site.git
[live] api board failed: fetch failed (falling back to sara567 scrape)
[live] sara567 fallback: 393/29 markets
[live] wrote "live_results.json" (393/29 markets, 278603 bytes)
[updater] today=2026-09-07 added starline=0 jackpot=0 liveMarkets=57
publish-url: unchanged https://robust-paintings-shops-ddr.trycloudflare.com
auto-push failed: To https://github.com/rm3013760-bit/matka-site.git
16:51:15 tunnel: new url https://bryant-abraham-thru-hotel.trycloudflare.com (published)
16:51:15 tunnel: public check failed, backing off 10min
[live] api board failed: fetch failed (falling back to sara567 scrape)
[live] sara567 fallback: 453/29 markets
[live] wrote "live_results.json" (453/29 markets, 278603 bytes)
[updater] today=2026-09-07 added starline=0 jackpot=0 liveMarkets=57
publish-url: unchanged https://bryant-abraham-thru-hotel.trycloudflare.com
auto-push failed: To https://github.com/rm3013760-bit/matka-site.git
[live] api board failed: fetch failed (falling back to sara567 scrape)
[live] sara567 fallback: 374/29 markets
[live] wrote "live_results.json" (374/29 markets, 278603 bytes)
[updater] today=2026-09-07 added starline=0 jackpot=0 liveMarkets=57
publish-url: unchanged https://bryant-abraham-thru-hotel.trycloudflare.com
auto-push failed: To https://github.com/rm3013760-bit/matka-site.git
[live] api board failed: fetch failed (falling back to sara567 scrape)
[live] sara567 fallback: 404/29 markets
[live] wrote "live_results.json" (404/29 markets, 278603 bytes)
[updater] today=2026-09-07 added starline=1 jackpot=0 liveMarkets=57
publish-url: unchanged https://bryant-abraham-thru-hotel.trycloudflare.com
auto-push failed: To https://github.com/rm3013760-bit/matka-site.git
17:01:26 tunnel: new url https://axis-athletes-dealtime-glance.trycloudflare.com (published)
17:01:27 tunnel: public check failed, backing off 10min
[live] api board failed: fetch failed (falling back to sara567 scrape)
[live] sara567 fallback: 464/29 markets
[live] wrote "live_results.json" (464/29 markets, 278679 bytes)
[updater] today=2026-09-07 added starline=0 jackpot=0 liveMarkets=57
publish-url: unchanged https://axis-athletes-dealtime-glance.trycloudflare.com
auto-push failed: To https://github.com/rm3013760-bit/matka-site.git
[live] api board failed: fetch failed (falling back to sara567 scrape)
[live] sara567 fallback: 451/29 markets
[live] wrote "live_results.json" (451/29 markets, 278679 bytes)
[updater] today=2026-09-07 added starline=0 jackpot=0 liveMarkets=57
publish-url: unchanged https://axis-athletes-dealtime-glance.trycloudflare.com
auto-push failed: To https://github.com/rm3013760-bit/matka-site.git
[live] api board failed: fetch failed (falling back to sara567 scrape)
[live] sara567 fallback: 452/29 markets
[live] wrote "live_results.json" (452/29 markets, 278679 bytes)
[updater] today=2026-09-07 added starline=0 jackpot=0 liveMarkets=57
publish-url: unchanged https://axis-athletes-dealtime-glance.trycloudflare.com
auto-push failed: To https://github.com/rm3013760-bit/matka-site.git
17:11:38 tunnel: new url https://evaluations-hanging-export-builder.trycloudflare.com (published)
17:11:38 tunnel: public check failed, backing off 10min
[live] api board failed: fetch failed (falling back to sara567 scrape)
[live] sara567 fallback: 461/29 markets
[live] wrote "live_results.json" (461/29 markets, 278679 bytes)
[updater] today=2026-09-07 added starline=0 jackpot=0 liveMarkets=57
publish-url: unchanged https://evaluations-hanging-export-builder.trycloudflare.com
auto-push failed: To https://github.com/rm3013760-bit/matka-site.git
[live] api board failed: fetch failed (falling back to sara567 scrape)
[live] sara567 fallback: 566/29 markets
[live] wrote "live_results.json" (566/29 markets, 278679 bytes)
[updater] today=2026-09-07 added starline=0 jackpot=0 liveMarkets=57
publish-url: unchanged https://evaluations-hanging-export-builder.trycloudflare.com
auto-push failed: To https://github.com/rm3013760-bit/matka-site.git
[live] api board failed: fetch failed (falling back to sara567 scrape)
[live] sara567 fallback: 429/29 markets
[live] wrote "live_results.json" (429/29 markets, 278679 bytes)
[updater] today=2026-09-07 added starline=0 jackpot=0 liveMarkets=57
publish-url: unchanged https://evaluations-hanging-export-builder.trycloudflare.com
auto-push failed: To https://github.com/rm3013760-bit/matka-site.git
17:21:47 tunnel: new url https://latex-tracking-namely-units.trycloudflare.com (published)
17:21:47 tunnel: public check failed, backing off 10min
[live] api board failed: fetch failed (falling back to sara567 scrape)
[live] sara567 fallback: 639/29 markets
[live] wrote "live_results.json" (639/29 markets, 278798 bytes)
[updater] today=2026-09-07 added starline=0 jackpot=0 liveMarkets=57
publish-url: unchanged https://latex-tracking-namely-units.trycloudflare.com
auto-push failed: To https://github.com/rm3013760-bit/matka-site.git
[live] api board failed: fetch failed (falling back to sara567 scrape)
[live] sara567 fallback: 457/29 markets
[live] wrote "live_results.json" (457/29 markets, 278798 bytes)
[updater] today=2026-09-07 added starline=0 jackpot=0 liveMarkets=57
publish-url: unchanged https://latex-tracking-namely-units.trycloudflare.com
auto-push failed: To https://github.com/rm3013760-bit/matka-site.git
[live] api board failed: fetch failed (falling back to sara567 scrape)
[live] sara567 fallback: 514/29 markets
[live] wrote "live_results.json" (514/29 markets, 278917 bytes)
[updater] today=2026-09-07 added starline=0 jackpot=1 liveMarkets=57
publish-url: unchanged https://latex-tracking-namely-units.trycloudflare.com
auto-push failed: To https://github.com/rm3013760-bit/matka-site.git
17:31:58 tunnel: new url https://appeared-dress-strand-contractors.trycloudflare.com (published)
17:31:58 tunnel: public check failed, backing off 10min
[live] api board failed: fetch failed (falling back to sara567 scrape)
[live] sara567 fallback: 610/29 markets
[live] wrote "live_results.json" (610/29 markets, 278980 bytes)
[updater] today=2026-09-07 added starline=0 jackpot=0 liveMarkets=57
publish-url: unchanged https://appeared-dress-strand-contractors.trycloudflare.com
auto-push failed: To https://github.com/rm3013760-bit/matka-site.git
[live] api board failed: fetch failed (falling back to sara567 scrape)
[live] sara567 fallback: 296/29 markets
[live] wrote "live_results.json" (296/29 markets, 278980 bytes)
[updater] today=2026-09-07 added starline=0 jackpot=0 liveMarkets=57
publish-url: unchanged https://appeared-dress-strand-contractors.trycloudflare.com
auto-push failed: To https://github.com/rm3013760-bit/matka-site.git
[live] api board failed: fetch failed (falling back to sara567 scrape)
[live] sara567 fallback: 536/29 markets
[live] wrote "live_results.json" (536/29 markets, 278980 bytes)
[updater] today=2026-09-07 added starline=0 jackpot=0 liveMarkets=57
publish-url: unchanged https://appeared-dress-strand-contractors.trycloudflare.com
auto-push failed: To https://github.com/rm3013760-bit/matka-site.git
17:42:09 tunnel: new url https://lauderdale-principles-nascar-selective.trycloudflare.com (published)
17:42:10 tunnel: public check failed, backing off 10min
[live] api board failed: fetch failed (falling back to sara567 scrape)
[live] sara567 fallback: 354/29 markets
[live] wrote "live_results.json" (354/29 markets, 279099 bytes)
[updater] today=2026-09-07 added starline=0 jackpot=0 liveMarkets=57
publish-url: unchanged https://lauderdale-principles-nascar-selective.trycloudflare.com
auto-push failed: To https://github.com/rm3013760-bit/matka-site.git
[live] api board failed: fetch failed (falling back to sara567 scrape)
[live] sara567 fallback: 467/29 markets
[live] wrote "live_results.json" (467/29 markets, 279099 bytes)
[updater] today=2026-09-07 added starline=0 jackpot=0 liveMarkets=57
publish-url: unchanged https://lauderdale-principles-nascar-selective.trycloudflare.com
auto-push failed: To https://github.com/rm3013760-bit/matka-site.git
[live] api board failed: fetch failed (falling back to sara567 scrape)
[live] sara567 fallback: 369/29 markets
[live] wrote "live_results.json" (369/29 markets, 279218 bytes)
[updater] today=2026-09-07 added starline=0 jackpot=0 liveMarkets=57
publish-url: unchanged https://lauderdale-principles-nascar-selective.trycloudflare.com
auto-push failed: To https://github.com/rm3013760-bit/matka-site.git
17:52:18 tunnel: new url https://strategies-moss-katie-directed.trycloudflare.com (published)
17:52:19 tunnel: public check failed, backing off 10min
[live] api board failed: fetch failed (falling back to sara567 scrape)
[live] sara567 fallback: 456/29 markets
[live] wrote "live_results.json" (456/29 markets, 279218 bytes)
[updater] today=2026-09-07 added starline=0 jackpot=0 liveMarkets=57
publish-url: unchanged https://strategies-moss-katie-directed.trycloudflare.com
auto-push failed: To https://github.com/rm3013760-bit/matka-site.git
[live] api board failed: fetch failed (falling back to sara567 scrape)
[live] sara567 fallback: 380/29 markets
[live] wrote "live_results.json" (380/29 markets, 279218 bytes)
[updater] today=2026-09-07 added starline=0 jackpot=0 liveMarkets=57
publish-url: unchanged https://strategies-moss-katie-directed.trycloudflare.com
auto-push failed: To https://github.com/rm3013760-bit/matka-site.git
[live] api board failed: fetch failed (falling back to sara567 scrape)
[live] sara567 fallback: 609/29 markets
[live] wrote "live_results.json" (609/29 markets, 279218 bytes)
[updater] today=2026-09-07 added starline=0 jackpot=0 liveMarkets=57
publish-url: unchanged https://strategies-moss-katie-directed.trycloudflare.com
auto-push failed: To https://github.com/rm3013760-bit/matka-site.git
18:02:29 tunnel: new url https://advice-admit-lens-input.trycloudflare.com (published)
18:02:30 tunnel: public check failed, backing off 10min
[live] api board failed: fetch failed (falling back to sara567 scrape)
[live] sara567 fallback: 452/29 markets
[live] wrote "live_results.json" (452/29 markets, 279337 bytes)
[updater] today=2026-09-07 added starline=1 jackpot=0 liveMarkets=57
publish-url: unchanged https://advice-admit-lens-input.trycloudflare.com
auto-push failed: To https://github.com/rm3013760-bit/matka-site.git
[live] api board failed: fetch failed (falling back to sara567 scrape)
[live] sara567 fallback: 536/29 markets
[live] wrote "live_results.json" (536/29 markets, 279413 bytes)
[updater] today=2026-09-07 added starline=0 jackpot=0 liveMarkets=57
publish-url: unchanged https://advice-admit-lens-input.trycloudflare.com
auto-push failed: To https://github.com/rm3013760-bit/matka-site.git
[live] api board failed: fetch failed (falling back to sara567 scrape)
[live] sara567 fallback: 476/29 markets
[live] wrote "live_results.json" (476/29 markets, 279413 bytes)
[updater] today=2026-09-07 added starline=0 jackpot=0 liveMarkets=57
publish-url: unchanged https://advice-admit-lens-input.trycloudflare.com
auto-push failed: To https://github.com/rm3013760-bit/matka-site.git
18:12:40 tunnel: new url https://raid-either-table-creations.trycloudflare.com (published)
18:12:41 tunnel: public check failed, backing off 10min
[live] api board failed: fetch failed (falling back to sara567 scrape)
[live] sara567 fallback: 496/29 markets
[live] wrote "live_results.json" (496/29 markets, 279413 bytes)
[updater] today=2026-09-07 added starline=0 jackpot=0 liveMarkets=57
publish-url: unchanged https://raid-either-table-creations.trycloudflare.com
auto-push failed: To https://github.com/rm3013760-bit/matka-site.git
18:15:15 tunnel: new url https://suggestion-handles-statistics-usd.trycloudflare.com (published)
18:15:17 tunnel: new url https://sense-exports-plastics-deleted.trycloudflare.com (published)
[live] api board failed: fetch failed (falling back to sara567 scrape)
[live] sara567 fallback: 456/29 markets
[live] wrote "live_results.json" (456/29 markets, 279413 bytes)
[updater] today=2026-09-07 added starline=0 jackpot=0 liveMarkets=57
publish-url: unchanged https://sense-exports-plastics-deleted.trycloudflare.com
auto-push failed: To https://github.com/rm3013760-bit/matka-site.git
18:16:47 tunnel: public check failed after 6 tries, restarting tunnel
18:16:48 tunnel: public check failed after 6 tries, restarting tunnel
18:17:16 tunnel: new url https://valium-somewhere-amd-dept.trycloudflare.com (published)
18:17:17 tunnel: new url https://valium-somewhere-amd-dept.trycloudflare.com (published)
18:18:46 tunnel: public check failed after 6 tries, restarting tunnel
18:18:48 tunnel: public check failed after 6 tries, restarting tunnel
18:19:17 tunnel: new url https://rose-landing-himself-reveal.trycloudflare.com (published)
18:19:17 tunnel: new url https://rose-landing-himself-reveal.trycloudflare.com (published)
18:19:17 tunnel: new url https://sensitive-bathrooms-segments-spread.trycloudflare.com (published)
[live] api board failed: fetch failed (falling back to sara567 scrape)
[live] sara567 fallback: 555/29 markets
[live] wrote "live_results.json" (555/29 markets, 279413 bytes)
[updater] today=2026-09-07 added starline=0 jackpot=0 liveMarkets=57
publish-url: unchanged https://sensitive-bathrooms-segments-spread.trycloudflare.com
auto-push failed: To https://github.com/rm3013760-bit/matka-site.git
18:20:47 tunnel: public check failed after 6 tries, restarting tunnel
18:20:47 tunnel: public check failed after 6 tries, restarting tunnel
18:21:18 tunnel: new url https://submissions-words-eagles-blogging.trycloudflare.com (published)
18:21:18 tunnel: new url https://submissions-words-eagles-blogging.trycloudflare.com (published)
[live] api board failed: fetch failed (falling back to sara567 scrape)
18:22:48 tunnel: public check failed after 6 tries, restarting tunnel
18:22:49 tunnel: public check failed after 6 tries, restarting tunnel
[live] sara567 fallback: 477/29 markets
[live] wrote "live_results.json" (477/29 markets, 279413 bytes)
[updater] today=2026-09-07 added starline=0 jackpot=0 liveMarkets=57
publish-url: unchanged https://submissions-words-eagles-blogging.trycloudflare.com
auto-push failed: To https://github.com/rm3013760-bit/matka-site.git
18:23:17 tunnel: new url https://buys-became-agrees-teams.trycloudflare.com (published)
18:23:17 tunnel: new url https://daily-provides-packing-perhaps.trycloudflare.com (published)
18:23:17 tunnel: new url https://daily-provides-packing-perhaps.trycloudflare.com (published)
18:24:47 tunnel: public check failed after 6 tries, restarting tunnel
18:24:48 tunnel: public check failed after 6 tries, restarting tunnel
18:25:17 tunnel: new url https://destination-scout-gbp-gourmet.trycloudflare.com (published)
18:25:18 tunnel: new url https://destination-scout-gbp-gourmet.trycloudflare.com (published)
[live] api board failed: fetch failed (falling back to sara567 scrape)
[live] sara567 fallback: 477/29 markets
[live] wrote "live_results.json" (477/29 markets, 279413 bytes)
[updater] today=2026-09-07 added starline=0 jackpot=0 liveMarkets=57
publish-url: unchanged https://destination-scout-gbp-gourmet.trycloudflare.com
auto-push failed: To https://github.com/rm3013760-bit/matka-site.git
18:26:48 tunnel: public check failed after 6 tries, restarting tunnel
18:26:48 tunnel: public check failed after 6 tries, restarting tunnel
18:27:16 tunnel: new url https://finishing-briefly-finest-michael.trycloudflare.com (published)
18:27:16 tunnel: new url https://finishing-briefly-finest-michael.trycloudflare.com (published)
18:28:47 tunnel: public check failed after 6 tries, restarting tunnel
18:28:47 tunnel: public check failed after 6 tries, restarting tunnel
18:29:16 tunnel: new url https://leaf-default-connect-dirt.trycloudflare.com (published)
18:29:17 tunnel: new url https://leaf-default-connect-dirt.trycloudflare.com (published)
[live] api board failed: fetch failed (falling back to sara567 scrape)
[live] sara567 fallback: 535/29 markets
[live] wrote "live_results.json" (535/29 markets, 279413 bytes)
[updater] today=2026-09-07 added starline=0 jackpot=0 liveMarkets=57
publish-url: unchanged https://leaf-default-connect-dirt.trycloudflare.com
auto-push failed: To https://github.com/rm3013760-bit/matka-site.git
18:30:47 tunnel: public check failed after 6 tries, restarting tunnel
18:30:47 tunnel: public check failed after 6 tries, restarting tunnel
18:31:15 tunnel: new url https://matters-morris-bottle-warehouse.trycloudflare.com (published)
18:31:15 tunnel: new url https://maintains-delaware-paragraph-restrictions.trycloudflare.com (published)
18:31:16 tunnel: new url https://maintains-delaware-paragraph-restrictions.trycloudflare.com (published)
[live] api board failed: fetch failed (falling back to sara567 scrape)
[live] sara567 fallback: 462/29 markets
[live] wrote "live_results.json" (462/29 markets, 279413 bytes)
[updater] today=2026-09-07 added starline=0 jackpot=1 liveMarkets=57
publish-url: unchanged https://maintains-delaware-paragraph-restrictions.trycloudflare.com
auto-push failed: To https://github.com/rm3013760-bit/matka-site.git
18:32:46 tunnel: public check failed after 6 tries, restarting tunnel
18:32:47 tunnel: public check failed after 6 tries, restarting tunnel
18:33:15 tunnel: new url https://codes-accommodation-whale-talk.trycloudflare.com (published)
18:33:17 tunnel: new url https://incentive-amenities-alignment-give.trycloudflare.com (published)
18:34:46 tunnel: public check failed after 6 tries, restarting tunnel
18:34:47 tunnel: public check failed after 6 tries, restarting tunnel
18:35:17 tunnel: new url https://synopsis-follows-ensures-replies.trycloudflare.com (published)
18:35:17 tunnel: new url https://synopsis-follows-ensures-replies.trycloudflare.com (published)
[live] api board failed: fetch failed (falling back to sara567 scrape)
[live] sara567 fallback: 440/29 markets
[live] wrote "live_results.json" (440/29 markets, 279476 bytes)
[updater] today=2026-09-07 added starline=0 jackpot=0 liveMarkets=57
publish-url: unchanged https://synopsis-follows-ensures-replies.trycloudflare.com
auto-push failed: To https://github.com/rm3013760-bit/matka-site.git
18:36:48 tunnel: public check failed after 6 tries, restarting tunnel
18:36:48 tunnel: public check failed after 6 tries, restarting tunnel
18:37:16 tunnel: new url https://emotional-ons-ace-replaced.trycloudflare.com (published)
18:37:17 tunnel: new url https://registered-represent-guests-beast.trycloudflare.com (published)
18:37:18 tunnel: new url https://registered-represent-guests-beast.trycloudflare.com (published)
18:38:48 tunnel: public check failed after 6 tries, restarting tunnel
18:38:48 tunnel: public check failed after 6 tries, restarting tunnel
[live] api board failed: fetch failed (falling back to sara567 scrape)
[live] sara567 fallback: 454/29 markets
[live] wrote "live_results.json" (454/29 markets, 279476 bytes)
[updater] today=2026-09-07 added starline=0 jackpot=0 liveMarkets=57
publish-url: unchanged https://registered-represent-guests-beast.trycloudflare.com
[live] api board failed: fetch failed (falling back to sara567 scrape)
[live] sara567 fallback: 468/29 markets
[live] wrote "live_results.json" (468/29 markets, 279714 bytes)
[updater] today=2026-09-07 added starline=0 jackpot=0 liveMarkets=57
publish-url: published https://registered-represent-guests-beast.trycloudflare.com
[live] api board failed: fetch failed (falling back to sara567 scrape)
[live] sara567 fallback: 408/29 markets
[live] wrote "live_results.json" (408/29 markets, 279714 bytes)
[updater] today=2026-09-07 added starline=0 jackpot=0 liveMarkets=57
publish-url: unchanged https://registered-represent-guests-beast.trycloudflare.com
auto-push ok 18:57
19:00:06 tunnel: public check failed after 6 tries, restarting tunnel
[live] api board failed: fetch failed (falling back to sara567 scrape)
[live] sara567 fallback: 390/29 markets
[live] wrote "live_results.json" (390/29 markets, 279714 bytes)
[updater] today=2026-09-07 added starline=1 jackpot=0 liveMarkets=57
publish-url: unchanged https://registered-represent-guests-beast.trycloudflare.com
auto-push ok 19:01
19:02:30 tunnel: public check failed after 6 tries, restarting tunnel
[live] api board failed: fetch failed (falling back to sara567 scrape)
[live] sara567 fallback: 448/29 markets
[live] wrote "live_results.json" (448/29 markets, 279790 bytes)
[updater] today=2026-09-07 added starline=0 jackpot=0 liveMarkets=57
publish-url: unchanged https://registered-represent-guests-beast.trycloudflare.com
auto-push ok 19:04
19:04:54 tunnel: public check failed after 6 tries, restarting tunnel
19:07:18 tunnel: public check failed after 6 tries, restarting tunnel
[live] api board failed: fetch failed (falling back to sara567 scrape)
[live] sara567 fallback: 455/29 markets
[live] wrote "live_results.json" (455/29 markets, 279790 bytes)
[updater] today=2026-09-07 added starline=0 jackpot=0 liveMarkets=57
publish-url: unchanged https://registered-represent-guests-beast.trycloudflare.com
auto-push ok 19:08
19:09:42 tunnel: public check failed after 6 tries, restarting tunnel
[live] api board failed: fetch failed (falling back to sara567 scrape)
[live] sara567 fallback: 455/29 markets
[live] wrote "live_results.json" (455/29 markets, 279790 bytes)
[updater] today=2026-09-07 added starline=0 jackpot=0 liveMarkets=57
publish-url: unchanged https://registered-represent-guests-beast.trycloudflare.com
auto-push ok 19:12
19:14:49 tunnel: public check failed after 6 tries, restarting tunnel
[live] api board failed: fetch failed (falling back to sara567 scrape)
[live] sara567 fallback: 375/29 markets
[live] wrote "live_results.json" (375/29 markets, 279790 bytes)
[updater] today=2026-09-07 added starline=0 jackpot=0 liveMarkets=57
publish-url: unchanged https://registered-represent-guests-beast.trycloudflare.com
auto-push ok 19:16
19:17:15 tunnel: public check failed after 6 tries, restarting tunnel
[live] api board failed: fetch failed (falling back to sara567 scrape)
[live] sara567 fallback: 459/29 markets
[live] wrote "live_results.json" (459/29 markets, 279790 bytes)
[updater] today=2026-09-07 added starline=0 jackpot=0 liveMarkets=57
publish-url: unchanged https://registered-represent-guests-beast.trycloudflare.com
auto-push ok 19:19
19:19:40 tunnel: public check failed after 6 tries, restarting tunnel
19:22:04 tunnel: public check failed after 6 tries, restarting tunnel
[live] api board failed: fetch failed (falling back to sara567 scrape)
[live] sara567 fallback: 359/29 markets
[live] wrote "live_results.json" (359/29 markets, 279790 bytes)
[updater] today=2026-09-07 added starline=0 jackpot=0 liveMarkets=57
publish-url: unchanged https://registered-represent-guests-beast.trycloudflare.com
auto-push ok 19:23
19:24:28 tunnel: public check failed after 6 tries, restarting tunnel
[live] api board failed: fetch failed (falling back to sara567 scrape)
[live] sara567 fallback: 453/29 markets
[live] wrote "live_results.json" (453/29 markets, 279790 bytes)
[updater] today=2026-09-07 added starline=0 jackpot=0 liveMarkets=57
publish-url: unchanged https://registered-represent-guests-beast.trycloudflare.com
auto-push ok 19:26
[live] api board failed: fetch failed (falling back to sara567 scrape)
[live] sara567 fallback: 479/29 markets
[live] wrote "live_results.json" (479/29 markets, 279790 bytes)
[updater] today=2026-09-07 added starline=0 jackpot=0 liveMarkets=57
publish-url: unchanged https://registered-represent-guests-beast.trycloudflare.com
auto-push ok 19:27
19:29:30 tunnel: public check failed after 6 tries, restarting tunnel
[live] api board failed: fetch failed (falling back to sara567 scrape)
[live] sara567 fallback: 438/29 markets
[live] wrote "live_results.json" (438/29 markets, 279790 bytes)
[updater] today=2026-09-07 added starline=0 jackpot=1 liveMarkets=57
publish-url: unchanged https://registered-represent-guests-beast.trycloudflare.com
auto-push ok 19:30
19:31:54 tunnel: public check failed after 6 tries, restarting tunnel
[live] api board failed: fetch failed (falling back to sara567 scrape)
[live] sara567 fallback: 535/29 markets
[live] wrote "live_results.json" (535/29 markets, 279853 bytes)
[updater] today=2026-09-07 added starline=0 jackpot=0 liveMarkets=57
publish-url: unchanged https://registered-represent-guests-beast.trycloudflare.com
auto-push ok 19:34
19:36:51 tunnel: public check failed after 6 tries, restarting tunnel
[live] api board failed: fetch failed (falling back to sara567 scrape)
[live] sara567 fallback: 469/29 markets
[live] wrote "live_results.json" (469/29 markets, 279853 bytes)
[updater] today=2026-09-07 added starline=0 jackpot=0 liveMarkets=57
publish-url: unchanged https://registered-represent-guests-beast.trycloudflare.com
auto-push ok 19:37
19:39:15 tunnel: public check failed after 6 tries, restarting tunnel
19:39:46 tunnel: new url https://leadership-canberra-western-supervision.trycloudflare.com (published)
[live] api board failed: fetch failed (falling back to sara567 scrape)
19:41:17 tunnel: public check failed after 6 tries, restarting tunnel
[live] sara567 fallback: 355/29 markets
[live] wrote "live_results.json" (355/29 markets, 279853 bytes)
[updater] today=2026-09-07 added starline=0 jackpot=0 liveMarkets=57
publish-url: unchanged https://leadership-canberra-western-supervision.trycloudflare.com
auto-push ok 19:41
19:41:48 tunnel: new url https://bulk-wells-deliver-sitting.trycloudflare.com (published)
19:43:19 tunnel: public check failed after 6 tries, restarting tunnel
19:43:50 tunnel: new url https://lid-portal-amounts-bingo.trycloudflare.com (published)
[live] api board failed: fetch failed (falling back to sara567 scrape)
[live] sara567 fallback: 538/29 markets
[live] wrote "live_results.json" (538/29 markets, 279853 bytes)
[updater] today=2026-09-07 added starline=0 jackpot=0 liveMarkets=57
publish-url: unchanged https://lid-portal-amounts-bingo.trycloudflare.com
auto-push ok 19:44
19:45:21 tunnel: public check failed after 6 tries, restarting tunnel
19:45:55 tunnel: new url https://surprising-intermediate-patio-tip.trycloudflare.com (published)
19:47:27 tunnel: public check failed after 6 tries, restarting tunnel
19:47:56 tunnel: new url https://culture-rainbow-nyc-circles.trycloudflare.com (published)
[live] api board failed: fetch failed (falling back to sara567 scrape)
[live] sara567 fallback: 455/29 markets
[live] wrote "live_results.json" (455/29 markets, 279853 bytes)
[updater] today=2026-09-07 added starline=0 jackpot=0 liveMarkets=57
publish-url: unchanged https://culture-rainbow-nyc-circles.trycloudflare.com
auto-push ok 19:48
19:49:27 tunnel: public check failed after 6 tries, restarting tunnel
19:49:55 tunnel: new url https://stands-throughout-beats-arbitrary.trycloudflare.com (published)
[live] api board failed: fetch failed (falling back to sara567 scrape)
19:51:26 tunnel: public check failed after 6 tries, restarting tunnel
[live] sara567 fallback: 344/29 markets
[live] wrote "live_results.json" (344/29 markets, 279853 bytes)
[updater] today=2026-09-07 added starline=0 jackpot=0 liveMarkets=57
publish-url: unchanged https://stands-throughout-beats-arbitrary.trycloudflare.com
auto-push ok 19:51
19:51:55 tunnel: new url https://tissue-daily-myers-increases.trycloudflare.com (published)
19:53:26 tunnel: public check failed after 6 tries, restarting tunnel
19:53:55 tunnel: new url https://website-aye-filled-configuring.trycloudflare.com (published)
[live] api board failed: fetch failed (falling back to sara567 scrape)
[live] sara567 fallback: 523/29 markets
[live] wrote "live_results.json" (523/29 markets, 279853 bytes)
[updater] today=2026-09-07 added starline=0 jackpot=0 liveMarkets=57
publish-url: unchanged https://website-aye-filled-configuring.trycloudflare.com
auto-push ok 19:54
19:55:27 tunnel: public check failed after 6 tries, restarting tunnel
19:55:58 tunnel: new url https://sand-wishing-addressed-appointed.trycloudflare.com (published)
19:57:29 tunnel: public check failed after 6 tries, restarting tunnel
19:58:00 tunnel: new url https://fitted-merchandise-commissioners-see.trycloudflare.com (published)
[live] api board failed: fetch failed (falling back to sara567 scrape)
[live] sara567 fallback: 453/29 markets
[live] wrote "live_results.json" (453/29 markets, 279972 bytes)
[updater] today=2026-09-07 added starline=0 jackpot=0 liveMarkets=57
publish-url: unchanged https://fitted-merchandise-commissioners-see.trycloudflare.com
auto-push ok 19:58
19:59:31 tunnel: public check failed after 6 tries, restarting tunnel
20:00:04 tunnel: new url https://representing-usgs-spider-shaped.trycloudflare.com (published)
[live] api board failed: fetch failed (falling back to sara567 scrape)
[live] sara567 fallback: 456/29 markets
[live] wrote "live_results.json" (456/29 markets, 279972 bytes)
[updater] today=2026-09-07 added starline=1 jackpot=0 liveMarkets=57
publish-url: unchanged https://representing-usgs-spider-shaped.trycloudflare.com
auto-push ok 20:01
20:01:35 tunnel: public check failed after 6 tries, restarting tunnel
20:02:04 tunnel: new url https://conversion-phases-decimal-mate.trycloudflare.com (published)
20:03:35 tunnel: public check failed after 6 tries, restarting tunnel
20:04:06 tunnel: new url https://conscious-laugh-interval-colleague.trycloudflare.com (published)
[live] api board failed: fetch failed (falling back to sara567 scrape)
[live] sara567 fallback: 366/29 markets
[live] wrote "live_results.json" (366/29 markets, 280048 bytes)
[updater] today=2026-09-07 added starline=0 jackpot=0 liveMarkets=57
publish-url: unchanged https://conscious-laugh-interval-colleague.trycloudflare.com
[live] api board failed: fetch failed (falling back to sara567 scrape)
[live] sara567 fallback: 471/29 markets
[live] wrote "live_results.json" (471/29 markets, 280048 bytes)
[updater] today=2026-09-07 added starline=0 jackpot=0 liveMarkets=57
publish-url: unchanged https://conscious-laugh-interval-colleague.trycloudflare.com
auto-push ok 20:13
20:14:06 tunnel: new url https://dollars-division-patients-spa.trycloudflare.com (published)
20:15:37 tunnel: public check failed after 6 tries, restarting tunnel
20:16:08 tunnel: new url https://ranging-called-usd-recall.trycloudflare.com (published)
[live] api board failed: fetch failed (falling back to sara567 scrape)
[live] sara567 fallback: 467/29 markets
[live] wrote "live_results.json" (467/29 markets, 280048 bytes)
[updater] today=2026-09-07 added starline=0 jackpot=0 liveMarkets=57
publish-url: unchanged https://ranging-called-usd-recall.trycloudflare.com
auto-push ok 20:17
20:17:39 tunnel: public check failed after 6 tries, restarting tunnel
20:18:07 tunnel: new url https://volumes-marion-unlike-acdbentity.trycloudflare.com (published)
[live] api board failed: fetch failed (falling back to sara567 scrape)
[live] sara567 fallback: 440/29 markets
[live] wrote "live_results.json" (440/29 markets, 280048 bytes)
[updater] today=2026-09-07 added starline=0 jackpot=0 liveMarkets=57
publish-url: published https://volumes-marion-unlike-acdbentity.trycloudflare.com
auto-push ok 20:19
20:20:11 tunnel: new url https://geek-quiz-build-prevention.trycloudflare.com (published)
20:21:42 tunnel: public check failed after 6 tries, restarting tunnel
20:22:10 tunnel: new url https://custom-beats-conversion-file.trycloudflare.com (published)
[live] api board failed: fetch failed (falling back to sara567 scrape)
[live] sara567 fallback: 456/29 markets
[live] wrote "live_results.json" (456/29 markets, 280048 bytes)
[updater] today=2026-09-07 added starline=0 jackpot=0 liveMarkets=57
publish-url: unchanged https://custom-beats-conversion-file.trycloudflare.com
auto-push ok 20:23
20:23:41 tunnel: public check failed after 6 tries, restarting tunnel
20:24:10 tunnel: new url https://program-expanding-epa-because.trycloudflare.com (published)
20:25:41 tunnel: public check failed after 6 tries, restarting tunnel
20:26:10 tunnel: new url https://shoe-moderators-mediterranean-resistance.trycloudflare.com (published)
[live] api board failed: fetch failed (falling back to sara567 scrape)
[live] sara567 fallback: 551/29 markets
[live] wrote "live_results.json" (551/29 markets, 280167 bytes)
[updater] today=2026-09-07 added starline=0 jackpot=0 liveMarkets=57
publish-url: unchanged https://shoe-moderators-mediterranean-resistance.trycloudflare.com
auto-push ok 20:26
20:27:40 tunnel: public check failed after 6 tries, restarting tunnel
20:28:11 tunnel: new url https://arbitrary-hill-exploration-wish.trycloudflare.com (published)
[live] api board failed: fetch failed (falling back to sara567 scrape)
[live] sara567 fallback: 465/29 markets
[live] wrote "live_results.json" (465/29 markets, 280167 bytes)
[updater] today=2026-09-07 added starline=0 jackpot=0 liveMarkets=57
publish-url: unchanged https://arbitrary-hill-exploration-wish.trycloudflare.com
[live] api board failed: fetch failed (falling back to sara567 scrape)
[live] sara567 fallback: 560/29 markets
[live] wrote "live_results.json" (560/29 markets, 280167 bytes)
[updater] today=2026-09-07 added starline=0 jackpot=1 liveMarkets=57
publish-url: published https://affiliates-argued-shame-cornwall.trycloudflare.com
auto-push ok 20:33
20:33:41 tunnel: public check failed after 6 tries, restarting tunnel
20:34:12 tunnel: new url https://direction-alias-tahoe-publishers.trycloudflare.com (published)
20:35:43 tunnel: public check failed after 6 tries, restarting tunnel
20:36:14 tunnel: new url https://press-symantec-questions-generate.trycloudflare.com (published)
[live] api board failed: fetch failed (falling back to sara567 scrape)
[live] sara567 fallback: 381/29 markets
[live] wrote "live_results.json" (381/29 markets, 280230 bytes)
[updater] today=2026-09-07 added starline=0 jackpot=0 liveMarkets=57
publish-url: unchanged https://press-symantec-questions-generate.trycloudflare.com
auto-push ok 20:36
20:37:44 tunnel: public check failed after 6 tries, restarting tunnel
20:38:05 tunnel: local server not healthy, waiting
[live] api board failed: fetch failed (falling back to sara567 scrape)
[live] sara567 fallback: 479/29 markets
[live] wrote "live_results.json" (479/29 markets, 280349 bytes)
[updater] today=2026-09-07 added starline=0 jackpot=0 liveMarkets=57
publish-url: unchanged https://press-symantec-questions-generate.trycloudflare.com
[live] api board failed: fetch failed (falling back to sara567 scrape)
[live] sara567 fallback: 455/29 markets
[live] wrote "live_results.json" (455/29 markets, 280349 bytes)
[updater] today=2026-09-07 added starline=0 jackpot=0 liveMarkets=57
publish-url: published https://art-destination-vendor-fifth.trycloudflare.com
auto-push ok 20:41
20:42:49 tunnel: public check failed after 6 tries, restarting tunnel
20:44:40 tunnel: public check failed after 6 tries, restarting tunnel
[live] api board failed: fetch failed (falling back to sara567 scrape)
[live] sara567 fallback: 439/29 markets
[live] wrote "live_results.json" (439/29 markets, 280349 bytes)
[updater] today=2026-09-07 added starline=0 jackpot=0 liveMarkets=57
publish-url: unchanged https://art-destination-vendor-fifth.trycloudflare.com
auto-push failed: To https://github.com/rm3013760-bit/matka-site.git
20:45:13 tunnel: new url https://reveal-extensions-battle-ext.trycloudflare.com (published)
20:46:43 tunnel: public check failed after 6 tries, restarting tunnel
20:47:12 tunnel: new url https://citysearch-architect-ultram-desired.trycloudflare.com (published)
[live] api board failed: fetch failed (falling back to sara567 scrape)
[live] sara567 fallback: 452/29 markets
[live] wrote "live_results.json" (452/29 markets, 280349 bytes)
[updater] today=2026-09-07 added starline=0 jackpot=0 liveMarkets=57
publish-url: unchanged https://citysearch-architect-ultram-desired.trycloudflare.com
20:52:47 tunnel: public check failed after 6 tries, restarting tunnel
20:53:07 tunnel: local server not healthy, waiting
[live] api board failed: fetch failed (falling back to sara567 scrape)
20:54:16 tunnel: new url https://lighter-usually-tough-placing.trycloudflare.com (published)
[live] sara567 fallback: 542/29 markets
[live] wrote "live_results.json" (542/29 markets, 280349 bytes)
[updater] today=2026-09-07 added starline=0 jackpot=0 liveMarkets=57
publish-url: unchanged https://lighter-usually-tough-placing.trycloudflare.com
auto-push ok 20:54
20:55:47 tunnel: public check failed after 6 tries, restarting tunnel
20:56:17 tunnel: new url https://scripting-connected-adapter-frederick.trycloudflare.com (published)
[live] api board failed: fetch failed (falling back to sara567 scrape)
[live] sara567 fallback: 464/29 markets
[live] wrote "live_results.json" (464/29 markets, 280349 bytes)
[updater] today=2026-09-07 added starline=0 jackpot=0 liveMarkets=57
publish-url: unchanged https://scripting-connected-adapter-frederick.trycloudflare.com
auto-push ok 20:57
20:57:48 tunnel: public check failed after 6 tries, restarting tunnel
20:58:17 tunnel: new url https://victorian-forgot-intensive-blonde.trycloudflare.com (published)
20:59:48 tunnel: public check failed after 6 tries, restarting tunnel
21:00:16 tunnel: new url https://katie-mistakes-thru-bracket.trycloudflare.com (published)
[live] api board failed: fetch failed (falling back to sara567 scrape)
[live] sara567 fallback: 439/29 markets
[live] wrote "live_results.json" (439/29 markets, 280349 bytes)
[updater] today=2026-09-07 added starline=1 jackpot=0 liveMarkets=57
publish-url: unchanged https://katie-mistakes-thru-bracket.trycloudflare.com
auto-push ok 21:01
21:01:47 tunnel: public check failed after 6 tries, restarting tunnel
21:02:18 tunnel: new url https://bullet-alter-psp-occasional.trycloudflare.com (published)
[live] api board failed: fetch failed (falling back to sara567 scrape)
[live] sara567 fallback: 429/29 markets
[live] wrote "live_results.json" (429/29 markets, 280425 bytes)
[updater] today=2026-09-07 added starline=0 jackpot=0 liveMarkets=57
publish-url: unchanged https://bullet-alter-psp-occasional.trycloudflare.com
auto-push ok 21:04
[live] api board failed: fetch failed (falling back to sara567 scrape)
[live] sara567 fallback: 476/29 markets
[live] wrote "live_results.json" (476/29 markets, 280425 bytes)
[updater] today=2026-09-07 added starline=0 jackpot=0 liveMarkets=57
publish-url: unchanged https://bullet-alter-psp-occasional.trycloudflare.com
auto-push ok 21:07
[live] api board failed: fetch failed (falling back to sara567 scrape)
[live] sara567 fallback: 521/29 markets
[live] wrote "live_results.json" (521/29 markets, 280425 bytes)
[updater] today=2026-09-07 added starline=0 jackpot=0 liveMarkets=57
publish-url: unchanged https://bullet-alter-psp-occasional.trycloudflare.com
21:12:58 tunnel: local server not healthy, waiting
[live] api board failed: fetch failed (falling back to sara567 scrape)
[live] sara567 fallback: 455/29 markets
[live] wrote "live_results.json" (455/29 markets, 280425 bytes)
[updater] today=2026-09-07 added starline=0 jackpot=0 liveMarkets=57
publish-url: unchanged https://bullet-alter-psp-occasional.trycloudflare.com
auto-push ok 21:13
[live] api board failed: fetch failed (falling back to sara567 scrape)
[live] sara567 fallback: 462/29 markets
[live] wrote "live_results.json" (462/29 markets, 280425 bytes)
[updater] today=2026-09-07 added starline=0 jackpot=0 liveMarkets=57
publish-url: unchanged https://bullet-alter-psp-occasional.trycloudflare.com
auto-push ok 21:16
[live] api board failed: fetch failed (falling back to sara567 scrape)
[live] sara567 fallback: 548/29 markets
[live] wrote "live_results.json" (548/29 markets, 280425 bytes)
[updater] today=2026-09-07 added starline=0 jackpot=0 liveMarkets=57
publish-url: unchanged https://bullet-alter-psp-occasional.trycloudflare.com
auto-push ok 21:20
[live] api board failed: fetch failed (falling back to sara567 scrape)
[live] sara567 fallback: 472/29 markets
[live] wrote "live_results.json" (472/29 markets, 280425 bytes)
[updater] today=2026-09-07 added starline=0 jackpot=0 liveMarkets=57
publish-url: unchanged https://bullet-alter-psp-occasional.trycloudflare.com
auto-push ok 21:23
[live] api board failed: fetch failed (falling back to sara567 scrape)
[live] sara567 fallback: 452/29 markets
[live] wrote "live_results.json" (452/29 markets, 280425 bytes)
[updater] today=2026-09-07 added starline=0 jackpot=0 liveMarkets=57
publish-url: unchanged https://bullet-alter-psp-occasional.trycloudflare.com
auto-push ok 21:27
[live] api board failed: fetch failed (falling back to sara567 scrape)
[live] sara567 fallback: 341/29 markets
[live] wrote "live_results.json" (341/29 markets, 280425 bytes)
[updater] today=2026-09-07 added starline=0 jackpot=1 liveMarkets=57
publish-url: unchanged https://bullet-alter-psp-occasional.trycloudflare.com
auto-push ok 21:30
[live] api board failed: fetch failed (falling back to sara567 scrape)
[live] sara567 fallback: 470/29 markets
[live] wrote "live_results.json" (470/29 markets, 280488 bytes)
[updater] today=2026-09-07 added starline=0 jackpot=0 liveMarkets=57
publish-url: unchanged https://bullet-alter-psp-occasional.trycloudflare.com
auto-push ok 21:34
[live] api board failed: fetch failed (falling back to sara567 scrape)
[live] sara567 fallback: 455/29 markets
[live] wrote "live_results.json" (455/29 markets, 280488 bytes)
[updater] today=2026-09-07 added starline=0 jackpot=0 liveMarkets=57
publish-url: unchanged https://bullet-alter-psp-occasional.trycloudflare.com
auto-push ok 21:37
[live] api board failed: fetch failed (falling back to sara567 scrape)
[live] sara567 fallback: 542/29 markets
[live] wrote "live_results.json" (542/29 markets, 280488 bytes)
[updater] today=2026-09-07 added starline=0 jackpot=0 liveMarkets=57
publish-url: unchanged https://bullet-alter-psp-occasional.trycloudflare.com
auto-push ok 21:40
[live] api board failed: fetch failed (falling back to sara567 scrape)
[live] sara567 fallback: 538/29 markets
[live] wrote "live_results.json" (538/29 markets, 280488 bytes)
[updater] today=2026-09-07 added starline=0 jackpot=0 liveMarkets=57
publish-url: unchanged https://bullet-alter-psp-occasional.trycloudflare.com
auto-push ok 21:44
[live] api board failed: fetch failed (falling back to sara567 scrape)
[live] sara567 fallback: 547/29 markets
[live] wrote "live_results.json" (547/29 markets, 280488 bytes)
[updater] today=2026-09-07 added starline=1 jackpot=1 liveMarkets=57
publish-url: unchanged https://bullet-alter-psp-occasional.trycloudflare.com
auto-push ok 22:45
22:46:12 tunnel: public check failed after 6 tries, restarting tunnel
22:46:41 tunnel: new url https://martin-kodak-accessed-indication.trycloudflare.com (published)
22:48:12 tunnel: public check failed after 6 tries, restarting tunnel
[live] api board failed: fetch failed (falling back to sara567 scrape)
[live] sara567 fallback: 420/29 markets
[live] wrote "live_results.json" (420/29 markets, 280627 bytes)
[updater] today=2026-09-07 added starline=0 jackpot=0 liveMarkets=57
publish-url: unchanged https://martin-kodak-accessed-indication.trycloudflare.com
auto-push ok 22:48
22:48:41 tunnel: new url https://centuries-done-blocked-myers.trycloudflare.com (published)
22:50:12 tunnel: public check failed after 6 tries, restarting tunnel
22:50:42 tunnel: new url https://col-circle-restricted-leon.trycloudflare.com (published)
[live] api board failed: fetch failed (falling back to sara567 scrape)
[live] sara567 fallback: 505/29 markets
[live] wrote "live_results.json" (505/29 markets, 280627 bytes)
[updater] today=2026-09-07 added starline=0 jackpot=0 liveMarkets=57
publish-url: unchanged https://col-circle-restricted-leon.trycloudflare.com
auto-push ok 22:51
22:52:13 tunnel: public check failed after 6 tries, restarting tunnel
22:52:44 tunnel: new url https://numeric-personals-inkjet-southwest.trycloudflare.com (published)
[live] api board failed: fetch failed (falling back to sara567 scrape)
[live] sara567 fallback: 381/29 markets
[live] wrote "live_results.json" (381/29 markets, 280627 bytes)
[updater] today=2026-09-07 added starline=0 jackpot=0 liveMarkets=57
publish-url: unchanged https://numeric-personals-inkjet-southwest.trycloudflare.com
[updater] today=2026-09-08 added starline=0 jackpot=0 liveMarkets=57
[updater] today=2026-09-08 added starline=0 jackpot=0 liveMarkets=57
[updater] today=2026-09-08 added starline=0 jackpot=0 liveMarkets=57
[updater] today=2026-09-08 added starline=0 jackpot=0 liveMarkets=57
[updater] today=2026-09-08 added starline=0 jackpot=0 liveMarkets=57
[updater] today=2026-09-08 added starline=0 jackpot=0 liveMarkets=57
[updater] today=2026-09-08 added starline=0 jackpot=0 liveMarkets=57
[updater] today=2026-09-08 added starline=0 jackpot=0 liveMarkets=57
[updater] today=2026-09-08 added starline=0 jackpot=0 liveMarkets=57
[updater] today=2026-09-08 added starline=0 jackpot=0 liveMarkets=57
[updater] today=2026-09-08 added starline=0 jackpot=0 liveMarkets=57
[updater] today=2026-09-08 added starline=0 jackpot=0 liveMarkets=57
[updater] today=2026-09-08 added starline=0 jackpot=0 liveMarkets=57
[updater] today=2026-09-08 added starline=0 jackpot=0 liveMarkets=57
[updater] today=2026-09-08 added starline=0 jackpot=0 liveMarkets=57
[updater] today=2026-09-08 added starline=0 jackpot=0 liveMarkets=57
[updater] today=2026-09-08 added starline=0 jackpot=0 liveMarkets=57
[updater] today=2026-09-08 added starline=0 jackpot=0 liveMarkets=57
[updater] today=2026-09-08 added starline=0 jackpot=0 liveMarkets=57
[updater] today=2026-09-08 added starline=0 jackpot=0 liveMarkets=57
[updater] today=2026-09-08 added starline=0 jackpot=0 liveMarkets=57
[updater] today=2026-09-08 added starline=0 jackpot=0 liveMarkets=57
[updater] today=2026-09-08 added starline=0 jackpot=0 liveMarkets=57
[updater] today=2026-09-08 added starline=0 jackpot=0 liveMarkets=57
[updater] today=2026-09-08 added starline=0 jackpot=0 liveMarkets=57
[updater] today=2026-09-08 added starline=0 jackpot=0 liveMarkets=57
[updater] today=2026-09-08 added starline=0 jackpot=0 liveMarkets=57
[updater] today=2026-09-08 added starline=0 jackpot=0 liveMarkets=57
[updater] today=2026-09-08 added starline=0 jackpot=0 liveMarkets=57
[updater] today=2026-09-08 added starline=0 jackpot=0 liveMarkets=57
[updater] today=2026-09-08 added starline=0 jackpot=0 liveMarkets=57
[updater] today=2026-09-08 added starline=0 jackpot=0 liveMarkets=57
[updater] today=2026-09-08 added starline=0 jackpot=0 liveMarkets=57
[updater] today=2026-09-08 added starline=0 jackpot=0 liveMarkets=57
[updater] today=2026-09-08 added starline=0 jackpot=0 liveMarkets=57
[updater] today=2026-09-08 added starline=0 jackpot=0 liveMarkets=57
[updater] today=2026-09-08 added starline=0 jackpot=0 liveMarkets=57
[updater] today=2026-09-08 added starline=0 jackpot=0 liveMarkets=57
[updater] today=2026-09-08 added starline=0 jackpot=0 liveMarkets=57
[updater] today=2026-09-08 added starline=0 jackpot=0 liveMarkets=57
[updater] today=2026-09-08 added starline=0 jackpot=0 liveMarkets=57
[updater] today=2026-09-08 added starline=1 jackpot=0 liveMarkets=57
[updater] today=2026-09-08 added starline=0 jackpot=0 liveMarkets=57
[updater] today=2026-09-08 added starline=0 jackpot=0 liveMarkets=57
[updater] today=2026-09-08 added starline=0 jackpot=1 liveMarkets=57
[updater] today=2026-09-08 added starline=0 jackpot=0 liveMarkets=57
[updater] today=2026-09-08 added starline=0 jackpot=0 liveMarkets=57
[updater] today=2026-09-08 added starline=0 jackpot=0 liveMarkets=57
[updater] today=2026-09-08 added starline=0 jackpot=0 liveMarkets=57
[updater] today=2026-09-08 added starline=0 jackpot=0 liveMarkets=57
[updater] today=2026-09-08 added starline=0 jackpot=0 liveMarkets=57
[updater] today=2026-09-08 added starline=0 jackpot=0 liveMarkets=57
[updater] today=2026-09-08 added starline=0 jackpot=0 liveMarkets=57
[updater] today=2026-09-08 added starline=0 jackpot=0 liveMarkets=57
[updater] today=2026-09-08 added starline=0 jackpot=0 liveMarkets=57
[updater] today=2026-09-08 added starline=0 jackpot=0 liveMarkets=57
[updater] today=2026-09-08 added starline=0 jackpot=0 liveMarkets=57
[updater] today=2026-09-08 added starline=0 jackpot=0 liveMarkets=57
[updater] today=2026-09-08 added starline=0 jackpot=0 liveMarkets=57
[updater] today=2026-09-08 added starline=0 jackpot=0 liveMarkets=57
[updater] today=2026-09-08 added starline=0 jackpot=0 liveMarkets=57
[updater] today=2026-09-08 added starline=0 jackpot=0 liveMarkets=57
[updater] today=2026-09-08 added starline=0 jackpot=0 liveMarkets=57
[updater] today=2026-09-08 added starline=0 jackpot=0 liveMarkets=57
[updater] today=2026-09-08 added starline=0 jackpot=0 liveMarkets=57
[updater] today=2026-09-08 added starline=0 jackpot=0 liveMarkets=57
[updater] today=2026-09-08 added starline=0 jackpot=0 liveMarkets=57
[updater] today=2026-09-08 added starline=0 jackpot=0 liveMarkets=57
[updater] today=2026-09-08 added starline=0 jackpot=0 liveMarkets=57
[updater] today=2026-09-08 added starline=0 jackpot=0 liveMarkets=57
[updater] today=2026-09-08 added starline=0 jackpot=0 liveMarkets=57
[updater] today=2026-09-08 added starline=0 jackpot=0 liveMarkets=57
[updater] today=2026-09-08 added starline=0 jackpot=0 liveMarkets=57
[updater] today=2026-09-08 added starline=0 jackpot=0 liveMarkets=57
[updater] today=2026-09-08 added starline=0 jackpot=0 liveMarkets=57
[updater] today=2026-09-08 added starline=0 jackpot=0 liveMarkets=57
[updater] today=2026-09-08 added starline=0 jackpot=0 liveMarkets=57
[updater] today=2026-09-08 added starline=0 jackpot=0 liveMarkets=57
[updater] today=2026-09-08 added starline=0 jackpot=0 liveMarkets=57
[updater] today=2026-09-08 added starline=1 jackpot=0 liveMarkets=57
[updater] today=2026-09-08 added starline=0 jackpot=0 liveMarkets=57
[updater] today=2026-09-08 added starline=0 jackpot=0 liveMarkets=57
[updater] today=2026-09-08 added starline=0 jackpot=0 liveMarkets=57
[updater] today=2026-09-08 added starline=0 jackpot=0 liveMarkets=57
[updater] today=2026-09-08 added starline=0 jackpot=0 liveMarkets=57
[updater] today=2026-09-08 added starline=0 jackpot=0 liveMarkets=57
[updater] today=2026-09-08 added starline=0 jackpot=0 liveMarkets=57
[updater] today=2026-09-08 added starline=0 jackpot=0 liveMarkets=57
[updater] today=2026-09-08 added starline=0 jackpot=0 liveMarkets=57
[updater] today=2026-09-08 added starline=0 jackpot=0 liveMarkets=57
[updater] today=2026-09-08 added starline=0 jackpot=0 liveMarkets=57
[updater] today=2026-09-08 added starline=0 jackpot=0 liveMarkets=57
[updater] today=2026-09-08 added starline=0 jackpot=0 liveMarkets=57
[updater] today=2026-09-08 added starline=0 jackpot=0 liveMarkets=57
[updater] today=2026-09-08 added starline=0 jackpot=0 liveMarkets=57
[updater] today=2026-09-08 added starline=0 jackpot=0 liveMarkets=57
[updater] today=2026-09-08 added starline=0 jackpot=0 liveMarkets=57
[updater] today=2026-09-08 added starline=0 jackpot=0 liveMarkets=57
[updater] today=2026-09-08 added starline=0 jackpot=0 liveMarkets=57
[updater] today=2026-09-08 added starline=0 jackpot=0 liveMarkets=57
[updater] today=2026-09-08 added starline=0 jackpot=0 liveMarkets=57
[updater] today=2026-09-08 added starline=0 jackpot=0 liveMarkets=57
[updater] today=2026-09-08 added starline=0 jackpot=0 liveMarkets=57
[updater] today=2026-09-08 added starline=0 jackpot=0 liveMarkets=57
[updater] today=2026-09-08 added starline=0 jackpot=0 liveMarkets=57
[updater] today=2026-09-08 added starline=0 jackpot=0 liveMarkets=57
[updater] today=2026-09-08 added starline=0 jackpot=0 liveMarkets=57
[updater] today=2026-09-08 added starline=0 jackpot=0 liveMarkets=57
[updater] today=2026-09-08 added starline=0 jackpot=0 liveMarkets=57
[updater] today=2026-09-08 added starline=0 jackpot=0 liveMarkets=57
[updater] today=2026-09-08 added starline=0 jackpot=0 liveMarkets=57
[updater] today=2026-09-08 added starline=0 jackpot=0 liveMarkets=57
[updater] today=2026-09-08 added starline=0 jackpot=0 liveMarkets=57
[updater] today=2026-09-08 added starline=0 jackpot=0 liveMarkets=57
[updater] today=2026-09-08 added starline=0 jackpot=0 liveMarkets=57
[updater] today=2026-09-08 added starline=0 jackpot=0 liveMarkets=57
[updater] today=2026-09-08 added starline=0 jackpot=0 liveMarkets=57
[updater] today=2026-09-08 added starline=0 jackpot=0 liveMarkets=57
[updater] today=2026-09-08 added starline=0 jackpot=0 liveMarkets=57
[updater] today=2026-09-08 added starline=0 jackpot=0 liveMarkets=57
[updater] today=2026-09-08 added starline=0 jackpot=0 liveMarkets=57
[updater] today=2026-09-08 added starline=0 jackpot=0 liveMarkets=57
[updater] today=2026-09-08 added starline=0 jackpot=0 liveMarkets=57
[updater] today=2026-09-08 added starline=0 jackpot=0 liveMarkets=57
[updater] today=2026-09-08 added starline=0 jackpot=0 liveMarkets=57
[updater] today=2026-09-08 added starline=0 jackpot=0 liveMarkets=57
[updater] today=2026-09-08 added starline=0 jackpot=0 liveMarkets=57
[updater] today=2026-09-08 added starline=0 jackpot=0 liveMarkets=57
[updater] today=2026-09-08 added starline=0 jackpot=0 liveMarkets=57
[updater] today=2026-09-08 added starline=0 jackpot=0 liveMarkets=57
[updater] today=2026-09-08 added starline=0 jackpot=0 liveMarkets=57
[updater] today=2026-09-08 added starline=0 jackpot=0 liveMarkets=57
[updater] today=2026-09-08 added starline=0 jackpot=0 liveMarkets=57
[updater] today=2026-09-08 added starline=0 jackpot=0 liveMarkets=57
[updater] today=2026-09-08 added starline=0 jackpot=1 liveMarkets=57
[updater] today=2026-09-08 added starline=0 jackpot=0 liveMarkets=57
[updater] today=2026-09-08 added starline=0 jackpot=0 liveMarkets=57
[updater] today=2026-09-08 added starline=0 jackpot=0 liveMarkets=57
[updater] today=2026-09-08 added starline=0 jackpot=0 liveMarkets=57
[updater] today=2026-09-08 added starline=0 jackpot=0 liveMarkets=57
[updater] today=2026-09-08 added starline=0 jackpot=0 liveMarkets=57
[updater] today=2026-09-08 added starline=0 jackpot=0 liveMarkets=57
[updater] today=2026-09-08 added starline=0 jackpot=0 liveMarkets=57
[updater] today=2026-09-08 added starline=0 jackpot=0 liveMarkets=57
[updater] today=2026-09-08 added starline=0 jackpot=0 liveMarkets=57
[updater] today=2026-09-08 added starline=0 jackpot=0 liveMarkets=57
[updater] today=2026-09-08 added starline=0 jackpot=0 liveMarkets=57
[updater] today=2026-09-08 added starline=0 jackpot=0 liveMarkets=57
[updater] today=2026-09-08 added starline=0 jackpot=0 liveMarkets=57
[updater] today=2026-09-08 added starline=0 jackpot=0 liveMarkets=57
[updater] today=2026-09-08 added starline=0 jackpot=0 liveMarkets=57
[updater] today=2026-09-08 added starline=0 jackpot=0 liveMarkets=57
[updater] today=2026-09-08 added starline=0 jackpot=0 liveMarkets=57
[updater] today=2026-09-08 added starline=0 jackpot=0 liveMarkets=57
[updater] today=2026-09-08 added starline=0 jackpot=0 liveMarkets=57
[updater] today=2026-09-08 added starline=0 jackpot=0 liveMarkets=57
[updater] today=2026-09-08 added starline=0 jackpot=0 liveMarkets=57
[updater] today=2026-09-08 added starline=0 jackpot=0 liveMarkets=57
[updater] today=2026-09-08 added starline=0 jackpot=0 liveMarkets=57
[updater] today=2026-09-08 added starline=0 jackpot=0 liveMarkets=57
[updater] today=2026-09-08 added starline=0 jackpot=0 liveMarkets=57
[updater] today=2026-09-08 added starline=0 jackpot=0 liveMarkets=57
[updater] today=2026-09-08 added starline=0 jackpot=0 liveMarkets=57
[updater] today=2026-09-08 added starline=0 jackpot=0 liveMarkets=57
[updater] today=2026-09-08 added starline=0 jackpot=0 liveMarkets=57
[updater] today=2026-09-08 added starline=0 jackpot=0 liveMarkets=57
[updater] today=2026-09-08 added starline=0 jackpot=0 liveMarkets=57
[updater] today=2026-09-08 added starline=0 jackpot=0 liveMarkets=57
[updater] today=2026-09-08 added starline=0 jackpot=0 liveMarkets=57
[updater] today=2026-09-08 added starline=0 jackpot=0 liveMarkets=57
[updater] today=2026-09-08 added starline=0 jackpot=0 liveMarkets=57
[updater] today=2026-09-08 added starline=0 jackpot=0 liveMarkets=57
[updater] today=2026-09-08 added starline=0 jackpot=0 liveMarkets=57
[updater] today=2026-09-08 added starline=0 jackpot=0 liveMarkets=57
[updater] today=2026-09-08 added starline=0 jackpot=0 liveMarkets=57
[updater] today=2026-09-08 added starline=0 jackpot=0 liveMarkets=57
[updater] today=2026-09-08 added starline=0 jackpot=0 liveMarkets=57
[updater] today=2026-09-08 added starline=0 jackpot=0 liveMarkets=57
[updater] today=2026-09-08 added starline=0 jackpot=0 liveMarkets=57
[updater] today=2026-09-08 added starline=0 jackpot=0 liveMarkets=57
[updater] today=2026-09-08 added starline=0 jackpot=0 liveMarkets=57
[updater] today=2026-09-08 added starline=0 jackpot=0 liveMarkets=57
[updater] today=2026-09-08 added starline=0 jackpot=0 liveMarkets=57
[updater] today=2026-09-08 added starline=0 jackpot=0 liveMarkets=57
[updater] today=2026-09-08 added starline=0 jackpot=0 liveMarkets=57
[updater] today=2026-09-08 added starline=0 jackpot=0 liveMarkets=57
[updater] today=2026-09-08 added starline=0 jackpot=0 liveMarkets=57
[updater] today=2026-09-08 added starline=0 jackpot=0 liveMarkets=57
[updater] today=2026-09-08 added starline=1 jackpot=0 liveMarkets=57
[updater] today=2026-09-08 added starline=0 jackpot=0 liveMarkets=57
[updater] today=2026-09-08 added starline=0 jackpot=0 liveMarkets=57
[updater] today=2026-09-08 added starline=0 jackpot=0 liveMarkets=57
[updater] today=2026-09-08 added starline=0 jackpot=0 liveMarkets=57
[updater] today=2026-09-08 added starline=0 jackpot=0 liveMarkets=57
[updater] today=2026-09-08 added starline=0 jackpot=0 liveMarkets=57
[updater] today=2026-09-08 added starline=0 jackpot=0 liveMarkets=57
[updater] today=2026-09-08 added starline=0 jackpot=0 liveMarkets=57
[updater] today=2026-09-08 added starline=0 jackpot=0 liveMarkets=57
[updater] today=2026-09-08 added starline=0 jackpot=0 liveMarkets=57
[updater] today=2026-09-08 added starline=0 jackpot=0 liveMarkets=57
[updater] today=2026-09-08 added starline=0 jackpot=0 liveMarkets=57
[updater] today=2026-09-08 added starline=0 jackpot=0 liveMarkets=57
[updater] today=2026-09-08 added starline=0 jackpot=0 liveMarkets=57
[updater] today=2026-09-08 added starline=0 jackpot=0 liveMarkets=57
[updater] today=2026-09-08 added starline=0 jackpot=0 liveMarkets=57
[updater] today=2026-09-08 added starline=0 jackpot=0 liveMarkets=57
[updater] today=2026-09-08 added starline=0 jackpot=0 liveMarkets=57
[updater] today=2026-09-08 added starline=0 jackpot=0 liveMarkets=57
[updater] today=2026-09-08 added starline=0 jackpot=0 liveMarkets=57
[updater] today=2026-09-08 added starline=0 jackpot=0 liveMarkets=57
[updater] today=2026-09-08 added starline=0 jackpot=0 liveMarkets=57
[updater] today=2026-09-08 added starline=0 jackpot=0 liveMarkets=57
[updater] today=2026-09-08 added starline=0 jackpot=0 liveMarkets=57
[updater] today=2026-09-08 added starline=0 jackpot=0 liveMarkets=57
[updater] today=2026-09-08 added starline=0 jackpot=0 liveMarkets=57
[updater] today=2026-09-08 added starline=0 jackpot=0 liveMarkets=57
[updater] today=2026-09-08 added starline=0 jackpot=0 liveMarkets=57
[updater] today=2026-09-08 added starline=0 jackpot=0 liveMarkets=57
[updater] today=2026-09-08 added starline=0 jackpot=0 liveMarkets=57
[updater] today=2026-09-08 added starline=0 jackpot=0 liveMarkets=57
[updater] today=2026-09-08 added starline=0 jackpot=0 liveMarkets=57
[updater] today=2026-09-08 added starline=0 jackpot=0 liveMarkets=57
[updater] today=2026-09-08 added starline=0 jackpot=0 liveMarkets=57
[updater] today=2026-09-08 added starline=0 jackpot=0 liveMarkets=57
[updater] today=2026-09-08 added starline=0 jackpot=0 liveMarkets=57
[updater] today=2026-09-08 added starline=0 jackpot=0 liveMarkets=57
[updater] today=2026-09-08 added starline=0 jackpot=0 liveMarkets=57
[updater] today=2026-09-08 added starline=0 jackpot=0 liveMarkets=57
[updater] today=2026-09-08 added starline=0 jackpot=0 liveMarkets=57
[updater] today=2026-09-08 added starline=0 jackpot=0 liveMarkets=57
[updater] today=2026-09-08 added starline=0 jackpot=0 liveMarkets=57
[updater] today=2026-09-08 added starline=0 jackpot=0 liveMarkets=57
[updater] today=2026-09-08 added starline=0 jackpot=0 liveMarkets=57
[updater] today=2026-09-08 added starline=0 jackpot=0 liveMarkets=57
[updater] today=2026-09-08 added starline=0 jackpot=0 liveMarkets=57
[updater] today=2026-09-08 added starline=0 jackpot=0 liveMarkets=57
[updater] today=2026-09-08 added starline=0 jackpot=0 liveMarkets=57
[updater] today=2026-09-08 added starline=0 jackpot=0 liveMarkets=57
[updater] today=2026-09-08 added starline=0 jackpot=0 liveMarkets=57
[updater] today=2026-09-08 added starline=0 jackpot=0 liveMarkets=57
[updater] today=2026-09-08 added starline=0 jackpot=0 liveMarkets=57
[updater] today=2026-09-08 added starline=0 jackpot=0 liveMarkets=57
[updater] today=2026-09-08 added starline=0 jackpot=0 liveMarkets=57
[updater] today=2026-09-08 added starline=0 jackpot=1 liveMarkets=57
[updater] today=2026-09-08 added starline=0 jackpot=0 liveMarkets=57
[updater] today=2026-09-08 added starline=0 jackpot=0 liveMarkets=57
[updater] today=2026-09-08 added starline=0 jackpot=0 liveMarkets=57
[updater] today=2026-09-08 added starline=0 jackpot=0 liveMarkets=57
[updater] today=2026-09-08 added starline=0 jackpot=0 liveMarkets=57
[updater] today=2026-09-08 added starline=0 jackpot=0 liveMarkets=57
[updater] today=2026-09-08 added starline=0 jackpot=0 liveMarkets=57
[updater] today=2026-09-08 added starline=0 jackpot=0 liveMarkets=57
[updater] today=2026-09-08 added starline=0 jackpot=0 liveMarkets=57
[updater] today=2026-09-08 added starline=0 jackpot=0 liveMarkets=57
[updater] today=2026-09-08 added starline=0 jackpot=0 liveMarkets=57
[updater] today=2026-09-08 added starline=0 jackpot=0 liveMarkets=57
[updater] today=2026-09-08 added starline=0 jackpot=0 liveMarkets=57
[updater] today=2026-09-08 added starline=0 jackpot=0 liveMarkets=57
[updater] today=2026-09-08 added starline=0 jackpot=0 liveMarkets=57
[updater] today=2026-09-08 added starline=0 jackpot=0 liveMarkets=57
[updater] today=2026-09-08 added starline=0 jackpot=0 liveMarkets=57
[updater] today=2026-09-08 added starline=0 jackpot=0 liveMarkets=57
[updater] today=2026-09-08 added starline=0 jackpot=0 liveMarkets=57
[updater] today=2026-09-08 added starline=0 jackpot=0 liveMarkets=57
[updater] today=2026-09-08 added starline=0 jackpot=0 liveMarkets=57
[updater] today=2026-09-08 added starline=0 jackpot=0 liveMarkets=57
[updater] today=2026-09-08 added starline=0 jackpot=0 liveMarkets=57
[updater] today=2026-09-08 added starline=0 jackpot=0 liveMarkets=57
[updater] today=2026-09-08 added starline=0 jackpot=0 liveMarkets=57
[updater] today=2026-09-08 added starline=0 jackpot=0 liveMarkets=57
[updater] today=2026-09-08 added starline=0 jackpot=0 liveMarkets=57
[updater] today=2026-09-08 added starline=0 jackpot=0 liveMarkets=57
[updater] today=2026-09-08 added starline=0 jackpot=0 liveMarkets=57
[updater] today=2026-09-08 added starline=0 jackpot=0 liveMarkets=57
[updater] today=2026-09-08 added starline=0 jackpot=0 liveMarkets=57
[updater] today=2026-09-08 added starline=0 jackpot=0 liveMarkets=57
[updater] today=2026-09-08 added starline=0 jackpot=0 liveMarkets=57
[updater] today=2026-09-08 added starline=0 jackpot=0 liveMarkets=57
[updater] today=2026-09-08 added starline=0 jackpot=0 liveMarkets=57
[updater] today=2026-09-08 added starline=0 jackpot=0 liveMarkets=57
[updater] today=2026-09-08 added starline=0 jackpot=0 liveMarkets=57
[updater] today=2026-09-08 added starline=0 jackpot=0 liveMarkets=57
[updater] today=2026-09-08 added starline=0 jackpot=0 liveMarkets=57
[updater] today=2026-09-08 added starline=0 jackpot=0 liveMarkets=57
[updater] today=2026-09-08 added starline=0 jackpot=0 liveMarkets=57
[updater] today=2026-09-08 added starline=0 jackpot=0 liveMarkets=57
[updater] today=2026-09-08 added starline=0 jackpot=0 liveMarkets=57
[updater] today=2026-09-08 added starline=0 jackpot=0 liveMarkets=57
[updater] today=2026-09-08 added starline=0 jackpot=0 liveMarkets=57
[updater] today=2026-09-08 added starline=0 jackpot=0 liveMarkets=57
[updater] today=2026-09-08 added starline=0 jackpot=0 liveMarkets=57
[updater] today=2026-09-08 added starline=0 jackpot=0 liveMarkets=57
[updater] today=2026-09-08 added starline=0 jackpot=0 liveMarkets=57
[updater] today=2026-09-08 added starline=0 jackpot=0 liveMarkets=57
[updater] today=2026-09-08 added starline=0 jackpot=0 liveMarkets=57
[updater] today=2026-09-08 added starline=0 jackpot=0 liveMarkets=57
[updater] today=2026-09-08 added starline=0 jackpot=0 liveMarkets=57
[updater] today=2026-09-08 added starline=0 jackpot=0 liveMarkets=57
[updater] today=2026-09-08 added starline=1 jackpot=0 liveMarkets=57
[updater] today=2026-09-08 added starline=0 jackpot=0 liveMarkets=57
[updater] today=2026-09-08 added starline=0 jackpot=0 liveMarkets=57
[updater] today=2026-09-08 added starline=0 jackpot=0 liveMarkets=57
[updater] today=2026-09-08 added starline=0 jackpot=0 liveMarkets=57
[updater] today=2026-09-08 added starline=0 jackpot=0 liveMarkets=57
[updater] today=2026-09-08 added starline=0 jackpot=0 liveMarkets=57
[updater] today=2026-09-08 added starline=0 jackpot=0 liveMarkets=57
[updater] today=2026-09-08 added starline=0 jackpot=0 liveMarkets=57
[updater] today=2026-09-08 added starline=0 jackpot=0 liveMarkets=57
[updater] today=2026-09-08 added starline=0 jackpot=0 liveMarkets=57
[updater] today=2026-09-08 added starline=0 jackpot=0 liveMarkets=57
[updater] today=2026-09-08 added starline=0 jackpot=0 liveMarkets=57
[updater] today=2026-09-08 added starline=0 jackpot=0 liveMarkets=57
[updater] today=2026-09-08 added starline=0 jackpot=0 liveMarkets=57
[updater] today=2026-09-08 added starline=0 jackpot=0 liveMarkets=57
[updater] today=2026-09-08 added starline=0 jackpot=0 liveMarkets=57
[updater] today=2026-09-08 added starline=0 jackpot=0 liveMarkets=57
[updater] today=2026-09-08 added starline=0 jackpot=0 liveMarkets=57
[updater] today=2026-09-08 added starline=0 jackpot=0 liveMarkets=57
[updater] today=2026-09-08 added starline=0 jackpot=0 liveMarkets=57
[updater] today=2026-09-08 added starline=0 jackpot=0 liveMarkets=57
[updater] today=2026-09-08 added starline=0 jackpot=0 liveMarkets=57
[updater] today=2026-09-08 added starline=0 jackpot=0 liveMarkets=57
[updater] today=2026-09-08 added starline=0 jackpot=0 liveMarkets=57
[updater] today=2026-09-08 added starline=0 jackpot=0 liveMarkets=57
[updater] today=2026-09-08 added starline=0 jackpot=0 liveMarkets=57
[updater] today=2026-09-08 added starline=0 jackpot=0 liveMarkets=57
[updater] today=2026-09-08 added starline=0 jackpot=0 liveMarkets=57
[updater] today=2026-09-08 added starline=0 jackpot=0 liveMarkets=57
[updater] today=2026-09-08 added starline=0 jackpot=0 liveMarkets=57
[updater] today=2026-09-08 added starline=0 jackpot=0 liveMarkets=57
[updater] today=2026-09-08 added starline=0 jackpot=0 liveMarkets=57
[updater] today=2026-09-08 added starline=0 jackpot=0 liveMarkets=57
[updater] today=2026-09-08 added starline=0 jackpot=0 liveMarkets=57
[updater] today=2026-09-08 added starline=0 jackpot=0 liveMarkets=57
[updater] today=2026-09-08 added starline=0 jackpot=0 liveMarkets=57
[updater] today=2026-09-08 added starline=0 jackpot=0 liveMarkets=57
[updater] today=2026-09-08 added starline=0 jackpot=0 liveMarkets=57
[updater] today=2026-09-08 added starline=0 jackpot=0 liveMarkets=57
[updater] today=2026-09-08 added starline=0 jackpot=0 liveMarkets=57
[updater] today=2026-09-08 added starline=0 jackpot=0 liveMarkets=57
[updater] today=2026-09-08 added starline=0 jackpot=0 liveMarkets=57
[updater] today=2026-09-08 added starline=0 jackpot=0 liveMarkets=57
[updater] today=2026-09-08 added starline=0 jackpot=0 liveMarkets=57
[updater] today=2026-09-08 added starline=0 jackpot=0 liveMarkets=57
[updater] today=2026-09-08 added starline=0 jackpot=0 liveMarkets=57
[updater] today=2026-09-08 added starline=0 jackpot=0 liveMarkets=57
[updater] today=2026-09-08 added starline=0 jackpot=0 liveMarkets=57
[updater] today=2026-09-08 added starline=0 jackpot=0 liveMarkets=57
[updater] today=2026-09-08 added starline=0 jackpot=0 liveMarkets=57
[updater] today=2026-09-08 added starline=0 jackpot=0 liveMarkets=57
[updater] today=2026-09-08 added starline=0 jackpot=0 liveMarkets=57
[updater] today=2026-09-08 added starline=0 jackpot=0 liveMarkets=57
[updater] today=2026-09-08 added starline=0 jackpot=0 liveMarkets=57
[updater] today=2026-09-08 added starline=0 jackpot=1 liveMarkets=57
[updater] today=2026-09-08 added starline=0 jackpot=0 liveMarkets=57
[updater] today=2026-09-08 added starline=0 jackpot=0 liveMarkets=57
[updater] today=2026-09-08 added starline=0 jackpot=0 liveMarkets=57
[updater] today=2026-09-08 added starline=0 jackpot=0 liveMarkets=57
[updater] today=2026-09-08 added starline=0 jackpot=0 liveMarkets=57
[updater] today=2026-09-08 added starline=0 jackpot=0 liveMarkets=57
[updater] today=2026-09-08 added starline=0 jackpot=0 liveMarkets=57
[updater] today=2026-09-08 added starline=0 jackpot=0 liveMarkets=57
[updater] today=2026-09-08 added starline=0 jackpot=0 liveMarkets=57
[updater] today=2026-09-08 added starline=0 jackpot=0 liveMarkets=57
[updater] today=2026-09-08 added starline=0 jackpot=0 liveMarkets=57
[updater] today=2026-09-08 added starline=0 jackpot=0 liveMarkets=57
[updater] today=2026-09-08 added starline=0 jackpot=0 liveMarkets=57
[updater] today=2026-09-08 added starline=0 jackpot=0 liveMarkets=57
[updater] today=2026-09-08 added starline=0 jackpot=0 liveMarkets=57
[updater] today=2026-09-08 added starline=0 jackpot=0 liveMarkets=57
[updater] today=2026-09-08 added starline=0 jackpot=0 liveMarkets=57
[updater] today=2026-09-08 added starline=0 jackpot=0 liveMarkets=57
[updater] today=2026-09-08 added starline=0 jackpot=0 liveMarkets=57
[updater] today=2026-09-08 added starline=0 jackpot=0 liveMarkets=57
[updater] today=2026-09-08 added starline=0 jackpot=0 liveMarkets=57
[updater] today=2026-09-08 added starline=0 jackpot=0 liveMarkets=57
[updater] today=2026-09-08 added starline=0 jackpot=0 liveMarkets=57
[updater] today=2026-09-08 added starline=0 jackpot=0 liveMarkets=57
[updater] today=2026-09-08 added starline=0 jackpot=0 liveMarkets=57
[updater] today=2026-09-08 added starline=0 jackpot=0 liveMarkets=57
[updater] today=2026-09-08 added starline=0 jackpot=0 liveMarkets=57
[updater] today=2026-09-08 added starline=0 jackpot=0 liveMarkets=57
[updater] today=2026-09-08 added starline=0 jackpot=0 liveMarkets=57
[updater] today=2026-09-08 added starline=0 jackpot=0 liveMarkets=57
[updater] today=2026-09-08 added starline=0 jackpot=0 liveMarkets=57
[updater] today=2026-09-08 added starline=0 jackpot=0 liveMarkets=57
[updater] today=2026-09-08 added starline=0 jackpot=0 liveMarkets=57
[updater] today=2026-09-08 added starline=0 jackpot=0 liveMarkets=57
[updater] today=2026-09-08 added starline=0 jackpot=0 liveMarkets=57
[updater] today=2026-09-08 added starline=0 jackpot=0 liveMarkets=57
[updater] today=2026-09-08 added starline=0 jackpot=0 liveMarkets=57
[updater] today=2026-09-08 added starline=0 jackpot=0 liveMarkets=57
[updater] today=2026-09-08 added starline=0 jackpot=0 liveMarkets=57
[updater] today=2026-09-08 added starline=0 jackpot=0 liveMarkets=57
[updater] today=2026-09-08 added starline=0 jackpot=0 liveMarkets=57
[updater] today=2026-09-08 added starline=0 jackpot=0 liveMarkets=57
[updater] today=2026-09-08 added starline=0 jackpot=0 liveMarkets=57
[updater] today=2026-09-08 added starline=0 jackpot=0 liveMarkets=57
[updater] today=2026-09-08 added starline=0 jackpot=0 liveMarkets=57
[updater] today=2026-09-08 added starline=0 jackpot=0 liveMarkets=57
[updater] today=2026-09-08 added starline=0 jackpot=0 liveMarkets=57
[updater] today=2026-09-08 added starline=0 jackpot=0 liveMarkets=57
[updater] today=2026-09-08 added starline=0 jackpot=0 liveMarkets=57
[updater] today=2026-09-08 added starline=0 jackpot=0 liveMarkets=57
[updater] today=2026-09-08 added starline=0 jackpot=0 liveMarkets=57
[updater] today=2026-09-08 added starline=0 jackpot=0 liveMarkets=57
[updater] today=2026-09-08 added starline=0 jackpot=0 liveMarkets=57
[updater] today=2026-09-08 added starline=1 jackpot=0 liveMarkets=57
[updater] today=2026-09-08 added starline=0 jackpot=0 liveMarkets=57
[updater] today=2026-09-08 added starline=0 jackpot=0 liveMarkets=57
[updater] today=2026-09-08 added starline=0 jackpot=0 liveMarkets=57
[updater] today=2026-09-08 added starline=0 jackpot=0 liveMarkets=57
[updater] today=2026-09-08 added starline=0 jackpot=0 liveMarkets=57
[updater] today=2026-09-08 added starline=0 jackpot=0 liveMarkets=57
[updater] today=2026-09-08 added starline=0 jackpot=0 liveMarkets=57
[updater] today=2026-09-08 added starline=0 jackpot=0 liveMarkets=57
[updater] today=2026-09-08 added starline=0 jackpot=0 liveMarkets=57
[updater] today=2026-09-08 added starline=0 jackpot=0 liveMarkets=57
[updater] today=2026-09-08 added starline=0 jackpot=0 liveMarkets=57
[updater] today=2026-09-08 added starline=0 jackpot=0 liveMarkets=57
[updater] today=2026-09-08 added starline=0 jackpot=0 liveMarkets=57
[updater] today=2026-09-08 added starline=0 jackpot=0 liveMarkets=57
[updater] today=2026-09-08 added starline=0 jackpot=0 liveMarkets=57
[updater] today=2026-09-08 added starline=0 jackpot=0 liveMarkets=57
[updater] today=2026-09-08 added starline=0 jackpot=0 liveMarkets=57
[updater] today=2026-09-08 added starline=0 jackpot=0 liveMarkets=57
[updater] today=2026-09-08 added starline=0 jackpot=0 liveMarkets=57
[updater] today=2026-09-08 added starline=0 jackpot=0 liveMarkets=57
[updater] today=2026-09-08 added starline=0 jackpot=0 liveMarkets=57
[updater] today=2026-09-08 added starline=0 jackpot=0 liveMarkets=57
[updater] today=2026-09-08 added starline=0 jackpot=0 liveMarkets=57
[updater] today=2026-09-08 added starline=0 jackpot=0 liveMarkets=57
[updater] today=2026-09-08 added starline=0 jackpot=0 liveMarkets=57
[updater] today=2026-09-08 added starline=0 jackpot=0 liveMarkets=57
[updater] today=2026-09-08 added starline=0 jackpot=0 liveMarkets=57
[updater] today=2026-09-08 added starline=0 jackpot=0 liveMarkets=57
[updater] today=2026-09-08 added starline=0 jackpot=0 liveMarkets=57
[updater] today=2026-09-08 added starline=0 jackpot=0 liveMarkets=57
[updater] today=2026-09-08 added starline=0 jackpot=0 liveMarkets=57
[updater] today=2026-09-08 added starline=0 jackpot=0 liveMarkets=57
[updater] today=2026-09-08 added starline=0 jackpot=0 liveMarkets=57
[updater] today=2026-09-08 added starline=0 jackpot=0 liveMarkets=57
[updater] today=2026-09-08 added starline=0 jackpot=0 liveMarkets=57
[updater] today=2026-09-08 added starline=0 jackpot=0 liveMarkets=57
[updater] today=2026-09-08 added starline=0 jackpot=0 liveMarkets=57
[updater] today=2026-09-08 added starline=0 jackpot=0 liveMarkets=57
[updater] today=2026-09-08 added starline=0 jackpot=0 liveMarkets=57
[updater] today=2026-09-08 added starline=0 jackpot=0 liveMarkets=57
[updater] today=2026-09-08 added starline=0 jackpot=0 liveMarkets=57
[updater] today=2026-09-08 added starline=0 jackpot=0 liveMarkets=57
[updater] today=2026-09-08 added starline=0 jackpot=0 liveMarkets=57
[updater] today=2026-09-08 added starline=0 jackpot=0 liveMarkets=57
[updater] today=2026-09-08 added starline=0 jackpot=0 liveMarkets=57
[updater] today=2026-09-08 added starline=0 jackpot=0 liveMarkets=57
[updater] today=2026-09-08 added starline=0 jackpot=0 liveMarkets=57
[updater] today=2026-09-08 added starline=0 jackpot=0 liveMarkets=57
[updater] today=2026-09-08 added starline=0 jackpot=0 liveMarkets=57
[updater] today=2026-09-08 added starline=0 jackpot=0 liveMarkets=57
[updater] today=2026-09-08 added starline=0 jackpot=0 liveMarkets=57
[updater] today=2026-09-08 added starline=0 jackpot=0 liveMarkets=57
[updater] today=2026-09-08 added starline=0 jackpot=0 liveMarkets=57
[updater] today=2026-09-08 added starline=0 jackpot=1 liveMarkets=57
[updater] today=2026-09-08 added starline=0 jackpot=0 liveMarkets=57
[updater] today=2026-09-08 added starline=0 jackpot=0 liveMarkets=57
[updater] today=2026-09-08 added starline=0 jackpot=0 liveMarkets=57
[updater] today=2026-09-08 added starline=0 jackpot=0 liveMarkets=57
[updater] today=2026-09-08 added starline=0 jackpot=0 liveMarkets=57
[updater] today=2026-09-08 added starline=0 jackpot=0 liveMarkets=57
[updater] today=2026-09-08 added starline=0 jackpot=0 liveMarkets=57
[updater] today=2026-09-08 added starline=0 jackpot=0 liveMarkets=57
[updater] today=2026-09-08 added starline=0 jackpot=0 liveMarkets=57
[updater] today=2026-09-08 added starline=0 jackpot=0 liveMarkets=57
[updater] today=2026-09-08 added starline=0 jackpot=0 liveMarkets=57
[updater] today=2026-09-08 added starline=0 jackpot=0 liveMarkets=57
[updater] today=2026-09-08 added starline=0 jackpot=0 liveMarkets=57
[updater] today=2026-09-08 added starline=0 jackpot=0 liveMarkets=57
[updater] today=2026-09-08 added starline=0 jackpot=0 liveMarkets=57
[updater] today=2026-09-08 added starline=0 jackpot=0 liveMarkets=57
[updater] today=2026-09-08 added starline=0 jackpot=0 liveMarkets=57
[updater] today=2026-09-08 added starline=0 jackpot=0 liveMarkets=57
[updater] today=2026-09-08 added starline=0 jackpot=0 liveMarkets=57
[updater] today=2026-09-08 added starline=0 jackpot=0 liveMarkets=57
[updater] today=2026-09-08 added starline=0 jackpot=0 liveMarkets=57
[updater] today=2026-09-08 added starline=0 jackpot=0 liveMarkets=57
[updater] today=2026-09-08 added starline=0 jackpot=0 liveMarkets=57
[updater] today=2026-09-08 added starline=0 jackpot=0 liveMarkets=57
[updater] today=2026-09-08 added starline=0 jackpot=0 liveMarkets=57
[updater] today=2026-09-08 added starline=0 jackpot=0 liveMarkets=57
[updater] today=2026-09-08 added starline=0 jackpot=0 liveMarkets=57
[updater] today=2026-09-08 added starline=0 jackpot=0 liveMarkets=57
[updater] today=2026-09-08 added starline=0 jackpot=0 liveMarkets=57
[updater] today=2026-09-08 added starline=0 jackpot=0 liveMarkets=57
[updater] today=2026-09-08 added starline=0 jackpot=0 liveMarkets=57
[updater] today=2026-09-08 added starline=0 jackpot=0 liveMarkets=57
[updater] today=2026-09-08 added starline=0 jackpot=0 liveMarkets=57
[updater] today=2026-09-08 added starline=0 jackpot=0 liveMarkets=57
[updater] today=2026-09-08 added starline=0 jackpot=0 liveMarkets=57
[updater] today=2026-09-08 added starline=0 jackpot=0 liveMarkets=57
[updater] today=2026-09-08 added starline=0 jackpot=0 liveMarkets=57
[updater] today=2026-09-08 added starline=0 jackpot=0 liveMarkets=57
[updater] today=2026-09-08 added starline=0 jackpot=0 liveMarkets=57
[updater] today=2026-09-08 added starline=0 jackpot=0 liveMarkets=57
[updater] today=2026-09-08 added starline=0 jackpot=0 liveMarkets=57
[updater] today=2026-09-08 added starline=0 jackpot=0 liveMarkets=57
[updater] today=2026-09-08 added starline=0 jackpot=0 liveMarkets=57
[updater] today=2026-09-08 added starline=0 jackpot=0 liveMarkets=57
[updater] today=2026-09-08 added starline=0 jackpot=0 liveMarkets=57
[updater] today=2026-09-08 added starline=0 jackpot=0 liveMarkets=57
[updater] today=2026-09-08 added starline=0 jackpot=0 liveMarkets=57
[updater] today=2026-09-08 added starline=0 jackpot=0 liveMarkets=57
[updater] today=2026-09-08 added starline=0 jackpot=0 liveMarkets=57
[updater] today=2026-09-08 added starline=0 jackpot=0 liveMarkets=57
[updater] today=2026-09-08 added starline=0 jackpot=0 liveMarkets=57
[updater] today=2026-09-08 added starline=0 jackpot=0 liveMarkets=57
[updater] today=2026-09-08 added starline=0 jackpot=0 liveMarkets=57
[updater] today=2026-09-08 added starline=0 jackpot=0 liveMarkets=57
[updater] today=2026-09-08 added starline=1 jackpot=0 liveMarkets=57
[updater] today=2026-09-08 added starline=0 jackpot=0 liveMarkets=57
[updater] today=2026-09-08 added starline=0 jackpot=0 liveMarkets=57
[updater] today=2026-09-08 added starline=0 jackpot=0 liveMarkets=57
[updater] today=2026-09-08 added starline=0 jackpot=0 liveMarkets=57
[updater] today=2026-09-08 added starline=0 jackpot=0 liveMarkets=57
[updater] today=2026-09-08 added starline=0 jackpot=0 liveMarkets=57
[updater] today=2026-09-08 added starline=0 jackpot=0 liveMarkets=57
[updater] today=2026-09-08 added starline=0 jackpot=0 liveMarkets=57
[updater] today=2026-09-08 added starline=0 jackpot=0 liveMarkets=57
[updater] today=2026-09-08 added starline=0 jackpot=0 liveMarkets=57
[updater] today=2026-09-08 added starline=0 jackpot=0 liveMarkets=57
[updater] today=2026-09-08 added starline=0 jackpot=0 liveMarkets=57
[updater] today=2026-09-08 added starline=0 jackpot=0 liveMarkets=57
[updater] today=2026-09-08 added starline=0 jackpot=0 liveMarkets=57
[updater] today=2026-09-08 added starline=0 jackpot=0 liveMarkets=57
[updater] today=2026-09-08 added starline=0 jackpot=0 liveMarkets=57
[updater] today=2026-09-08 added starline=0 jackpot=0 liveMarkets=57
[updater] today=2026-09-08 added starline=0 jackpot=0 liveMarkets=57
[updater] today=2026-09-08 added starline=0 jackpot=0 liveMarkets=57
[updater] today=2026-09-08 added starline=0 jackpot=0 liveMarkets=57
[updater] today=2026-09-08 added starline=0 jackpot=0 liveMarkets=57
[updater] today=2026-09-08 added starline=0 jackpot=0 liveMarkets=57
[updater] today=2026-09-08 added starline=0 jackpot=0 liveMarkets=57
[updater] today=2026-09-08 added starline=0 jackpot=0 liveMarkets=57
[updater] today=2026-09-08 added starline=0 jackpot=0 liveMarkets=57
[updater] today=2026-09-08 added starline=0 jackpot=0 liveMarkets=57
[updater] today=2026-09-08 added starline=0 jackpot=0 liveMarkets=57
[updater] today=2026-09-08 added starline=0 jackpot=0 liveMarkets=57
[updater] today=2026-09-08 added starline=0 jackpot=0 liveMarkets=57
[updater] today=2026-09-08 added starline=0 jackpot=0 liveMarkets=57
[updater] today=2026-09-08 added starline=0 jackpot=0 liveMarkets=57
[updater] today=2026-09-08 added starline=0 jackpot=0 liveMarkets=57
[updater] today=2026-09-08 added starline=0 jackpot=0 liveMarkets=57
[updater] today=2026-09-08 added starline=0 jackpot=0 liveMarkets=57
[updater] today=2026-09-08 added starline=0 jackpot=0 liveMarkets=57
[updater] today=2026-09-08 added starline=0 jackpot=0 liveMarkets=57
[updater] today=2026-09-08 added starline=0 jackpot=0 liveMarkets=57
[updater] today=2026-09-08 added starline=0 jackpot=0 liveMarkets=57
[updater] today=2026-09-08 added starline=0 jackpot=0 liveMarkets=57
[updater] today=2026-09-08 added starline=0 jackpot=0 liveMarkets=57
[updater] today=2026-09-08 added starline=0 jackpot=0 liveMarkets=57
[updater] today=2026-09-08 added starline=0 jackpot=0 liveMarkets=57
[updater] today=2026-09-08 added starline=0 jackpot=0 liveMarkets=57
[updater] today=2026-09-08 added starline=0 jackpot=0 liveMarkets=57
[updater] today=2026-09-08 added starline=0 jackpot=0 liveMarkets=57
[updater] today=2026-09-08 added starline=0 jackpot=0 liveMarkets=57
[updater] today=2026-09-08 added starline=0 jackpot=0 liveMarkets=57
[updater] today=2026-09-08 added starline=0 jackpot=0 liveMarkets=57
[updater] today=2026-09-08 added starline=0 jackpot=0 liveMarkets=57
[updater] today=2026-09-08 added starline=0 jackpot=0 liveMarkets=57
[updater] today=2026-09-08 added starline=0 jackpot=0 liveMarkets=57
[updater] today=2026-09-08 added starline=0 jackpot=0 liveMarkets=57
[updater] today=2026-09-08 added starline=0 jackpot=0 liveMarkets=57
[updater] today=2026-09-08 added starline=0 jackpot=0 liveMarkets=57
[updater] today=2026-09-08 added starline=0 jackpot=1 liveMarkets=57
[updater] today=2026-09-08 added starline=0 jackpot=0 liveMarkets=57
[updater] today=2026-09-08 added starline=0 jackpot=0 liveMarkets=57
[updater] today=2026-09-08 added starline=0 jackpot=0 liveMarkets=57
[updater] today=2026-09-08 added starline=0 jackpot=0 liveMarkets=57
[updater] today=2026-09-08 added starline=0 jackpot=0 liveMarkets=57
[updater] today=2026-09-08 added starline=0 jackpot=0 liveMarkets=57
[updater] today=2026-09-08 added starline=0 jackpot=0 liveMarkets=57
[updater] today=2026-09-08 added starline=0 jackpot=0 liveMarkets=57
[updater] today=2026-09-08 added starline=0 jackpot=0 liveMarkets=57
[updater] today=2026-09-08 added starline=0 jackpot=0 liveMarkets=57
[updater] today=2026-09-08 added starline=0 jackpot=0 liveMarkets=57
[updater] today=2026-09-08 added starline=0 jackpot=0 liveMarkets=57
[updater] today=2026-09-08 added starline=0 jackpot=0 liveMarkets=57
[updater] today=2026-09-08 added starline=0 jackpot=0 liveMarkets=57
[updater] today=2026-09-08 added starline=0 jackpot=0 liveMarkets=57
[updater] today=2026-09-08 added starline=0 jackpot=0 liveMarkets=57
[updater] today=2026-09-08 added starline=0 jackpot=0 liveMarkets=57
[updater] today=2026-09-08 added starline=0 jackpot=0 liveMarkets=57
[updater] today=2026-09-08 added starline=0 jackpot=0 liveMarkets=57
[updater] today=2026-09-08 added starline=0 jackpot=0 liveMarkets=57
[updater] today=2026-09-08 added starline=0 jackpot=0 liveMarkets=57
[updater] today=2026-09-08 added starline=0 jackpot=0 liveMarkets=57
[updater] today=2026-09-08 added starline=0 jackpot=0 liveMarkets=57
[updater] today=2026-09-08 added starline=0 jackpot=0 liveMarkets=57
[updater] today=2026-09-08 added starline=0 jackpot=0 liveMarkets=57
[updater] today=2026-09-08 added starline=0 jackpot=0 liveMarkets=57
[updater] today=2026-09-08 added starline=0 jackpot=0 liveMarkets=57
[updater] today=2026-09-08 added starline=0 jackpot=0 liveMarkets=57
[updater] today=2026-09-08 added starline=0 jackpot=0 liveMarkets=57
[updater] today=2026-09-08 added starline=0 jackpot=0 liveMarkets=57
[updater] today=2026-09-08 added starline=0 jackpot=0 liveMarkets=57
[updater] today=2026-09-08 added starline=0 jackpot=0 liveMarkets=57
[updater] today=2026-09-08 added starline=0 jackpot=0 liveMarkets=57
[updater] today=2026-09-08 added starline=0 jackpot=0 liveMarkets=57
[updater] today=2026-09-08 added starline=0 jackpot=0 liveMarkets=57
[updater] today=2026-09-08 added starline=0 jackpot=0 liveMarkets=57
[updater] today=2026-09-08 added starline=0 jackpot=0 liveMarkets=57
[updater] today=2026-09-08 added starline=0 jackpot=0 liveMarkets=57
[updater] today=2026-09-08 added starline=0 jackpot=0 liveMarkets=57
[updater] today=2026-09-08 added starline=0 jackpot=0 liveMarkets=57
[updater] today=2026-09-08 added starline=0 jackpot=0 liveMarkets=57
[updater] today=2026-09-08 added starline=0 jackpot=0 liveMarkets=57
[updater] today=2026-09-08 added starline=0 jackpot=0 liveMarkets=57
[updater] today=2026-09-08 added starline=0 jackpot=0 liveMarkets=57
[updater] today=2026-09-08 added starline=0 jackpot=0 liveMarkets=57
[updater] today=2026-09-08 added starline=0 jackpot=0 liveMarkets=57
[updater] today=2026-09-08 added starline=0 jackpot=0 liveMarkets=57
[updater] today=2026-09-08 added starline=0 jackpot=0 liveMarkets=57
[updater] today=2026-09-08 added starline=0 jackpot=0 liveMarkets=57
[updater] today=2026-09-08 added starline=0 jackpot=0 liveMarkets=57
[updater] today=2026-09-08 added starline=0 jackpot=0 liveMarkets=57
[updater] today=2026-09-08 added starline=0 jackpot=0 liveMarkets=57
[updater] today=2026-09-08 added starline=0 jackpot=0 liveMarkets=57
[updater] today=2026-09-08 added starline=1 jackpot=0 liveMarkets=57
[updater] today=2026-09-08 added starline=0 jackpot=0 liveMarkets=57
[updater] today=2026-09-08 added starline=0 jackpot=0 liveMarkets=57
[updater] today=2026-09-08 added starline=0 jackpot=0 liveMarkets=57
[updater] today=2026-09-08 added starline=0 jackpot=0 liveMarkets=57
[updater] today=2026-09-08 added starline=0 jackpot=0 liveMarkets=57
[updater] today=2026-09-08 added starline=0 jackpot=0 liveMarkets=57
[updater] today=2026-09-08 added starline=0 jackpot=0 liveMarkets=57
[updater] today=2026-09-08 added starline=0 jackpot=0 liveMarkets=57
[updater] today=2026-09-08 added starline=0 jackpot=0 liveMarkets=57
[updater] today=2026-09-08 added starline=0 jackpot=0 liveMarkets=57
[updater] today=2026-09-08 added starline=0 jackpot=0 liveMarkets=57
[updater] today=2026-09-08 added starline=0 jackpot=0 liveMarkets=57
[updater] today=2026-09-08 added starline=0 jackpot=0 liveMarkets=57
[updater] today=2026-09-08 added starline=0 jackpot=0 liveMarkets=57
[updater] today=2026-09-08 added starline=0 jackpot=0 liveMarkets=57
[updater] today=2026-09-08 added starline=0 jackpot=0 liveMarkets=57
[updater] today=2026-09-08 added starline=0 jackpot=0 liveMarkets=57
[updater] today=2026-09-08 added starline=0 jackpot=0 liveMarkets=57
[updater] today=2026-09-08 added starline=0 jackpot=0 liveMarkets=57
[updater] today=2026-09-08 added starline=0 jackpot=0 liveMarkets=57
[updater] today=2026-09-08 added starline=0 jackpot=0 liveMarkets=57
[updater] today=2026-09-08 added starline=0 jackpot=0 liveMarkets=57
[updater] today=2026-09-08 added starline=0 jackpot=0 liveMarkets=57
[updater] today=2026-09-08 added starline=0 jackpot=0 liveMarkets=57
[updater] today=2026-09-08 added starline=0 jackpot=0 liveMarkets=57
[updater] today=2026-09-08 added starline=0 jackpot=0 liveMarkets=57
[updater] today=2026-09-08 added starline=0 jackpot=0 liveMarkets=57
[updater] today=2026-09-08 added starline=0 jackpot=0 liveMarkets=57
[updater] today=2026-09-08 added starline=0 jackpot=0 liveMarkets=57
[updater] today=2026-09-08 added starline=0 jackpot=0 liveMarkets=57
[updater] today=2026-09-08 added starline=0 jackpot=0 liveMarkets=57
[updater] today=2026-09-08 added starline=0 jackpot=0 liveMarkets=57
[updater] today=2026-09-08 added starline=0 jackpot=0 liveMarkets=57
[updater] today=2026-09-08 added starline=0 jackpot=0 liveMarkets=57
[updater] today=2026-09-08 added starline=0 jackpot=0 liveMarkets=57
[updater] today=2026-09-08 added starline=0 jackpot=0 liveMarkets=57
[updater] today=2026-09-08 added starline=0 jackpot=0 liveMarkets=57
[updater] today=2026-09-08 added starline=0 jackpot=0 liveMarkets=57
[updater] today=2026-09-08 added starline=0 jackpot=0 liveMarkets=57
[updater] today=2026-09-08 added starline=0 jackpot=0 liveMarkets=57
[updater] today=2026-09-08 added starline=0 jackpot=0 liveMarkets=57
[updater] today=2026-09-08 added starline=0 jackpot=0 liveMarkets=57
[updater] today=2026-09-08 added starline=0 jackpot=0 liveMarkets=57
[updater] today=2026-09-08 added starline=0 jackpot=0 liveMarkets=57
[updater] today=2026-09-08 added starline=0 jackpot=0 liveMarkets=57
[updater] today=2026-09-08 added starline=0 jackpot=0 liveMarkets=57
[updater] today=2026-09-08 added starline=0 jackpot=0 liveMarkets=57
[updater] today=2026-09-08 added starline=0 jackpot=0 liveMarkets=57
[updater] today=2026-09-08 added starline=0 jackpot=0 liveMarkets=57
[updater] today=2026-09-08 added starline=0 jackpot=0 liveMarkets=57
[updater] today=2026-09-08 added starline=0 jackpot=0 liveMarkets=57
[updater] today=2026-09-08 added starline=0 jackpot=0 liveMarkets=57
[updater] today=2026-09-08 added starline=0 jackpot=0 liveMarkets=57
[updater] today=2026-09-08 added starline=0 jackpot=0 liveMarkets=57
[updater] today=2026-09-08 added starline=0 jackpot=1 liveMarkets=57
[updater] today=2026-09-08 added starline=0 jackpot=0 liveMarkets=57
[updater] today=2026-09-08 added starline=0 jackpot=0 liveMarkets=57
[updater] today=2026-09-08 added starline=0 jackpot=0 liveMarkets=57
[updater] today=2026-09-08 added starline=0 jackpot=0 liveMarkets=57
[updater] today=2026-09-08 added starline=0 jackpot=0 liveMarkets=57
[updater] today=2026-09-08 added starline=0 jackpot=0 liveMarkets=57
[updater] today=2026-09-08 added starline=0 jackpot=0 liveMarkets=57
[updater] today=2026-09-08 added starline=0 jackpot=0 liveMarkets=57
[updater] today=2026-09-08 added starline=0 jackpot=0 liveMarkets=57
[updater] today=2026-09-08 added starline=0 jackpot=0 liveMarkets=57
[updater] today=2026-09-08 added starline=0 jackpot=0 liveMarkets=57
[updater] today=2026-09-08 added starline=0 jackpot=0 liveMarkets=57
[updater] today=2026-09-08 added starline=0 jackpot=0 liveMarkets=57
[updater] today=2026-09-08 added starline=0 jackpot=0 liveMarkets=57
[updater] today=2026-09-08 added starline=0 jackpot=0 liveMarkets=57
[updater] today=2026-09-08 added starline=0 jackpot=0 liveMarkets=57
[updater] today=2026-09-08 added starline=0 jackpot=0 liveMarkets=57
[updater] today=2026-09-08 added starline=0 jackpot=0 liveMarkets=57
[updater] today=2026-09-08 added starline=0 jackpot=0 liveMarkets=57
[updater] today=2026-09-08 added starline=0 jackpot=0 liveMarkets=57
[updater] today=2026-09-08 added starline=0 jackpot=0 liveMarkets=57
[updater] today=2026-09-08 added starline=0 jackpot=0 liveMarkets=57
[updater] today=2026-09-08 added starline=0 jackpot=0 liveMarkets=57
[updater] today=2026-09-08 added starline=0 jackpot=0 liveMarkets=57
[updater] today=2026-09-08 added starline=0 jackpot=0 liveMarkets=57
[updater] today=2026-09-08 added starline=0 jackpot=0 liveMarkets=57
[updater] today=2026-09-08 added starline=0 jackpot=0 liveMarkets=57
[updater] today=2026-09-08 added starline=0 jackpot=0 liveMarkets=57
[updater] today=2026-09-08 added starline=0 jackpot=0 liveMarkets=57
[updater] today=2026-09-08 added starline=0 jackpot=0 liveMarkets=57
[updater] today=2026-09-08 added starline=0 jackpot=0 liveMarkets=57
[updater] today=2026-09-08 added starline=0 jackpot=0 liveMarkets=57
[updater] today=2026-09-08 added starline=0 jackpot=0 liveMarkets=57
[updater] today=2026-09-08 added starline=0 jackpot=0 liveMarkets=57
[updater] today=2026-09-08 added starline=0 jackpot=0 liveMarkets=57
[updater] today=2026-09-08 added starline=0 jackpot=0 liveMarkets=57
[updater] today=2026-09-08 added starline=0 jackpot=0 liveMarkets=57
[updater] today=2026-09-08 added starline=0 jackpot=0 liveMarkets=57
[updater] today=2026-09-08 added starline=0 jackpot=0 liveMarkets=57
[updater] today=2026-09-08 added starline=0 jackpot=0 liveMarkets=57
[updater] today=2026-09-08 added starline=0 jackpot=0 liveMarkets=57
[updater] today=2026-09-08 added starline=0 jackpot=0 liveMarkets=57
[updater] today=2026-09-08 added starline=0 jackpot=0 liveMarkets=57
[updater] today=2026-09-08 added starline=0 jackpot=0 liveMarkets=57
[updater] today=2026-09-08 added starline=0 jackpot=0 liveMarkets=57
[updater] today=2026-09-08 added starline=0 jackpot=0 liveMarkets=57
[updater] today=2026-09-08 added starline=0 jackpot=0 liveMarkets=57
[updater] today=2026-09-08 added starline=0 jackpot=0 liveMarkets=57
[updater] today=2026-09-08 added starline=0 jackpot=0 liveMarkets=57
[updater] today=2026-09-08 added starline=0 jackpot=0 liveMarkets=57
[updater] today=2026-09-08 added starline=0 jackpot=0 liveMarkets=57
[updater] today=2026-09-08 added starline=0 jackpot=0 liveMarkets=57
[updater] today=2026-09-08 added starline=0 jackpot=0 liveMarkets=57
[updater] today=2026-09-08 added starline=1 jackpot=0 liveMarkets=57
[updater] today=2026-09-08 added starline=0 jackpot=0 liveMarkets=57
[updater] today=2026-09-08 added starline=0 jackpot=0 liveMarkets=57
[updater] today=2026-09-08 added starline=0 jackpot=0 liveMarkets=57
[updater] today=2026-09-08 added starline=0 jackpot=0 liveMarkets=57
[updater] today=2026-09-08 added starline=0 jackpot=0 liveMarkets=57
[updater] today=2026-09-08 added starline=0 jackpot=0 liveMarkets=57
[updater] today=2026-09-08 added starline=0 jackpot=0 liveMarkets=57
[updater] today=2026-09-08 added starline=0 jackpot=0 liveMarkets=57
[updater] today=2026-09-08 added starline=0 jackpot=0 liveMarkets=57
[updater] today=2026-09-08 added starline=0 jackpot=0 liveMarkets=57
[updater] today=2026-09-08 added starline=0 jackpot=0 liveMarkets=57
[updater] today=2026-09-08 added starline=0 jackpot=0 liveMarkets=57
[updater] today=2026-09-08 added starline=0 jackpot=0 liveMarkets=57
[updater] today=2026-09-08 added starline=0 jackpot=0 liveMarkets=57
[updater] today=2026-09-08 added starline=0 jackpot=0 liveMarkets=57
[updater] today=2026-09-08 added starline=0 jackpot=0 liveMarkets=57
[updater] today=2026-09-08 added starline=0 jackpot=0 liveMarkets=57
[updater] today=2026-09-08 added starline=0 jackpot=0 liveMarkets=57
[updater] today=2026-09-08 added starline=0 jackpot=0 liveMarkets=57
[updater] today=2026-09-08 added starline=0 jackpot=0 liveMarkets=57
[updater] today=2026-09-08 added starline=0 jackpot=0 liveMarkets=57
[updater] today=2026-09-08 added starline=0 jackpot=0 liveMarkets=57
[updater] today=2026-09-08 added starline=0 jackpot=0 liveMarkets=57
[updater] today=2026-09-08 added starline=0 jackpot=0 liveMarkets=57
[updater] today=2026-09-08 added starline=0 jackpot=0 liveMarkets=57
[updater] today=2026-09-08 added starline=0 jackpot=0 liveMarkets=57
[updater] today=2026-09-08 added starline=0 jackpot=0 liveMarkets=57
[updater] today=2026-09-08 added starline=0 jackpot=0 liveMarkets=57
[updater] today=2026-09-08 added starline=0 jackpot=0 liveMarkets=57
[updater] today=2026-09-08 added starline=0 jackpot=0 liveMarkets=57
[updater] today=2026-09-08 added starline=0 jackpot=0 liveMarkets=57
[updater] today=2026-09-08 added starline=0 jackpot=0 liveMarkets=57
[updater] today=2026-09-08 added starline=0 jackpot=0 liveMarkets=57
[updater] today=2026-09-08 added starline=0 jackpot=0 liveMarkets=57
[updater] today=2026-09-08 added starline=0 jackpot=0 liveMarkets=57
[updater] today=2026-09-08 added starline=0 jackpot=0 liveMarkets=57
[updater] today=2026-09-08 added starline=0 jackpot=0 liveMarkets=57
[updater] today=2026-09-08 added starline=0 jackpot=0 liveMarkets=57
[updater] today=2026-09-08 added starline=0 jackpot=0 liveMarkets=57
[updater] today=2026-09-08 added starline=0 jackpot=0 liveMarkets=57
[updater] today=2026-09-08 added starline=0 jackpot=0 liveMarkets=57
[updater] today=2026-09-08 added starline=0 jackpot=0 liveMarkets=57
[updater] today=2026-09-08 added starline=0 jackpot=0 liveMarkets=57
[updater] today=2026-09-08 added starline=0 jackpot=0 liveMarkets=57
[updater] today=2026-09-08 added starline=0 jackpot=0 liveMarkets=57
[updater] today=2026-09-08 added starline=0 jackpot=0 liveMarkets=57
[updater] today=2026-09-08 added starline=0 jackpot=0 liveMarkets=57
[updater] today=2026-09-08 added starline=0 jackpot=0 liveMarkets=57
[updater] today=2026-09-08 added starline=0 jackpot=0 liveMarkets=57
[updater] today=2026-09-08 added starline=0 jackpot=0 liveMarkets=57
[updater] today=2026-09-08 added starline=0 jackpot=0 liveMarkets=57
[updater] today=2026-09-08 added starline=0 jackpot=0 liveMarkets=57
[updater] today=2026-09-08 added starline=0 jackpot=0 liveMarkets=57
[updater] today=2026-09-08 added starline=0 jackpot=1 liveMarkets=57
[updater] today=2026-09-08 added starline=0 jackpot=0 liveMarkets=57
[updater] today=2026-09-08 added starline=0 jackpot=0 liveMarkets=57
[updater] today=2026-09-08 added starline=0 jackpot=0 liveMarkets=57
[updater] today=2026-09-08 added starline=0 jackpot=0 liveMarkets=57
[updater] today=2026-09-08 added starline=0 jackpot=0 liveMarkets=57
[updater] today=2026-09-08 added starline=0 jackpot=0 liveMarkets=57
[updater] today=2026-09-08 added starline=0 jackpot=0 liveMarkets=57
[updater] today=2026-09-08 added starline=0 jackpot=0 liveMarkets=57
[updater] today=2026-09-08 added starline=0 jackpot=0 liveMarkets=57
[updater] today=2026-09-08 added starline=0 jackpot=0 liveMarkets=57
[updater] today=2026-09-08 added starline=0 jackpot=0 liveMarkets=57
[updater] today=2026-09-08 added starline=0 jackpot=0 liveMarkets=57
[updater] today=2026-09-08 added starline=0 jackpot=0 liveMarkets=57
[updater] today=2026-09-08 added starline=0 jackpot=0 liveMarkets=57
[updater] today=2026-09-08 added starline=0 jackpot=0 liveMarkets=57
[updater] today=2026-09-08 added starline=0 jackpot=0 liveMarkets=57
[updater] today=2026-09-08 added starline=0 jackpot=0 liveMarkets=57
[updater] today=2026-09-08 added starline=0 jackpot=0 liveMarkets=57
[updater] today=2026-09-08 added starline=0 jackpot=0 liveMarkets=57
[updater] today=2026-09-08 added starline=0 jackpot=0 liveMarkets=57
[updater] today=2026-09-08 added starline=0 jackpot=0 liveMarkets=57
[updater] today=2026-09-08 added starline=0 jackpot=0 liveMarkets=57
[updater] today=2026-09-08 added starline=0 jackpot=0 liveMarkets=57
[updater] today=2026-09-08 added starline=0 jackpot=0 liveMarkets=57
[updater] today=2026-09-08 added starline=0 jackpot=0 liveMarkets=57
[updater] today=2026-09-08 added starline=0 jackpot=0 liveMarkets=57
[updater] today=2026-09-08 added starline=0 jackpot=0 liveMarkets=57
[updater] today=2026-09-08 added starline=0 jackpot=0 liveMarkets=57
[updater] today=2026-09-08 added starline=0 jackpot=0 liveMarkets=57
[updater] today=2026-09-08 added starline=0 jackpot=0 liveMarkets=57
[updater] today=2026-09-08 added starline=0 jackpot=0 liveMarkets=57
[updater] today=2026-09-08 added starline=0 jackpot=0 liveMarkets=57
[updater] today=2026-09-08 added starline=0 jackpot=0 liveMarkets=57
[updater] today=2026-09-08 added starline=0 jackpot=0 liveMarkets=57
[updater] today=2026-09-08 added starline=0 jackpot=0 liveMarkets=57
[updater] today=2026-09-08 added starline=0 jackpot=0 liveMarkets=57
[updater] today=2026-09-08 added starline=0 jackpot=0 liveMarkets=57
[updater] today=2026-09-08 added starline=0 jackpot=0 liveMarkets=57
[updater] today=2026-09-08 added starline=0 jackpot=0 liveMarkets=57
[updater] today=2026-09-08 added starline=0 jackpot=0 liveMarkets=57
[updater] today=2026-09-08 added starline=0 jackpot=0 liveMarkets=57
[updater] today=2026-09-08 added starline=0 jackpot=0 liveMarkets=57
[updater] today=2026-09-08 added starline=0 jackpot=0 liveMarkets=57
[updater] today=2026-09-08 added starline=0 jackpot=0 liveMarkets=57
[updater] today=2026-09-08 added starline=0 jackpot=0 liveMarkets=57
[updater] today=2026-09-08 added starline=0 jackpot=0 liveMarkets=57
[updater] today=2026-09-08 added starline=0 jackpot=0 liveMarkets=57
[updater] today=2026-09-08 added starline=0 jackpot=0 liveMarkets=57
[updater] today=2026-09-08 added starline=0 jackpot=0 liveMarkets=57
[updater] today=2026-09-08 added starline=0 jackpot=0 liveMarkets=57
[updater] today=2026-09-08 added starline=0 jackpot=0 liveMarkets=57
[updater] today=2026-09-08 added starline=0 jackpot=0 liveMarkets=57
[updater] today=2026-09-08 added starline=0 jackpot=0 liveMarkets=57
[updater] today=2026-09-08 added starline=1 jackpot=0 liveMarkets=57
[updater] today=2026-09-08 added starline=0 jackpot=0 liveMarkets=57
[updater] today=2026-09-08 added starline=0 jackpot=0 liveMarkets=57
[updater] today=2026-09-08 added starline=0 jackpot=0 liveMarkets=57
[updater] today=2026-09-08 added starline=0 jackpot=0 liveMarkets=57
[updater] today=2026-09-08 added starline=0 jackpot=0 liveMarkets=57
[updater] today=2026-09-08 added starline=0 jackpot=0 liveMarkets=57
[updater] today=2026-09-08 added starline=0 jackpot=0 liveMarkets=57
[updater] today=2026-09-08 added starline=0 jackpot=0 liveMarkets=57
[updater] today=2026-09-08 added starline=0 jackpot=0 liveMarkets=57
[updater] today=2026-09-08 added starline=0 jackpot=0 liveMarkets=57
[updater] today=2026-09-08 added starline=0 jackpot=0 liveMarkets=57
[updater] today=2026-09-08 added starline=0 jackpot=0 liveMarkets=57
[updater] today=2026-09-08 added starline=0 jackpot=0 liveMarkets=57
[updater] today=2026-09-08 added starline=0 jackpot=0 liveMarkets=57
[updater] today=2026-09-08 added starline=0 jackpot=0 liveMarkets=57
[updater] today=2026-09-08 added starline=0 jackpot=0 liveMarkets=57
[updater] today=2026-09-08 added starline=0 jackpot=0 liveMarkets=57
[updater] today=2026-09-08 added starline=0 jackpot=0 liveMarkets=57
[updater] today=2026-09-08 added starline=0 jackpot=0 liveMarkets=57
[updater] today=2026-09-08 added starline=0 jackpot=0 liveMarkets=57
[updater] today=2026-09-08 added starline=0 jackpot=0 liveMarkets=57
[updater] today=2026-09-08 added starline=0 jackpot=0 liveMarkets=57
[updater] today=2026-09-08 added starline=0 jackpot=0 liveMarkets=57
[updater] today=2026-09-08 added starline=0 jackpot=0 liveMarkets=57
[updater] today=2026-09-08 added starline=0 jackpot=0 liveMarkets=57
[updater] today=2026-09-08 added starline=0 jackpot=0 liveMarkets=57
[updater] today=2026-09-08 added starline=0 jackpot=0 liveMarkets=57
[updater] today=2026-09-08 added starline=0 jackpot=0 liveMarkets=57
[updater] today=2026-09-08 added starline=0 jackpot=0 liveMarkets=57
[updater] today=2026-09-08 added starline=0 jackpot=0 liveMarkets=57
[updater] today=2026-09-08 added starline=0 jackpot=0 liveMarkets=57
[updater] today=2026-09-08 added starline=0 jackpot=0 liveMarkets=57
[updater] today=2026-09-08 added starline=0 jackpot=0 liveMarkets=57
[updater] today=2026-09-08 added starline=0 jackpot=0 liveMarkets=57
[updater] today=2026-09-08 added starline=0 jackpot=0 liveMarkets=57
[updater] today=2026-09-08 added starline=0 jackpot=0 liveMarkets=57
[updater] today=2026-09-08 added starline=0 jackpot=0 liveMarkets=57
[updater] today=2026-09-08 added starline=0 jackpot=0 liveMarkets=57
[updater] today=2026-09-08 added starline=0 jackpot=0 liveMarkets=57
[updater] today=2026-09-08 added starline=0 jackpot=0 liveMarkets=57
[updater] today=2026-09-08 added starline=0 jackpot=0 liveMarkets=57
[updater] today=2026-09-08 added starline=0 jackpot=0 liveMarkets=57
[updater] today=2026-09-08 added starline=0 jackpot=0 liveMarkets=57
[updater] today=2026-09-08 added starline=0 jackpot=0 liveMarkets=57
[updater] today=2026-09-08 added starline=0 jackpot=0 liveMarkets=57
[updater] today=2026-09-08 added starline=0 jackpot=0 liveMarkets=57
[updater] today=2026-09-08 added starline=0 jackpot=0 liveMarkets=57
[updater] today=2026-09-08 added starline=0 jackpot=0 liveMarkets=57
[updater] today=2026-09-08 added starline=0 jackpot=0 liveMarkets=57
[updater] today=2026-09-08 added starline=0 jackpot=0 liveMarkets=57
[updater] today=2026-09-08 added starline=0 jackpot=0 liveMarkets=57
[updater] today=2026-09-08 added starline=0 jackpot=0 liveMarkets=57
[updater] today=2026-09-08 added starline=0 jackpot=1 liveMarkets=57
[updater] today=2026-09-08 added starline=0 jackpot=0 liveMarkets=57
[updater] today=2026-09-08 added starline=0 jackpot=0 liveMarkets=57
[updater] today=2026-09-08 added starline=0 jackpot=0 liveMarkets=57
[updater] today=2026-09-08 added starline=0 jackpot=0 liveMarkets=57
[updater] today=2026-09-08 added starline=0 jackpot=0 liveMarkets=57
[updater] today=2026-09-08 added starline=0 jackpot=0 liveMarkets=57
[updater] today=2026-09-08 added starline=0 jackpot=0 liveMarkets=57
[updater] today=2026-09-08 added starline=0 jackpot=0 liveMarkets=57
[updater] today=2026-09-08 added starline=0 jackpot=0 liveMarkets=57
[updater] today=2026-09-08 added starline=0 jackpot=0 liveMarkets=57
[updater] today=2026-09-08 added starline=0 jackpot=0 liveMarkets=57
[updater] today=2026-09-08 added starline=0 jackpot=0 liveMarkets=57
[updater] today=2026-09-08 added starline=0 jackpot=0 liveMarkets=57
[updater] today=2026-09-08 added starline=0 jackpot=0 liveMarkets=57
[updater] today=2026-09-08 added starline=0 jackpot=0 liveMarkets=57
[updater] today=2026-09-08 added starline=0 jackpot=0 liveMarkets=57
[updater] today=2026-09-08 added starline=0 jackpot=0 liveMarkets=57
[updater] today=2026-09-08 added starline=0 jackpot=0 liveMarkets=57
[updater] today=2026-09-08 added starline=0 jackpot=0 liveMarkets=57
[updater] today=2026-09-08 added starline=0 jackpot=0 liveMarkets=57
[updater] today=2026-09-08 added starline=0 jackpot=0 liveMarkets=57
[updater] today=2026-09-08 added starline=0 jackpot=0 liveMarkets=57
[updater] today=2026-09-08 added starline=0 jackpot=0 liveMarkets=57
[updater] today=2026-09-08 added starline=0 jackpot=0 liveMarkets=57
[updater] today=2026-09-08 added starline=0 jackpot=0 liveMarkets=57
[updater] today=2026-09-08 added starline=0 jackpot=0 liveMarkets=57
[updater] today=2026-09-08 added starline=0 jackpot=0 liveMarkets=57
[updater] today=2026-09-08 added starline=0 jackpot=0 liveMarkets=57
[updater] today=2026-09-08 added starline=0 jackpot=0 liveMarkets=57
[updater] today=2026-09-08 added starline=0 jackpot=0 liveMarkets=57
[updater] today=2026-09-08 added starline=0 jackpot=0 liveMarkets=57
[updater] today=2026-09-08 added starline=0 jackpot=0 liveMarkets=57
[updater] today=2026-09-08 added starline=0 jackpot=0 liveMarkets=57
[updater] today=2026-09-08 added starline=0 jackpot=0 liveMarkets=57
[updater] today=2026-09-08 added starline=0 jackpot=0 liveMarkets=57
[updater] today=2026-09-08 added starline=0 jackpot=0 liveMarkets=57
[updater] today=2026-09-08 added starline=0 jackpot=0 liveMarkets=57
[updater] today=2026-09-08 added starline=0 jackpot=0 liveMarkets=57
[updater] today=2026-09-08 added starline=0 jackpot=0 liveMarkets=57
[updater] today=2026-09-08 added starline=0 jackpot=0 liveMarkets=57
[updater] today=2026-09-08 added starline=0 jackpot=0 liveMarkets=57
[updater] today=2026-09-08 added starline=0 jackpot=0 liveMarkets=57
[updater] today=2026-09-08 added starline=0 jackpot=0 liveMarkets=57
[updater] today=2026-09-08 added starline=0 jackpot=0 liveMarkets=57
[updater] today=2026-09-08 added starline=0 jackpot=0 liveMarkets=57
[updater] today=2026-09-08 added starline=0 jackpot=0 liveMarkets=57
[updater] today=2026-09-08 added starline=0 jackpot=0 liveMarkets=57
[updater] today=2026-09-08 added starline=0 jackpot=0 liveMarkets=57
[updater] today=2026-09-08 added starline=0 jackpot=0 liveMarkets=57
[updater] today=2026-09-08 added starline=0 jackpot=0 liveMarkets=57
[updater] today=2026-09-08 added starline=0 jackpot=0 liveMarkets=57
[updater] today=2026-09-08 added starline=0 jackpot=0 liveMarkets=57
[updater] today=2026-09-08 added starline=0 jackpot=0 liveMarkets=57
[updater] today=2026-09-08 added starline=1 jackpot=0 liveMarkets=57
[updater] today=2026-09-08 added starline=0 jackpot=0 liveMarkets=57
[updater] today=2026-09-08 added starline=0 jackpot=0 liveMarkets=57
[updater] today=2026-09-08 added starline=0 jackpot=0 liveMarkets=57
[updater] today=2026-09-08 added starline=0 jackpot=0 liveMarkets=57
[updater] today=2026-09-08 added starline=0 jackpot=0 liveMarkets=57
[updater] today=2026-09-08 added starline=0 jackpot=0 liveMarkets=57
[updater] today=2026-09-08 added starline=0 jackpot=0 liveMarkets=57
[updater] today=2026-09-08 added starline=0 jackpot=0 liveMarkets=57
[updater] today=2026-09-08 added starline=0 jackpot=0 liveMarkets=57
[updater] today=2026-09-08 added starline=0 jackpot=0 liveMarkets=57
[updater] today=2026-09-08 added starline=0 jackpot=0 liveMarkets=57
[updater] today=2026-09-08 added starline=0 jackpot=0 liveMarkets=57
[updater] today=2026-09-08 added starline=0 jackpot=0 liveMarkets=57
[updater] today=2026-09-08 added starline=0 jackpot=0 liveMarkets=57
[updater] today=2026-09-08 added starline=0 jackpot=0 liveMarkets=57
[updater] today=2026-09-08 added starline=0 jackpot=0 liveMarkets=57
[updater] today=2026-09-08 added starline=0 jackpot=0 liveMarkets=57
[updater] today=2026-09-08 added starline=0 jackpot=0 liveMarkets=57
[updater] today=2026-09-08 added starline=0 jackpot=0 liveMarkets=57
[updater] today=2026-09-08 added starline=0 jackpot=0 liveMarkets=57
[updater] today=2026-09-08 added starline=0 jackpot=0 liveMarkets=57
[updater] today=2026-09-08 added starline=0 jackpot=0 liveMarkets=57
[updater] today=2026-09-08 added starline=0 jackpot=0 liveMarkets=57
[updater] today=2026-09-08 added starline=0 jackpot=0 liveMarkets=57
[updater] today=2026-09-08 added starline=0 jackpot=0 liveMarkets=57
[updater] today=2026-09-08 added starline=0 jackpot=0 liveMarkets=57
[updater] today=2026-09-08 added starline=0 jackpot=0 liveMarkets=57
[updater] today=2026-09-08 added starline=0 jackpot=0 liveMarkets=57
[updater] today=2026-09-08 added starline=0 jackpot=0 liveMarkets=57
[updater] today=2026-09-08 added starline=0 jackpot=0 liveMarkets=57
[updater] today=2026-09-08 added starline=0 jackpot=0 liveMarkets=57
[updater] today=2026-09-08 added starline=0 jackpot=0 liveMarkets=57
[updater] today=2026-09-08 added starline=0 jackpot=0 liveMarkets=57
[updater] today=2026-09-08 added starline=0 jackpot=0 liveMarkets=57
[updater] today=2026-09-08 added starline=0 jackpot=0 liveMarkets=57
[updater] today=2026-09-08 added starline=0 jackpot=0 liveMarkets=57
[updater] today=2026-09-08 added starline=0 jackpot=0 liveMarkets=57
[updater] today=2026-09-08 added starline=0 jackpot=0 liveMarkets=57
[updater] today=2026-09-08 added starline=0 jackpot=0 liveMarkets=57
[updater] today=2026-09-08 added starline=0 jackpot=0 liveMarkets=57
[updater] today=2026-09-08 added starline=0 jackpot=0 liveMarkets=57
[updater] today=2026-09-08 added starline=0 jackpot=0 liveMarkets=57
[updater] today=2026-09-08 added starline=0 jackpot=0 liveMarkets=57
[updater] today=2026-09-08 added starline=0 jackpot=0 liveMarkets=57
[updater] today=2026-09-08 added starline=0 jackpot=0 liveMarkets=57
[updater] today=2026-09-08 added starline=0 jackpot=0 liveMarkets=57
[updater] today=2026-09-08 added starline=0 jackpot=0 liveMarkets=57
[updater] today=2026-09-08 added starline=0 jackpot=0 liveMarkets=57
[updater] today=2026-09-08 added starline=0 jackpot=0 liveMarkets=57
[updater] today=2026-09-08 added starline=0 jackpot=0 liveMarkets=57
[updater] today=2026-09-08 added starline=0 jackpot=0 liveMarkets=57
[updater] today=2026-09-08 added starline=0 jackpot=0 liveMarkets=57
[updater] today=2026-09-08 added starline=0 jackpot=0 liveMarkets=57
[updater] today=2026-09-08 added starline=0 jackpot=1 liveMarkets=57
[updater] today=2026-09-08 added starline=0 jackpot=0 liveMarkets=57
[updater] today=2026-09-08 added starline=0 jackpot=0 liveMarkets=57
[updater] today=2026-09-08 added starline=0 jackpot=0 liveMarkets=57
[updater] today=2026-09-08 added starline=0 jackpot=0 liveMarkets=57
[updater] today=2026-09-08 added starline=0 jackpot=0 liveMarkets=57
[updater] today=2026-09-08 added starline=0 jackpot=0 liveMarkets=57
[updater] today=2026-09-08 added starline=0 jackpot=0 liveMarkets=57
[updater] today=2026-09-08 added starline=0 jackpot=0 liveMarkets=57
[updater] today=2026-09-08 added starline=0 jackpot=0 liveMarkets=57
[updater] today=2026-09-08 added starline=0 jackpot=0 liveMarkets=57
[updater] today=2026-09-08 added starline=0 jackpot=0 liveMarkets=57
[updater] today=2026-09-08 added starline=0 jackpot=0 liveMarkets=57
[updater] today=2026-09-08 added starline=0 jackpot=0 liveMarkets=57
[updater] today=2026-09-08 added starline=0 jackpot=0 liveMarkets=57
[updater] today=2026-09-08 added starline=0 jackpot=0 liveMarkets=57
[updater] today=2026-09-08 added starline=0 jackpot=0 liveMarkets=57
[updater] today=2026-09-08 added starline=0 jackpot=0 liveMarkets=57
[updater] today=2026-09-08 added starline=0 jackpot=0 liveMarkets=57
[updater] today=2026-09-08 added starline=0 jackpot=0 liveMarkets=57
[updater] today=2026-09-08 added starline=0 jackpot=0 liveMarkets=57
[updater] today=2026-09-08 added starline=0 jackpot=0 liveMarkets=57
[updater] today=2026-09-08 added starline=0 jackpot=0 liveMarkets=57
[updater] today=2026-09-08 added starline=0 jackpot=0 liveMarkets=57
[updater] today=2026-09-08 added starline=0 jackpot=0 liveMarkets=57
[updater] today=2026-09-08 added starline=0 jackpot=0 liveMarkets=57
[updater] today=2026-09-08 added starline=0 jackpot=0 liveMarkets=57
[updater] today=2026-09-08 added starline=0 jackpot=0 liveMarkets=57
[updater] today=2026-09-08 added starline=0 jackpot=0 liveMarkets=57
[updater] today=2026-09-08 added starline=0 jackpot=0 liveMarkets=57
[updater] today=2026-09-08 added starline=0 jackpot=0 liveMarkets=57
[updater] today=2026-09-08 added starline=0 jackpot=0 liveMarkets=57
[updater] today=2026-09-08 added starline=0 jackpot=0 liveMarkets=57
[updater] today=2026-09-08 added starline=0 jackpot=0 liveMarkets=57
[updater] today=2026-09-08 added starline=0 jackpot=0 liveMarkets=57
[updater] today=2026-09-08 added starline=0 jackpot=0 liveMarkets=57
[updater] today=2026-09-08 added starline=0 jackpot=0 liveMarkets=57
[updater] today=2026-09-08 added starline=0 jackpot=0 liveMarkets=57
[updater] today=2026-09-08 added starline=0 jackpot=0 liveMarkets=57
[updater] today=2026-09-08 added starline=0 jackpot=0 liveMarkets=57
[updater] today=2026-09-08 added starline=0 jackpot=0 liveMarkets=57
[updater] today=2026-09-08 added starline=0 jackpot=0 liveMarkets=57
[updater] today=2026-09-08 added starline=0 jackpot=0 liveMarkets=57
[updater] today=2026-09-08 added starline=0 jackpot=0 liveMarkets=57
[updater] today=2026-09-08 added starline=0 jackpot=0 liveMarkets=57
[updater] today=2026-09-08 added starline=0 jackpot=0 liveMarkets=57
[updater] today=2026-09-08 added starline=0 jackpot=0 liveMarkets=57
[updater] today=2026-09-08 added starline=0 jackpot=0 liveMarkets=57
[updater] today=2026-09-08 added starline=0 jackpot=0 liveMarkets=57
[updater] today=2026-09-08 added starline=0 jackpot=0 liveMarkets=57
[updater] today=2026-09-08 added starline=0 jackpot=0 liveMarkets=57
[updater] today=2026-09-08 added starline=0 jackpot=0 liveMarkets=57
[updater] today=2026-09-08 added starline=0 jackpot=0 liveMarkets=57
[updater] today=2026-09-08 added starline=1 jackpot=0 liveMarkets=57
[updater] today=2026-09-08 added starline=0 jackpot=0 liveMarkets=57
[updater] today=2026-09-08 added starline=0 jackpot=0 liveMarkets=57
[updater] today=2026-09-08 added starline=0 jackpot=0 liveMarkets=57
[updater] today=2026-09-08 added starline=0 jackpot=0 liveMarkets=57
[updater] today=2026-09-08 added starline=0 jackpot=0 liveMarkets=57
[updater] today=2026-09-08 added starline=0 jackpot=0 liveMarkets=57
[updater] today=2026-09-08 added starline=0 jackpot=0 liveMarkets=57
[updater] today=2026-09-08 added starline=0 jackpot=0 liveMarkets=57
[updater] today=2026-09-08 added starline=0 jackpot=0 liveMarkets=57
[updater] today=2026-09-08 added starline=0 jackpot=0 liveMarkets=57
[updater] today=2026-09-08 added starline=0 jackpot=0 liveMarkets=57
[updater] today=2026-09-08 added starline=0 jackpot=0 liveMarkets=57
[updater] today=2026-09-08 added starline=0 jackpot=0 liveMarkets=57
[updater] today=2026-09-08 added starline=0 jackpot=0 liveMarkets=57
[updater] today=2026-09-08 added starline=0 jackpot=0 liveMarkets=57
[updater] today=2026-09-08 added starline=0 jackpot=0 liveMarkets=57
[updater] today=2026-09-08 added starline=0 jackpot=0 liveMarkets=57
[updater] today=2026-09-08 added starline=0 jackpot=0 liveMarkets=57
[updater] today=2026-09-08 added starline=0 jackpot=0 liveMarkets=57
[updater] today=2026-09-08 added starline=0 jackpot=0 liveMarkets=57
[updater] today=2026-09-08 added starline=0 jackpot=0 liveMarkets=57
[updater] today=2026-09-08 added starline=0 jackpot=0 liveMarkets=57
[updater] today=2026-09-08 added starline=0 jackpot=0 liveMarkets=57
[updater] today=2026-09-08 added starline=0 jackpot=0 liveMarkets=57
[updater] today=2026-09-08 added starline=0 jackpot=0 liveMarkets=57
[updater] today=2026-09-08 added starline=0 jackpot=0 liveMarkets=57
[updater] today=2026-09-08 added starline=0 jackpot=0 liveMarkets=57
[updater] today=2026-09-08 added starline=0 jackpot=0 liveMarkets=57
[updater] today=2026-09-08 added starline=0 jackpot=0 liveMarkets=57
[updater] today=2026-09-08 added starline=0 jackpot=0 liveMarkets=57
[updater] today=2026-09-08 added starline=0 jackpot=0 liveMarkets=57
[updater] today=2026-09-08 added starline=0 jackpot=0 liveMarkets=57
[updater] today=2026-09-08 added starline=0 jackpot=0 liveMarkets=57
[updater] today=2026-09-08 added starline=0 jackpot=0 liveMarkets=57
[updater] today=2026-09-08 added starline=0 jackpot=0 liveMarkets=57
[updater] today=2026-09-08 added starline=0 jackpot=0 liveMarkets=57
[updater] today=2026-09-08 added starline=0 jackpot=0 liveMarkets=57
[updater] today=2026-09-08 added starline=0 jackpot=0 liveMarkets=57
[updater] today=2026-09-08 added starline=0 jackpot=0 liveMarkets=57
[updater] today=2026-09-08 added starline=0 jackpot=0 liveMarkets=57
[updater] today=2026-09-08 added starline=0 jackpot=0 liveMarkets=57
[updater] today=2026-09-08 added starline=0 jackpot=0 liveMarkets=57
[updater] today=2026-09-08 added starline=0 jackpot=0 liveMarkets=57
[updater] today=2026-09-08 added starline=0 jackpot=0 liveMarkets=57
[updater] today=2026-09-08 added starline=0 jackpot=0 liveMarkets=57
[updater] today=2026-09-08 added starline=0 jackpot=0 liveMarkets=57
[updater] today=2026-09-08 added starline=0 jackpot=0 liveMarkets=57
[updater] today=2026-09-08 added starline=0 jackpot=0 liveMarkets=57
[updater] today=2026-09-08 added starline=0 jackpot=0 liveMarkets=57
[updater] today=2026-09-08 added starline=0 jackpot=0 liveMarkets=57
[updater] today=2026-09-08 added starline=0 jackpot=0 liveMarkets=57
[updater] today=2026-09-08 added starline=0 jackpot=0 liveMarkets=57
[updater] today=2026-09-08 added starline=0 jackpot=0 liveMarkets=57
[updater] today=2026-09-08 added starline=0 jackpot=1 liveMarkets=57
[updater] today=2026-09-08 added starline=0 jackpot=0 liveMarkets=57
[updater] today=2026-09-08 added starline=0 jackpot=0 liveMarkets=57
[updater] today=2026-09-08 added starline=0 jackpot=0 liveMarkets=57
[updater] today=2026-09-08 added starline=0 jackpot=0 liveMarkets=57
[updater] today=2026-09-08 added starline=0 jackpot=0 liveMarkets=57
[updater] today=2026-09-08 added starline=0 jackpot=0 liveMarkets=57
[updater] today=2026-09-08 added starline=0 jackpot=0 liveMarkets=57
[updater] today=2026-09-08 added starline=0 jackpot=0 liveMarkets=57
[updater] today=2026-09-08 added starline=0 jackpot=0 liveMarkets=57
[updater] today=2026-09-08 added starline=0 jackpot=0 liveMarkets=57
[updater] today=2026-09-08 added starline=0 jackpot=0 liveMarkets=57
[updater] today=2026-09-08 added starline=0 jackpot=0 liveMarkets=57
[updater] today=2026-09-08 added starline=0 jackpot=0 liveMarkets=57
[updater] today=2026-09-08 added starline=0 jackpot=0 liveMarkets=57
[updater] today=2026-09-08 added starline=0 jackpot=0 liveMarkets=57
[updater] today=2026-09-08 added starline=0 jackpot=0 liveMarkets=57
[updater] today=2026-09-08 added starline=0 jackpot=0 liveMarkets=57
[updater] today=2026-09-08 added starline=0 jackpot=0 liveMarkets=57
[updater] today=2026-09-08 added starline=0 jackpot=0 liveMarkets=57
[updater] today=2026-09-08 added starline=0 jackpot=0 liveMarkets=57
[updater] today=2026-09-08 added starline=0 jackpot=0 liveMarkets=57
[updater] today=2026-09-08 added starline=0 jackpot=0 liveMarkets=57
[updater] today=2026-09-08 added starline=0 jackpot=0 liveMarkets=57
[updater] today=2026-09-08 added starline=0 jackpot=0 liveMarkets=57
[updater] today=2026-09-08 added starline=0 jackpot=0 liveMarkets=57
[updater] today=2026-09-08 added starline=0 jackpot=0 liveMarkets=57
[updater] today=2026-09-08 added starline=0 jackpot=0 liveMarkets=57
[updater] today=2026-09-08 added starline=0 jackpot=0 liveMarkets=57
[updater] today=2026-09-08 added starline=0 jackpot=0 liveMarkets=57
[updater] today=2026-09-08 added starline=0 jackpot=0 liveMarkets=57
[updater] today=2026-09-08 added starline=0 jackpot=0 liveMarkets=57
[updater] today=2026-09-08 added starline=0 jackpot=0 liveMarkets=57
[updater] today=2026-09-08 added starline=0 jackpot=0 liveMarkets=57
[updater] today=2026-09-08 added starline=0 jackpot=0 liveMarkets=57
[updater] today=2026-09-08 added starline=0 jackpot=0 liveMarkets=57
[updater] today=2026-09-08 added starline=0 jackpot=0 liveMarkets=57
[updater] today=2026-09-08 added starline=0 jackpot=0 liveMarkets=57
[updater] today=2026-09-08 added starline=0 jackpot=0 liveMarkets=57
[updater] today=2026-09-08 added starline=0 jackpot=0 liveMarkets=57
[updater] today=2026-09-08 added starline=0 jackpot=0 liveMarkets=57
[updater] today=2026-09-08 added starline=0 jackpot=0 liveMarkets=57
[updater] today=2026-09-08 added starline=0 jackpot=0 liveMarkets=57
[updater] today=2026-09-08 added starline=0 jackpot=0 liveMarkets=57
[updater] today=2026-09-08 added starline=0 jackpot=0 liveMarkets=57
[updater] today=2026-09-08 added starline=0 jackpot=0 liveMarkets=57
[updater] today=2026-09-08 added starline=0 jackpot=0 liveMarkets=57
[updater] today=2026-09-08 added starline=0 jackpot=0 liveMarkets=57
[updater] today=2026-09-08 added starline=0 jackpot=0 liveMarkets=57
[updater] today=2026-09-08 added starline=0 jackpot=0 liveMarkets=57
[updater] today=2026-09-08 added starline=0 jackpot=0 liveMarkets=57
[updater] today=2026-09-08 added starline=0 jackpot=0 liveMarkets=57
[updater] today=2026-09-08 added starline=0 jackpot=0 liveMarkets=57
[updater] today=2026-09-08 added starline=0 jackpot=0 liveMarkets=57
[updater] today=2026-09-08 added starline=1 jackpot=0 liveMarkets=57
[updater] today=2026-09-08 added starline=0 jackpot=0 liveMarkets=57
[updater] today=2026-09-08 added starline=0 jackpot=0 liveMarkets=57
[updater] today=2026-09-08 added starline=0 jackpot=0 liveMarkets=57
[updater] today=2026-09-08 added starline=0 jackpot=0 liveMarkets=57
[updater] today=2026-09-08 added starline=0 jackpot=0 liveMarkets=57
[updater] today=2026-09-08 added starline=0 jackpot=0 liveMarkets=57
[updater] today=2026-09-08 added starline=0 jackpot=0 liveMarkets=57
[updater] today=2026-09-08 added starline=0 jackpot=0 liveMarkets=57
[updater] today=2026-09-08 added starline=0 jackpot=0 liveMarkets=57
[updater] today=2026-09-08 added starline=0 jackpot=0 liveMarkets=57
[updater] today=2026-09-08 added starline=0 jackpot=0 liveMarkets=57
[updater] today=2026-09-08 added starline=0 jackpot=0 liveMarkets=57
[updater] today=2026-09-08 added starline=0 jackpot=0 liveMarkets=57
[updater] today=2026-09-08 added starline=0 jackpot=0 liveMarkets=57
[updater] today=2026-09-08 added starline=0 jackpot=0 liveMarkets=57
[updater] today=2026-09-08 added starline=0 jackpot=0 liveMarkets=57
[updater] today=2026-09-08 added starline=0 jackpot=0 liveMarkets=57
[updater] today=2026-09-08 added starline=0 jackpot=0 liveMarkets=57
[updater] today=2026-09-08 added starline=0 jackpot=0 liveMarkets=57
[updater] today=2026-09-08 added starline=0 jackpot=0 liveMarkets=57
[updater] today=2026-09-08 added starline=0 jackpot=0 liveMarkets=57
[updater] today=2026-09-08 added starline=0 jackpot=0 liveMarkets=57
[updater] today=2026-09-08 added starline=0 jackpot=0 liveMarkets=57
[updater] today=2026-09-08 added starline=0 jackpot=0 liveMarkets=57
[updater] today=2026-09-08 added starline=0 jackpot=0 liveMarkets=57
[updater] today=2026-09-08 added starline=0 jackpot=0 liveMarkets=57
[updater] today=2026-09-08 added starline=0 jackpot=0 liveMarkets=57
[updater] today=2026-09-08 added starline=0 jackpot=0 liveMarkets=57
[updater] today=2026-09-08 added starline=0 jackpot=0 liveMarkets=57
[updater] today=2026-09-08 added starline=0 jackpot=0 liveMarkets=57
[updater] today=2026-09-08 added starline=0 jackpot=0 liveMarkets=57
[updater] today=2026-09-08 added starline=0 jackpot=0 liveMarkets=57
[updater] today=2026-09-08 added starline=0 jackpot=0 liveMarkets=57
[updater] today=2026-09-08 added starline=0 jackpot=0 liveMarkets=57
[updater] today=2026-09-08 added starline=0 jackpot=0 liveMarkets=57
[updater] today=2026-09-08 added starline=0 jackpot=0 liveMarkets=57
[updater] today=2026-09-08 added starline=0 jackpot=0 liveMarkets=57
[updater] today=2026-09-08 added starline=0 jackpot=0 liveMarkets=57
[updater] today=2026-09-08 added starline=0 jackpot=0 liveMarkets=57
[updater] today=2026-09-08 added starline=0 jackpot=0 liveMarkets=57
[updater] today=2026-09-08 added starline=0 jackpot=0 liveMarkets=57
[updater] today=2026-09-08 added starline=0 jackpot=0 liveMarkets=57
[updater] today=2026-09-08 added starline=0 jackpot=0 liveMarkets=57
[updater] today=2026-09-08 added starline=0 jackpot=0 liveMarkets=57
[updater] today=2026-09-08 added starline=0 jackpot=0 liveMarkets=57
[updater] today=2026-09-08 added starline=0 jackpot=0 liveMarkets=57
[updater] today=2026-09-08 added starline=0 jackpot=0 liveMarkets=57
[updater] today=2026-09-08 added starline=0 jackpot=0 liveMarkets=57
[updater] today=2026-09-08 added starline=0 jackpot=0 liveMarkets=57
[updater] today=2026-09-08 added starline=0 jackpot=0 liveMarkets=57
[updater] today=2026-09-08 added starline=0 jackpot=0 liveMarkets=57
[updater] today=2026-09-08 added starline=0 jackpot=0 liveMarkets=57
[updater] today=2026-09-08 added starline=0 jackpot=1 liveMarkets=57
[updater] today=2026-09-08 added starline=0 jackpot=0 liveMarkets=57
[updater] today=2026-09-08 added starline=0 jackpot=0 liveMarkets=57
[updater] today=2026-09-08 added starline=0 jackpot=0 liveMarkets=57
[updater] today=2026-09-08 added starline=0 jackpot=0 liveMarkets=57
[updater] today=2026-09-08 added starline=0 jackpot=0 liveMarkets=57
[updater] today=2026-09-08 added starline=0 jackpot=0 liveMarkets=57
[updater] today=2026-09-08 added starline=0 jackpot=0 liveMarkets=57
[updater] today=2026-09-08 added starline=0 jackpot=0 liveMarkets=57
[updater] today=2026-09-08 added starline=0 jackpot=0 liveMarkets=57
[updater] today=2026-09-08 added starline=0 jackpot=0 liveMarkets=57
[updater] today=2026-09-08 added starline=0 jackpot=0 liveMarkets=57
[updater] today=2026-09-08 added starline=0 jackpot=0 liveMarkets=57
[updater] today=2026-09-08 added starline=0 jackpot=0 liveMarkets=57
[updater] today=2026-09-08 added starline=0 jackpot=0 liveMarkets=57
[updater] today=2026-09-08 added starline=0 jackpot=0 liveMarkets=57
[updater] today=2026-09-08 added starline=0 jackpot=0 liveMarkets=57
[updater] today=2026-09-08 added starline=0 jackpot=0 liveMarkets=57
[updater] today=2026-09-08 added starline=0 jackpot=0 liveMarkets=57
[updater] today=2026-09-08 added starline=0 jackpot=0 liveMarkets=57
[updater] today=2026-09-08 added starline=0 jackpot=0 liveMarkets=57
[updater] today=2026-09-08 added starline=0 jackpot=0 liveMarkets=57
[updater] today=2026-09-08 added starline=0 jackpot=0 liveMarkets=57
[updater] today=2026-09-08 added starline=0 jackpot=0 liveMarkets=57
[updater] today=2026-09-08 added starline=0 jackpot=0 liveMarkets=57
[updater] today=2026-09-08 added starline=0 jackpot=0 liveMarkets=57
[updater] today=2026-09-08 added starline=0 jackpot=0 liveMarkets=57
[updater] today=2026-09-08 added starline=0 jackpot=0 liveMarkets=57
[updater] today=2026-09-08 added starline=0 jackpot=0 liveMarkets=57
[updater] today=2026-09-08 added starline=0 jackpot=0 liveMarkets=57
[updater] today=2026-09-08 added starline=0 jackpot=0 liveMarkets=57
[updater] today=2026-09-08 added starline=0 jackpot=0 liveMarkets=57
[updater] today=2026-09-08 added starline=0 jackpot=0 liveMarkets=57
[updater] today=2026-09-08 added starline=0 jackpot=0 liveMarkets=57
[updater] today=2026-09-08 added starline=0 jackpot=0 liveMarkets=57
[updater] today=2026-09-08 added starline=0 jackpot=0 liveMarkets=57
[updater] today=2026-09-08 added starline=0 jackpot=0 liveMarkets=57
[updater] today=2026-09-08 added starline=0 jackpot=0 liveMarkets=57
[updater] today=2026-09-08 added starline=0 jackpot=0 liveMarkets=57
[updater] today=2026-09-08 added starline=0 jackpot=0 liveMarkets=57
[updater] today=2026-09-08 added starline=0 jackpot=0 liveMarkets=57
[updater] today=2026-09-08 added starline=0 jackpot=0 liveMarkets=57
[updater] today=2026-09-08 added starline=0 jackpot=0 liveMarkets=57
[updater] today=2026-09-08 added starline=0 jackpot=0 liveMarkets=57
[updater] today=2026-09-08 added starline=0 jackpot=0 liveMarkets=57
[updater] today=2026-09-08 added starline=0 jackpot=0 liveMarkets=57
[updater] today=2026-09-08 added starline=0 jackpot=0 liveMarkets=57
[updater] today=2026-09-08 added starline=0 jackpot=0 liveMarkets=57
[updater] today=2026-09-08 added starline=0 jackpot=0 liveMarkets=57
[updater] today=2026-09-08 added starline=0 jackpot=0 liveMarkets=57
[updater] today=2026-09-08 added starline=0 jackpot=0 liveMarkets=57
[updater] today=2026-09-08 added starline=0 jackpot=0 liveMarkets=57
[updater] today=2026-09-08 added starline=0 jackpot=0 liveMarkets=57
[updater] today=2026-09-08 added starline=0 jackpot=0 liveMarkets=57
[updater] today=2026-09-08 added starline=1 jackpot=0 liveMarkets=57
[updater] today=2026-09-08 added starline=0 jackpot=0 liveMarkets=57
[updater] today=2026-09-08 added starline=0 jackpot=0 liveMarkets=57
[updater] today=2026-09-08 added starline=0 jackpot=0 liveMarkets=57
[updater] today=2026-09-08 added starline=0 jackpot=0 liveMarkets=57
[updater] today=2026-09-08 added starline=0 jackpot=0 liveMarkets=57
[updater] today=2026-09-08 added starline=0 jackpot=0 liveMarkets=57
[updater] today=2026-09-08 added starline=0 jackpot=0 liveMarkets=57
[updater] today=2026-09-08 added starline=0 jackpot=0 liveMarkets=57
[updater] today=2026-09-08 added starline=0 jackpot=0 liveMarkets=57
[updater] today=2026-09-08 added starline=0 jackpot=0 liveMarkets=57
[updater] today=2026-09-08 added starline=0 jackpot=0 liveMarkets=57
[updater] today=2026-09-08 added starline=0 jackpot=0 liveMarkets=57
[updater] today=2026-09-08 added starline=0 jackpot=0 liveMarkets=57
[updater] today=2026-09-08 added starline=0 jackpot=0 liveMarkets=57
[updater] today=2026-09-08 added starline=0 jackpot=0 liveMarkets=57
[updater] today=2026-09-08 added starline=0 jackpot=0 liveMarkets=57
[updater] today=2026-09-08 added starline=0 jackpot=0 liveMarkets=57
[updater] today=2026-09-08 added starline=0 jackpot=0 liveMarkets=57
[updater] today=2026-09-08 added starline=0 jackpot=0 liveMarkets=57
[updater] today=2026-09-08 added starline=0 jackpot=0 liveMarkets=57
[updater] today=2026-09-08 added starline=0 jackpot=0 liveMarkets=57
[updater] today=2026-09-08 added starline=0 jackpot=0 liveMarkets=57
[updater] today=2026-09-08 added starline=0 jackpot=0 liveMarkets=57
[updater] today=2026-09-08 added starline=0 jackpot=0 liveMarkets=57
[updater] today=2026-09-08 added starline=0 jackpot=0 liveMarkets=57
[updater] today=2026-09-08 added starline=0 jackpot=0 liveMarkets=57
[updater] today=2026-09-08 added starline=0 jackpot=0 liveMarkets=57
[updater] today=2026-09-08 added starline=0 jackpot=0 liveMarkets=57
[updater] today=2026-09-08 added starline=0 jackpot=0 liveMarkets=57
[updater] today=2026-09-08 added starline=0 jackpot=0 liveMarkets=57
[updater] today=2026-09-08 added starline=0 jackpot=0 liveMarkets=57
[updater] today=2026-09-08 added starline=0 jackpot=0 liveMarkets=57
[updater] today=2026-09-08 added starline=0 jackpot=0 liveMarkets=57
[updater] today=2026-09-08 added starline=0 jackpot=0 liveMarkets=57
[updater] today=2026-09-08 added starline=0 jackpot=0 liveMarkets=57
[updater] today=2026-09-08 added starline=0 jackpot=0 liveMarkets=57
[updater] today=2026-09-08 added starline=0 jackpot=0 liveMarkets=57
[updater] today=2026-09-08 added starline=0 jackpot=0 liveMarkets=57
[updater] today=2026-09-08 added starline=0 jackpot=0 liveMarkets=57
[updater] today=2026-09-08 added starline=0 jackpot=0 liveMarkets=57
[updater] today=2026-09-08 added starline=0 jackpot=0 liveMarkets=57
[updater] today=2026-09-08 added starline=0 jackpot=0 liveMarkets=57
[updater] today=2026-09-08 added starline=0 jackpot=0 liveMarkets=57
[updater] today=2026-09-08 added starline=0 jackpot=0 liveMarkets=57
[updater] today=2026-09-08 added starline=0 jackpot=0 liveMarkets=57
[updater] today=2026-09-08 added starline=0 jackpot=0 liveMarkets=57
[updater] today=2026-09-08 added starline=0 jackpot=0 liveMarkets=57
[updater] today=2026-09-08 added starline=0 jackpot=0 liveMarkets=57
[updater] today=2026-09-08 added starline=0 jackpot=0 liveMarkets=57
[updater] today=2026-09-08 added starline=0 jackpot=0 liveMarkets=57
[updater] today=2026-09-08 added starline=0 jackpot=0 liveMarkets=57
[updater] today=2026-09-08 added starline=0 jackpot=0 liveMarkets=57
[updater] today=2026-09-08 added starline=0 jackpot=0 liveMarkets=57
[updater] today=2026-09-08 added starline=0 jackpot=1 liveMarkets=57
[updater] today=2026-09-08 added starline=0 jackpot=0 liveMarkets=57
[updater] today=2026-09-08 added starline=0 jackpot=0 liveMarkets=57
[updater] today=2026-09-08 added starline=0 jackpot=0 liveMarkets=57
[updater] today=2026-09-08 added starline=0 jackpot=0 liveMarkets=57
[updater] today=2026-09-08 added starline=0 jackpot=0 liveMarkets=57
[updater] today=2026-09-08 added starline=0 jackpot=0 liveMarkets=57
[updater] today=2026-09-08 added starline=0 jackpot=0 liveMarkets=57
[updater] today=2026-09-08 added starline=0 jackpot=0 liveMarkets=57
[updater] today=2026-09-08 added starline=0 jackpot=0 liveMarkets=57
[updater] today=2026-09-08 added starline=0 jackpot=0 liveMarkets=57
[updater] today=2026-09-08 added starline=0 jackpot=0 liveMarkets=57
[updater] today=2026-09-08 added starline=0 jackpot=0 liveMarkets=57
[updater] today=2026-09-08 added starline=0 jackpot=0 liveMarkets=57
[updater] today=2026-09-08 added starline=0 jackpot=0 liveMarkets=57
[updater] today=2026-09-08 added starline=0 jackpot=0 liveMarkets=57
[updater] today=2026-09-08 added starline=0 jackpot=0 liveMarkets=57
[updater] today=2026-09-08 added starline=0 jackpot=0 liveMarkets=57
[updater] today=2026-09-08 added starline=0 jackpot=0 liveMarkets=57
[updater] today=2026-09-08 added starline=0 jackpot=0 liveMarkets=57
[updater] today=2026-09-08 added starline=0 jackpot=0 liveMarkets=57
[updater] today=2026-09-08 added starline=0 jackpot=0 liveMarkets=57
[updater] today=2026-09-08 added starline=0 jackpot=0 liveMarkets=57
[updater] today=2026-09-08 added starline=0 jackpot=0 liveMarkets=57
[updater] today=2026-09-08 added starline=0 jackpot=0 liveMarkets=57
[updater] today=2026-09-08 added starline=0 jackpot=0 liveMarkets=57
[updater] today=2026-09-08 added starline=0 jackpot=0 liveMarkets=57
[updater] today=2026-09-08 added starline=0 jackpot=0 liveMarkets=57
[updater] today=2026-09-08 added starline=0 jackpot=0 liveMarkets=57
[updater] today=2026-09-08 added starline=0 jackpot=0 liveMarkets=57
[updater] today=2026-09-08 added starline=0 jackpot=0 liveMarkets=57
[updater] today=2026-09-08 added starline=0 jackpot=0 liveMarkets=57
[updater] today=2026-09-08 added starline=0 jackpot=0 liveMarkets=57
[updater] today=2026-09-08 added starline=0 jackpot=0 liveMarkets=57
[updater] today=2026-09-08 added starline=0 jackpot=0 liveMarkets=57
[updater] today=2026-09-08 added starline=0 jackpot=0 liveMarkets=57
[updater] today=2026-09-08 added starline=0 jackpot=0 liveMarkets=57
[updater] today=2026-09-08 added starline=0 jackpot=0 liveMarkets=57
[updater] today=2026-09-08 added starline=0 jackpot=0 liveMarkets=57
[updater] today=2026-09-08 added starline=0 jackpot=0 liveMarkets=57
[updater] today=2026-09-08 added starline=0 jackpot=0 liveMarkets=57
[updater] today=2026-09-08 added starline=0 jackpot=0 liveMarkets=57
[updater] today=2026-09-08 added starline=0 jackpot=0 liveMarkets=57
[updater] today=2026-09-08 added starline=0 jackpot=0 liveMarkets=57
[updater] today=2026-09-08 added starline=0 jackpot=0 liveMarkets=57
[updater] today=2026-09-08 added starline=0 jackpot=0 liveMarkets=57
[updater] today=2026-09-08 added starline=0 jackpot=0 liveMarkets=57
[updater] today=2026-09-08 added starline=0 jackpot=0 liveMarkets=57
[updater] today=2026-09-08 added starline=0 jackpot=0 liveMarkets=57
[updater] today=2026-09-08 added starline=0 jackpot=0 liveMarkets=57
[updater] today=2026-09-08 added starline=0 jackpot=0 liveMarkets=57
[updater] today=2026-09-08 added starline=0 jackpot=0 liveMarkets=57
[updater] today=2026-09-08 added starline=0 jackpot=0 liveMarkets=57
[updater] today=2026-09-08 added starline=0 jackpot=0 liveMarkets=57
[updater] today=2026-09-08 added starline=1 jackpot=0 liveMarkets=57
[updater] today=2026-09-08 added starline=0 jackpot=0 liveMarkets=57
[updater] today=2026-09-08 added starline=0 jackpot=0 liveMarkets=57
[updater] today=2026-09-08 added starline=0 jackpot=0 liveMarkets=57
[updater] today=2026-09-08 added starline=0 jackpot=0 liveMarkets=57
[updater] today=2026-09-08 added starline=0 jackpot=0 liveMarkets=57
[updater] today=2026-09-08 added starline=0 jackpot=0 liveMarkets=57
[updater] today=2026-09-08 added starline=0 jackpot=0 liveMarkets=57
[updater] today=2026-09-08 added starline=0 jackpot=0 liveMarkets=57
[updater] today=2026-09-08 added starline=0 jackpot=0 liveMarkets=57
[updater] today=2026-09-08 added starline=0 jackpot=0 liveMarkets=57
[updater] today=2026-09-08 added starline=0 jackpot=0 liveMarkets=57
[updater] today=2026-09-08 added starline=0 jackpot=0 liveMarkets=57
[updater] today=2026-09-08 added starline=0 jackpot=0 liveMarkets=57
[updater] today=2026-09-08 added starline=0 jackpot=0 liveMarkets=57
[updater] today=2026-09-08 added starline=0 jackpot=0 liveMarkets=57
[updater] today=2026-09-08 added starline=0 jackpot=0 liveMarkets=57
[updater] today=2026-09-08 added starline=0 jackpot=0 liveMarkets=57
[updater] today=2026-09-08 added starline=0 jackpot=0 liveMarkets=57
[updater] today=2026-09-08 added starline=0 jackpot=0 liveMarkets=57
[updater] today=2026-09-08 added starline=0 jackpot=0 liveMarkets=57
[updater] today=2026-09-08 added starline=0 jackpot=0 liveMarkets=57
[updater] today=2026-09-08 added starline=0 jackpot=0 liveMarkets=57
[updater] today=2026-09-08 added starline=0 jackpot=0 liveMarkets=57
[updater] today=2026-09-08 added starline=0 jackpot=0 liveMarkets=57
[updater] today=2026-09-08 added starline=0 jackpot=0 liveMarkets=57
[updater] today=2026-09-08 added starline=0 jackpot=0 liveMarkets=57
[updater] today=2026-09-08 added starline=0 jackpot=0 liveMarkets=57
[updater] today=2026-09-08 added starline=0 jackpot=0 liveMarkets=57
[updater] today=2026-09-08 added starline=0 jackpot=0 liveMarkets=57
[updater] today=2026-09-08 added starline=0 jackpot=0 liveMarkets=57
[updater] today=2026-09-08 added starline=0 jackpot=0 liveMarkets=57
[updater] today=2026-09-08 added starline=0 jackpot=0 liveMarkets=57
[updater] today=2026-09-08 added starline=0 jackpot=0 liveMarkets=57
[updater] today=2026-09-08 added starline=0 jackpot=0 liveMarkets=57
[updater] today=2026-09-08 added starline=0 jackpot=0 liveMarkets=57
[updater] today=2026-09-08 added starline=0 jackpot=0 liveMarkets=57
[updater] today=2026-09-08 added starline=0 jackpot=0 liveMarkets=57
[updater] today=2026-09-08 added starline=0 jackpot=0 liveMarkets=57
[updater] today=2026-09-08 added starline=0 jackpot=0 liveMarkets=57
[updater] today=2026-09-08 added starline=0 jackpot=0 liveMarkets=57
[updater] today=2026-09-08 added starline=0 jackpot=0 liveMarkets=57
[updater] today=2026-09-08 added starline=0 jackpot=0 liveMarkets=57
[updater] today=2026-09-08 added starline=0 jackpot=0 liveMarkets=57
[updater] today=2026-09-08 added starline=0 jackpot=0 liveMarkets=57
[updater] today=2026-09-08 added starline=0 jackpot=0 liveMarkets=57
[updater] today=2026-09-08 added starline=0 jackpot=0 liveMarkets=57
[updater] today=2026-09-08 added starline=0 jackpot=0 liveMarkets=57
[updater] today=2026-09-08 added starline=0 jackpot=0 liveMarkets=57
[updater] today=2026-09-08 added starline=0 jackpot=0 liveMarkets=57
[updater] today=2026-09-08 added starline=0 jackpot=0 liveMarkets=57
[updater] today=2026-09-08 added starline=0 jackpot=0 liveMarkets=57
[updater] today=2026-09-08 added starline=0 jackpot=0 liveMarkets=57
[updater] today=2026-09-08 added starline=0 jackpot=0 liveMarkets=57
[updater] today=2026-09-08 added starline=0 jackpot=1 liveMarkets=57
[updater] today=2026-09-08 added starline=0 jackpot=0 liveMarkets=57
[updater] today=2026-09-08 added starline=0 jackpot=0 liveMarkets=57
[updater] today=2026-09-08 added starline=0 jackpot=0 liveMarkets=57
[updater] today=2026-09-08 added starline=0 jackpot=0 liveMarkets=57
[updater] today=2026-09-08 added starline=0 jackpot=0 liveMarkets=57
[updater] today=2026-09-08 added starline=0 jackpot=0 liveMarkets=57
[updater] today=2026-09-08 added starline=0 jackpot=0 liveMarkets=57
[updater] today=2026-09-08 added starline=0 jackpot=0 liveMarkets=57
[updater] today=2026-09-08 added starline=0 jackpot=0 liveMarkets=57
[updater] today=2026-09-08 added starline=0 jackpot=0 liveMarkets=57
[updater] today=2026-09-08 added starline=0 jackpot=0 liveMarkets=57
[updater] today=2026-09-08 added starline=0 jackpot=0 liveMarkets=57
[updater] today=2026-09-08 added starline=0 jackpot=0 liveMarkets=57
[updater] today=2026-09-08 added starline=0 jackpot=0 liveMarkets=57
[updater] today=2026-09-08 added starline=0 jackpot=0 liveMarkets=57
[updater] today=2026-09-08 added starline=0 jackpot=0 liveMarkets=57
[updater] today=2026-09-08 added starline=0 jackpot=0 liveMarkets=57
[updater] today=2026-09-08 added starline=0 jackpot=0 liveMarkets=57
[updater] today=2026-09-08 added starline=0 jackpot=0 liveMarkets=57
[updater] today=2026-09-08 added starline=0 jackpot=0 liveMarkets=57
[updater] today=2026-09-08 added starline=0 jackpot=0 liveMarkets=57
[updater] today=2026-09-08 added starline=0 jackpot=0 liveMarkets=57
[updater] today=2026-09-08 added starline=0 jackpot=0 liveMarkets=57
[updater] today=2026-09-08 added starline=0 jackpot=0 liveMarkets=57
[updater] today=2026-09-08 added starline=0 jackpot=0 liveMarkets=57
[updater] today=2026-09-08 added starline=0 jackpot=0 liveMarkets=57
[updater] today=2026-09-08 added starline=0 jackpot=0 liveMarkets=57
[updater] today=2026-09-08 added starline=0 jackpot=0 liveMarkets=57
[updater] today=2026-09-08 added starline=0 jackpot=0 liveMarkets=57
[updater] today=2026-09-08 added starline=0 jackpot=0 liveMarkets=57
[updater] today=2026-09-08 added starline=0 jackpot=0 liveMarkets=57
[updater] today=2026-09-08 added starline=0 jackpot=0 liveMarkets=57
[updater] today=2026-09-08 added starline=0 jackpot=0 liveMarkets=57
[updater] today=2026-09-08 added starline=0 jackpot=0 liveMarkets=57
[updater] today=2026-09-08 added starline=0 jackpot=0 liveMarkets=57
[updater] today=2026-09-08 added starline=0 jackpot=0 liveMarkets=57
[updater] today=2026-09-08 added starline=0 jackpot=0 liveMarkets=57
[updater] today=2026-09-08 added starline=0 jackpot=0 liveMarkets=57
[updater] today=2026-09-08 added starline=0 jackpot=0 liveMarkets=57
[updater] today=2026-09-08 added starline=0 jackpot=0 liveMarkets=57
[updater] today=2026-09-08 added starline=0 jackpot=0 liveMarkets=57
[updater] today=2026-09-08 added starline=0 jackpot=0 liveMarkets=57
[updater] today=2026-09-08 added starline=0 jackpot=0 liveMarkets=57
[updater] today=2026-09-08 added starline=0 jackpot=0 liveMarkets=57
[updater] today=2026-09-08 added starline=0 jackpot=0 liveMarkets=57
[updater] today=2026-09-08 added starline=0 jackpot=0 liveMarkets=57
[updater] today=2026-09-08 added starline=0 jackpot=0 liveMarkets=57
[updater] today=2026-09-08 added starline=0 jackpot=0 liveMarkets=57
[updater] today=2026-09-08 added starline=0 jackpot=0 liveMarkets=57
[updater] today=2026-09-08 added starline=0 jackpot=0 liveMarkets=57
[updater] today=2026-09-08 added starline=0 jackpot=0 liveMarkets=57
[updater] today=2026-09-08 added starline=0 jackpot=0 liveMarkets=57
[updater] today=2026-09-08 added starline=0 jackpot=0 liveMarkets=57
[updater] today=2026-09-08 added starline=0 jackpot=0 liveMarkets=57
[updater] today=2026-09-09 added starline=0 jackpot=0 liveMarkets=57
[updater] today=2026-09-09 added starline=0 jackpot=0 liveMarkets=57
[updater] today=2026-09-09 added starline=0 jackpot=0 liveMarkets=57
[updater] today=2026-09-09 added starline=0 jackpot=0 liveMarkets=57
[updater] today=2026-09-09 added starline=0 jackpot=0 liveMarkets=57
[updater] today=2026-09-09 added starline=0 jackpot=0 liveMarkets=57
[updater] today=2026-09-09 added starline=0 jackpot=0 liveMarkets=57
[updater] today=2026-09-09 added starline=0 jackpot=0 liveMarkets=57
[updater] today=2026-09-09 added starline=0 jackpot=0 liveMarkets=57
[updater] today=2026-09-09 added starline=0 jackpot=0 liveMarkets=57
[updater] today=2026-09-09 added starline=0 jackpot=0 liveMarkets=57
[updater] today=2026-09-09 added starline=0 jackpot=0 liveMarkets=57
[updater] today=2026-09-09 added starline=0 jackpot=0 liveMarkets=57
[updater] today=2026-09-09 added starline=0 jackpot=0 liveMarkets=57
[updater] today=2026-09-09 added starline=0 jackpot=0 liveMarkets=57
[updater] today=2026-09-09 added starline=0 jackpot=0 liveMarkets=57
[updater] today=2026-09-09 added starline=0 jackpot=0 liveMarkets=57
[updater] today=2026-09-09 added starline=0 jackpot=0 liveMarkets=57
[updater] today=2026-09-09 added starline=0 jackpot=0 liveMarkets=57
[updater] today=2026-09-09 added starline=0 jackpot=0 liveMarkets=57
[updater] today=2026-09-09 added starline=0 jackpot=0 liveMarkets=57
[updater] today=2026-09-09 added starline=0 jackpot=0 liveMarkets=57
[updater] today=2026-09-09 added starline=0 jackpot=0 liveMarkets=57
[updater] today=2026-09-09 added starline=0 jackpot=0 liveMarkets=57
[updater] today=2026-09-09 added starline=0 jackpot=0 liveMarkets=57
[updater] today=2026-09-09 added starline=0 jackpot=0 liveMarkets=57
[updater] today=2026-09-09 added starline=0 jackpot=0 liveMarkets=57
[updater] today=2026-09-09 added starline=0 jackpot=0 liveMarkets=57
[updater] today=2026-09-09 added starline=0 jackpot=0 liveMarkets=57
[updater] today=2026-09-09 added starline=0 jackpot=0 liveMarkets=57
[updater] today=2026-09-09 added starline=0 jackpot=0 liveMarkets=57
[updater] today=2026-09-09 added starline=0 jackpot=0 liveMarkets=57
[updater] today=2026-09-09 added starline=0 jackpot=0 liveMarkets=57
[updater] today=2026-09-09 added starline=0 jackpot=0 liveMarkets=57
[updater] today=2026-09-09 added starline=0 jackpot=0 liveMarkets=57
[updater] today=2026-09-09 added starline=0 jackpot=0 liveMarkets=57
[updater] today=2026-09-09 added starline=0 jackpot=0 liveMarkets=57
[updater] today=2026-09-09 added starline=0 jackpot=0 liveMarkets=57
[updater] today=2026-09-09 added starline=0 jackpot=0 liveMarkets=57
[updater] today=2026-09-09 added starline=0 jackpot=0 liveMarkets=57
[updater] today=2026-09-09 added starline=0 jackpot=0 liveMarkets=57
[updater] today=2026-09-09 added starline=0 jackpot=0 liveMarkets=57
[updater] today=2026-09-09 added starline=0 jackpot=0 liveMarkets=57
[updater] today=2026-09-09 added starline=0 jackpot=0 liveMarkets=57
[updater] today=2026-09-09 added starline=0 jackpot=0 liveMarkets=57
[updater] today=2026-09-09 added starline=0 jackpot=0 liveMarkets=57
